Year,Month,MonthIndex,Region,Segment,RevenueLag1,RevenueLag2,RevenueLag3,AvgDealSize,MonthlyTotalRevenue
2023,12,47,Central,Large,336955.5397,429430.7845,322033.0414,35148.226,667816.2938
2023,12,47,Central,Large,417392.8878,570452.9523,273700.3949,28954.7315,608049.3622
2023,12,47,West,Strategic,514937.026,276671.941,250577.551,26326.4714,447550.014
2023,12,47,East,Large,427691.0506,565428.5538,225891.7117,27865.6447,306522.0918
2023,12,47,Central,Small & Medium,249032.457,795219.4397,453374.5735,31188.1636,343069.7997
2023,12,47,Central,Small & Medium,460740.3768,350271.2129,411913.8369,32325.9367,484889.0512
2023,12,47,East,Small & Medium,562952.7926,227584.256,383338.3182,30245.6395,453684.5926
2023,12,47,Central,Strategic,526311.5916,320474.214,451672.0519,27167.0537,353171.6981
2023,12,47,Central,Large,415934.5476,457012.2688,347494.3046,28155.5338,506799.6085
2023,12,47,Central,Small & Medium,376897.3058,529367.0475,518501.4338,25408.5361,431945.114
2023,12,47,Central,Small & Medium,301072.046,577349.6307,425199.5551,31104.4505,528775.6588
2023,12,47,Central,Strategic,472289.6141,491938.4482,450612.5353,32279.1111,419628.4449
2023,12,47,Central,Large,416731.8473,594380.7061,529129.1323,26444.3125,608219.1879
2023,12,47,East,Small & Medium,567457.7224,314791.1677,505066.4984,27257.8752,190805.1263
2023,12,47,East,Large,521741.071,555297.1229,273386.4903,28497.3935,484455.6901
2023,12,47,Central,Strategic,585268.7548,358024.2852,556942.3957,33971.361,577513.1369
2023,12,47,East,Strategic,434068.2075,531250.973,258575.9668,27095.5694,379337.9709
2023,12,47,East,Small & Medium,310912.5675,307798.615,296561.1499,24760.8741,297130.4891
2023,12,47,East,Large,732708.4379,499689.9404,299794.8386,31133.9536,467009.3034
2023,12,47,Central,Strategic,720924.961,295922.4351,338651.2951,27294.5919,327535.1024
2023,12,47,East,Large,560596.7047,351491.151,394191.0874,27887.2137,446195.4187
2023,12,47,East,Small & Medium,458444.3269,602935.7573,539568.9154,25270.2688,353783.7638
2023,12,47,Central,Strategic,259938.6918,279436.6902,427455.4156,34443.7698,551100.3171
2023,12,47,West,Large,447861.6761,503084.7691,267588.9444,32731.1997,654623.9945
2023,12,47,East,Strategic,387353.38,569293.7096,400375.7216,32296.1976,419850.5683
2023,12,47,West,Strategic,494807.7228,292488.7537,381402.4988,31106.5057,435491.0802
2023,12,47,West,Small & Medium,473771.7099,322464.0753,293670.5743,28024.6515,308271.1661
2023,12,47,West,Large,350072.8641,301429.6529,488519.8539,36112.1666,722243.3326
2023,12,47,East,Small & Medium,221502.8287,396303.3489,590902.664,34857.81,662298.3904
2023,12,47,East,Large,295726.765,369666.0486,342906.5694,32016.1379,608306.6199
2023,12,47,Central,Large,535064.8091,490643.796,463644.2134,27692.0193,387688.2703
2023,12,47,East,Large,685657.5193,311800.6223,248873.5994,30151.374,542724.7317
2023,12,47,East,Strategic,535260.3294,539838.904,551560.001,33534.3692,469481.1684
2023,12,47,East,Strategic,474164.4923,241743.3431,325930.3984,24928.64,423786.8799
2023,12,47,East,Large,524220.7939,293416.5855,479622.7784,23860.3691,214743.3217
2023,12,47,Central,Small & Medium,597791.8652,312905.9627,333742.1556,27793.7573,500287.6314
2023,12,47,Central,Small & Medium,412209.412,582124.1889,479709.4705,33763.4755,438925.182
2023,12,47,East,Strategic,318243.1762,537501.3817,434924.0329,26799.8834,294798.7171
2023,12,47,East,Large,520824.7893,404412.6025,444152.2131,32365.2428,323652.4283
2023,12,47,East,Large,666112.5995,508715.9252,582223.8515,27965.2595,279652.5951
2023,12,47,East,Strategic,329578.7065,268850.6483,400636.1024,27024.272,459412.6244
2023,12,47,Central,Strategic,355421.7945,769630.8512,461629.2965,26789.1758,321470.1095
2023,12,47,Central,Large,391826.2182,645284.2425,347157.7099,29134.5162,582690.3237
2023,12,47,West,Large,373345.6784,512337.729,444569.6832,27700.6389,498611.5009
2023,12,47,Central,Large,693737.9955,293143.5693,530708.1224,36371.665,436459.9797
2023,12,47,East,Small & Medium,532350.8588,302704.2884,514402.7824,32163.7221,450292.1089
2023,12,47,West,Large,548383.6659,234233.1031,480306.3632,28183.6645,338203.9743
2023,12,47,West,Strategic,706645.9129,269560.1778,498414.7218,30419.2083,334611.2914
2023,12,47,Central,Strategic,314233.4574,664544.731,351776.9183,30597.8453,581359.0605
2023,12,47,Central,Strategic,626968.3713,650699.2255,182829.3527,30615.224,459228.3605
2023,12,47,Central,Strategic,405752.3568,635854.6254,319539.7629,34038.0827,374418.9093
2023,12,47,Central,Strategic,644080.2713,328054.7747,284537.3092,31831.2848,541131.8415
2023,12,47,Central,Strategic,360088.7981,289414.6393,281526.881,27685.5498,332226.5981
2023,12,47,East,Strategic,542759.2495,699127.8204,587760.5874,29965.9936,779115.8335
2023,12,47,Central,Small & Medium,504663.4696,385427.5904,466335.0415,27066.2082,405993.1226
2023,12,47,West,Strategic,396125.444,250705.407,576402.6108,26334.6075,368684.5053
2023,12,47,East,Small & Medium,231908.749,644201.3979,413819.9893,32101.8392,513629.4275
2023,12,47,Central,Small & Medium,697875.3517,331399.7112,487139.6133,20703.7299,269148.4884
2023,12,47,East,Strategic,427190.5984,964210.852,598680.2204,29840.1499,477442.3985
2023,12,47,West,Small & Medium,503599.7433,527179.9897,330401.9411,27063.3858,460077.5579
2023,12,47,Central,Strategic,597113.4095,360199.7715,374620.2877,26183.098,392746.4706
2023,12,47,East,Strategic,393076.3882,553351.0971,323981.2488,34129.8604,682597.2087
2023,12,47,East,Strategic,523170.4672,417988.3191,337331.1573,33924.6188,644567.7567
2023,12,47,Central,Large,659079.777,477967.2728,358069.8402,29247.2442,380214.1741
2023,12,47,East,Strategic,533761.753,479212.7061,455631.6617,28792.9649,489480.4028
2023,12,47,East,Small & Medium,573352.1148,444752.8617,449743.1564,31585.0172,505360.2746
2023,12,47,East,Strategic,484543.0794,354327.9002,618424.3226,27766.4402,527562.3642
2023,12,47,Central,Strategic,359612.0368,561622.8478,656219.6177,28555.4751,399776.651
2023,12,47,East,Strategic,325468.2342,502448.4851,299151.5282,29885.1412,687358.2466
2023,12,47,West,Large,405846.5853,271425.9265,473818.1212,31154.4308,591934.1843
2023,12,47,West,Large,442410.05,312525.274,559745.25,31529.0957,378349.1479
2023,12,47,East,Large,338327.8295,450143.6903,301311.5432,28857.4614,317432.0754
2023,12,47,East,Strategic,566373.031,507993.8144,496553.9364,29740.8956,446113.4347
2023,12,47,Central,Small & Medium,459235.3569,434537.9647,603859.734,33877.4824,406529.789
2023,12,47,West,Small & Medium,362584.3032,387026.6211,624239.3968,35465.8538,248260.9763
2023,12,47,Central,Small & Medium,497131.0338,700546.8843,552816.594,29442.7275,618297.2765
2023,12,47,Central,Strategic,430355.8458,331018.6,368151.2509,30299.4974,424192.9633
2023,12,47,East,Large,433453.0985,431135.8464,398663.5925,30689.0487,398957.6325
2023,12,47,West,Large,387138.5328,503931.8355,189630.4308,32458.9655,584261.3789
2023,12,47,West,Strategic,721946.9115,570712.4554,417848.5534,29859.1084,597182.1676
2023,12,47,West,Strategic,479673.6382,497833.2878,542037.1667,34349.9862,309149.8761
2023,12,47,West,Large,676428.4723,595825.9629,508636.1376,31024.7104,713568.3403
2023,12,47,West,Strategic,470978.9233,399588.7195,522598.7095,30261.5724,635493.0206
2023,12,47,East,Strategic,455477.6921,651689.6766,504912.5971,37093.039,296744.3116
2023,12,47,East,Strategic,671486.173,561443.0608,368625.5475,31669.5173,506712.2773
2023,12,47,East,Large,598087.9499,615433.5908,431137.6373,31508.4202,504134.7239
2023,12,47,East,Strategic,368949.2902,358514.9839,450360.0351,29712.1483,475394.372
2023,12,47,West,Large,408691.3863,420137.325,604734.771,33059.9245,231419.4717
2023,12,47,East,Strategic,368228.375,481214.5549,514926.6941,31744.6728,571404.11
2023,12,47,East,Strategic,463181.3685,330920.7797,595551.1284,27756.3245,444101.1918
2023,12,47,East,Strategic,613235.6675,312220.3712,470823.912,34154.2979,444005.8729
2023,12,47,East,Strategic,359192.7783,347572.6532,597190.3601,27878.1529,641197.5163
2023,12,47,East,Strategic,432742.2149,389685.385,542971.2769,30703.781,736890.7451
2023,12,47,West,Large,718906.1142,437947.3448,469720.1852,31050.0924,714152.1247
2023,12,47,East,Large,690838.5122,539278.9036,392307.4477,27377.5462,438040.7393
2023,12,47,East,Large,314519.0277,371642.2554,388268.3416,25353.324,304239.8875
2023,12,47,East,Strategic,455051.6985,488195.2837,508324.0576,31940.3135,574925.6421
2023,12,47,East,Large,217284.4594,447120.4684,386224.6875,29213.8209,525848.7768
2023,12,47,East,Large,361760.87,497368.7074,592497.2529,34217.8937,650139.98
2023,12,47,Central,Small & Medium,714132.2382,612398.7451,604310.9739,32708.0207,719576.4553
2023,12,47,West,Large,310300.8428,477999.6147,513575.7067,25754.0143,334802.1855
2023,12,47,Central,Large,457106.6102,393072.3242,424413.3458,28583.6794,457338.8703
2023,12,47,East,Strategic,521940.093,408414.9356,430000.7095,30127.2192,512162.7265
2023,12,47,West,Strategic,399151.0043,530296.0031,463511.0793,28327.1553,509888.7954
2023,12,47,Central,Strategic,456372.4934,324627.7943,553977.7583,29672.5718,712141.7242
2023,12,47,Central,Small & Medium,493333.6012,574617.0993,406433.8296,30798.402,338782.4217
2023,12,47,Central,Strategic,546968.9759,155840.9703,471398.6269,31553.3043,694172.6949
2023,12,47,West,Strategic,576447.6621,448762.855,296956.9291,27477.1443,439634.3088
2023,12,47,East,Strategic,558174.5451,411230.0067,483598.7981,34457.1331,792514.0616
2023,12,47,Central,Strategic,454696.8828,354988.1418,629891.761,31604.8048,442467.2665
2023,12,47,West,Large,355328.4468,631685.4244,570165.4351,29361.1182,616583.4817
2023,12,47,East,Strategic,287851.009,504391.8633,588426.796,31504.4632,283540.1684
2023,12,47,Central,Large,351084.9663,637901.7296,418888.3686,27693.8152,470794.8588
2023,12,47,West,Small & Medium,599176.5375,421284.5995,398660.8532,28864.3814,346372.5765
2023,12,47,Central,Small & Medium,438258.4034,415883.328,709513.0591,30737.585,491801.3595
2023,12,47,Central,Small & Medium,453454.401,191995.097,595823.0658,27800.4666,528208.8651
2023,12,47,East,Large,314465.7733,581465.5696,504192.7229,36647.0561,403117.6175
2023,12,47,East,Large,508436.1035,549618.7432,848903.0996,31575.8003,410485.4044
2023,12,47,East,Large,592864.009,578536.1163,293308.1444,27006.4116,621147.4671
2023,12,47,East,Strategic,438018.5468,474999.3561,400271.0744,32557.6263,716267.7781
2023,12,47,West,Large,348083.3155,432698.6068,386858.2702,28546.5022,542383.5419
2023,12,47,Central,Large,395063.8368,613258.4125,403674.5817,34806.0023,626508.0413
2023,12,47,East,Strategic,452800.3857,383345.4858,457540.2333,29935.9141,359230.9687
2023,12,47,West,Large,332646.6544,241385.3866,545543.7912,36937.709,443252.5074
2023,12,47,West,Strategic,300783.2541,274912.8979,607467.2148,32627.7295,619926.8602
2023,12,47,East,Strategic,474443.3048,501837.9503,500642.3616,28793.9891,374321.8579
2023,12,47,East,Strategic,620848.1225,527028.2562,462309.933,33217.1975,564692.3583
2023,12,47,Central,Strategic,433257.1243,253180.446,483907.0648,29029.5426,464472.6812
2023,12,47,East,Large,709074.6555,461631.503,506894.1153,32769.3313,524309.3015
2023,12,47,East,Large,442724.2513,452034.2744,284423.9446,27663.2854,553265.708
2023,12,47,East,Large,503861.6957,419578.0274,633806.6114,28678.6672,315465.3389
2023,12,47,East,Strategic,369639.5634,705981.1096,423493.333,25885.6448,621255.4758
2023,12,47,East,Strategic,392180.9598,220129.7171,315066.9312,27807.8471,389309.8588
2023,12,47,East,Large,370200.5587,440318.0695,406058.1162,33347.5303,500212.9545
2023,12,47,East,Strategic,404406.1101,532701.0877,489415.5701,30589.9195,520028.6314
2023,12,47,East,Small & Medium,823881.6667,495397.6239,462851.4645,30604.527,489672.4313
2023,12,47,West,Strategic,443576.7831,228344.8116,511806.9644,30565.7359,580748.9827
2023,12,47,West,Small & Medium,257609.9265,471177.2001,641866.8832,33677.9143,572524.5431
2023,12,47,East,Small & Medium,428191.2733,632582.4838,462230.0908,33671.7402,471404.363
2023,12,47,East,Strategic,519181.3925,426373.9123,487597.0705,30945.8465,649862.7764
2023,12,47,East,Small & Medium,387442.9478,529019.484,287206.572,28729.4043,373482.2557
2023,12,47,East,Small & Medium,393908.4893,375187.8213,486665.879,34267.7793,582552.2479
2023,12,47,East,Small & Medium,306016.8714,317998.2417,394608.4043,31644.8059,537961.7007
2023,12,47,East,Large,580958.2347,612683.2519,319608.6467,30997.9265,464968.8982
2023,12,47,Central,Small & Medium,523699.9383,458683.5221,816111.7872,26589.8703,319078.4433
2023,12,47,Central,Strategic,711831.6262,218556.7697,395477.9855,24127.776,193022.2077
2023,12,47,Central,Large,341183.7964,624800.3529,401277.23,27940.5785,335286.9422
2023,12,47,West,Large,625035.7386,640757.7652,479192.17,31449.0678,503185.0849
2023,12,47,Central,Strategic,589085.5194,375930.7321,550503.4831,36210.5695,398316.2644
2023,12,47,Central,Strategic,437366.006,552302.7243,351815.6899,24361.7792,511597.3638
2023,12,47,East,Large,431044.5632,299120.8237,443279.3164,30287.401,666322.8213
2023,12,47,Central,Small & Medium,300262.8894,410362.6733,618605.6625,23901.8435,286822.1224
2023,12,47,West,Large,542548.9995,480426.1528,452671.7502,26141.3134,418261.0141
2023,12,47,West,Large,444940.5484,524813.9,640735.9129,31870.5071,414316.5921
2023,12,47,East,Strategic,523079.373,534233.1105,306424.178,35150.8002,562412.8034
2023,12,47,East,Strategic,358673.8651,622003.9151,334131.0327,33235.0995,398821.1941
2023,12,47,East,Large,418612.6312,483317.1843,620564.8676,28936.4111,665537.4557
2023,12,47,West,Small & Medium,443413.5003,344993.9333,380296.7809,26901.0297,564921.6246
2023,12,47,Central,Small & Medium,393040.525,613121.2452,615438.3427,26764.2414,428227.8622
2023,12,47,West,Large,540393.8088,480870.0244,190203.6911,30578.7264,580995.8012
2023,12,47,West,Large,272150.2795,488622.5599,516717.2911,32508.5921,422611.6975
2023,12,47,West,Small & Medium,366693.3439,286880.0645,519757.3846,30464.4811,426502.7358
2023,12,47,Central,Small & Medium,734163.4969,304538.9361,425925.7003,28352.5297,425287.9459
2023,12,47,East,Small & Medium,500608.8819,255077.8118,567416.0853,28607.8627,543549.3917
2023,12,47,West,Strategic,533326.9664,468221.7349,382067.4185,28310.4306,537898.1813
2023,12,47,West,Small & Medium,253866.5119,464632.7474,496164.8704,27607.5377,496935.6794
2023,12,47,West,Small & Medium,474673.9542,676922.2486,380745.6866,26400.8503,264008.5031
2023,12,47,East,Large,557935.7066,659229.7798,579767.7054,33137.1474,497057.2111
2023,12,47,Central,Small & Medium,348548.0981,433888.6428,201742.0865,27055.7003,487002.6048
2023,12,47,West,Small & Medium,443541.0292,475294.943,477835.4281,34453.2736,826878.566
2023,12,47,East,Small & Medium,368472.4315,558865.0239,545809.1517,27702.6201,387836.6809
2023,12,47,West,Strategic,272085.9319,462491.7823,616474.3644,31679.5579,221756.9055
2023,12,47,East,Strategic,554970.3895,538713.2639,266561.3102,31481.2688,346293.9573
2023,12,47,Central,Large,501641.7905,634634.468,452406.0775,29791.033,744775.8242
2023,12,47,East,Large,429650.713,281913.3586,364093.4077,32350.0498,582300.8967
2023,12,47,West,Large,443103.7452,649759.4103,636209.882,31196.9738,561545.5277
2023,12,47,West,Strategic,388751.2684,544095.4223,362021.353,31248.0419,624960.8373
2023,12,47,East,Strategic,507792.4906,578926.9832,424508.3576,22832.6494,273991.7923
2023,12,47,East,Large,424768.2546,449985.6446,489636.3412,29894.1298,508200.2063
2023,12,47,Central,Strategic,684424.7067,450948.6664,481422.0417,28829.3421,490098.8164
2023,12,47,Central,Small & Medium,566335.0408,320909.9861,375768.1561,28766.1371,604088.8799
2023,12,47,Central,Strategic,420979.7083,403559.8311,485796.3051,29040.7261,406570.166
2023,12,47,West,Small & Medium,481542.7242,500771.9533,456574.1608,37164.7664,743295.3288
2023,12,47,East,Large,424962.2213,561218.9882,346424.5298,34023.2012,544371.219
2023,12,47,East,Strategic,317841.9438,527400.668,313978.4309,25867.3787,155204.2719
2023,12,47,Central,Strategic,947600.8141,429631.9904,561384.8744,32789.6512,459055.1162
2023,12,47,East,Large,346124.2192,375178.9626,398883.2689,38198.5223,534779.3119
2023,12,47,Central,Large,728477.7208,576085.7928,422791.0655,32319.2014,452468.82
2023,12,47,West,Large,501149.4279,442426.5876,548262.9387,33817.8226,507267.339
2023,12,47,West,Small & Medium,477761.315,348856.5521,391113.4004,33320.8127,366528.9393
2023,12,47,East,Strategic,459368.887,472426.7106,660217.0557,24452.9379,293435.2546
2023,12,47,Central,Strategic,549761.5185,653637.9456,482803.7194,25580.1161,460442.0905
2023,12,47,East,Strategic,469633.8477,210783.255,423945.674,25654.3248,436123.5215
2023,12,47,Central,Small & Medium,658904.7715,570600.6622,447893.2587,30000.0358,450000.5377
2023,12,47,West,Strategic,414866.7694,665609.8538,406938.6671,25248.5642,555468.4121
2023,12,47,Central,Small & Medium,404866.056,416955.059,431251.1129,31104.3567,715400.2047
2023,12,47,Central,Small & Medium,216554.6266,252407.3325,431454.4349,34471.6646,517074.9696
2023,12,47,West,Large,376623.4334,440419.1637,520191.1222,25722.7626,308673.151
2023,12,47,East,Small & Medium,559570.0245,276756.8037,270497.1242,27761.0746,499699.343
2023,12,47,Central,Large,395482.6903,629349.2678,437557.0996,34170.0517,888421.3437
2023,12,47,West,Strategic,348180.8465,301050.8392,614418.9756,30597.6673,764941.6816
2023,12,47,East,Strategic,420694.8324,408416.8638,412858.6182,28328.0599,509905.0783
2023,12,47,Central,Strategic,499120.9933,379429.8209,537940.6203,29588.0962,355057.154
2023,12,47,Central,Strategic,461091.8939,338990.2502,199054.8901,28798.7505,431981.2568
2023,12,47,East,Strategic,725894.5801,493479.3488,397638.0703,29995.1144,299951.1437
2023,12,47,Central,Large,533613.0063,463645.8356,521538.755,34963.1352,384594.4868
2023,12,47,Central,Strategic,320476.1915,645523.7108,460441.9366,31607.8655,474117.9828
2023,12,47,West,Small & Medium,397848.0108,467352.0135,391615.6308,36618.9422,585903.0748
2023,12,47,Central,Large,359973.3808,560753.2904,368690.1175,29480.2391,324282.6304
2023,12,47,East,Strategic,363406.6256,441467.6841,806021.0217,29463.4354,500878.4015
2023,12,47,Central,Large,594205.9382,379797.899,447397.9855,28133.4438,422001.657
2023,12,47,East,Strategic,527776.5904,427525.0518,791078.9723,30145.8057,301458.0567
2023,12,47,Central,Large,443668.9863,495665.3977,532929.4327,30320.2388,636725.0157
2023,12,47,Central,Large,329544.6452,437570.1863,551371.5099,33695.7062,438044.1812
2023,12,47,Central,Strategic,429422.3731,531953.8135,323801.8039,26375.0293,580250.645
2023,12,47,Central,Strategic,266333.6485,370293.7234,407525.1148,28700.6922,401809.6901
2023,12,47,West,Small & Medium,461373.7515,316070.2734,642888.9928,30139.0304,421946.4258
2023,12,47,Central,Strategic,356500.8898,568507.9118,690094.4024,31925.1251,510802.0015
2023,12,47,Central,Small & Medium,579329.0246,323710.8216,598857.7614,33397.171,267177.3677
2023,12,47,East,Strategic,360216.8111,482269.3188,475852.847,32869.3947,361563.3422
2023,12,47,East,Strategic,791094.7762,490552.5981,593194.7175,32567.5841,455946.1771
2023,12,47,Central,Strategic,437787.3435,432520.3398,344720.0747,26753.7894,267537.8938
2023,12,47,Central,Large,640859.4878,228920.0205,821974.9529,31905.8664,542399.7289
2023,12,47,West,Large,299136.6705,553096.8253,362770.6841,34608.9849,692179.6987
2023,12,47,Central,Large,581439.9514,743960.5992,413201.1587,31399.5275,470992.912
2023,12,47,Central,Large,217145.7615,621097.5062,397836.7391,25510.9208,331641.9708
2023,12,47,Central,Strategic,321775.8678,485008.5615,368858.361,34708.081,555329.2967
2023,12,47,Central,Small & Medium,631095.4583,654768.9446,430373.1334,29838.5287,387900.8733
2023,12,47,East,Large,499231.3172,419288.8544,481706.965,33441.6034,501624.0509
2023,12,47,East,Large,360004.4753,414829.6419,580417.9562,26747.0759,294217.8345
2023,12,47,Central,Large,804575.8989,474816.9199,819304.7394,30208.0643,604161.2861
2023,12,47,East,Strategic,584023.1544,474833.6724,437663.8656,29489.4622,501320.8566
2023,12,47,Central,Strategic,444730.6538,578174.0852,326892.0361,25784.122,412545.952
2023,12,47,Central,Large,217402.8297,389053.5858,242110.4023,25250.6753,252506.7529
2023,12,47,East,Strategic,659653.0539,425684.4696,414911.0861,34593.5646,657277.727
2023,12,47,Central,Strategic,416760.2135,403263.8801,588440.4375,28250.9381,254258.4432
2023,12,47,Central,Large,301355.893,459666.5699,480958.8225,32110.0972,513761.5553
2023,12,47,Central,Small & Medium,621839.5209,368335.0525,581555.3658,29312.3873,615560.1336
2023,12,47,Central,Large,687866.8727,446216.4808,464238.3704,30415.6443,456234.6648
2023,12,47,Central,Large,773501.5833,421142.3232,461416.1434,32843.9677,788255.2242
2023,12,47,Central,Large,403180.7249,534353.2502,490495.9221,35174.192,316567.7281
2023,12,47,Central,Small & Medium,364803.8778,346260.6271,388872.4291,24594.9946,295139.9357
2023,12,47,West,Large,542578.4959,491413.1863,335770.9767,28550.8973,428263.4595
2023,12,47,Central,Large,368788.8345,435759.0678,775795.6596,34018.9615,510284.4222
2023,12,47,Central,Strategic,483080.8334,355799.8035,415685.8653,31815.9934,477239.901
2023,12,47,Central,Strategic,292142.6983,647639.0673,524487.1669,26691.7598,293609.3582
2023,12,47,East,Strategic,382418.4465,274098.6727,627217.3743,27554.7925,358212.3024
2023,12,47,East,Small & Medium,542642.7867,400809.134,484122.983,30508.8554,793230.2409
2023,12,47,Central,Strategic,670658.3324,508938.4895,496882.0684,29067.9595,552291.2303
2023,12,47,Central,Strategic,509729.6627,481551.5442,639541.1803,30823.459,554822.2628
2023,12,47,East,Small & Medium,429070.1888,536690.7217,556087.7126,30674.6638,368095.9658
2023,12,47,Central,Small & Medium,373299.1045,296717.2704,342337.3342,32473.0681,324730.6805
2023,12,47,East,Large,621288.4922,601155.2876,320571.4269,25492.2153,331398.7984
2023,12,47,East,Small & Medium,275699.635,747683.2195,408262.7193,30206.9312,453103.9675
2023,12,47,East,Small & Medium,561816.6923,286353.4339,309281.8298,30701.9894,521933.8201
2024,1,48,Central,Strategic,194290.275,243964.599,453253.9088,34821.4888,243750.4215
2024,1,48,East,Strategic,242594.8063,337278.6464,332012.8632,27232.7502,544655.0033
2024,1,48,Central,Strategic,724508.96,471719.6886,566705.3972,25173.5511,302082.6135
2024,1,48,West,Large,534355.5889,341843.2081,580969.5739,27862.5326,501525.587
2024,1,48,Central,Large,468810.0557,161281.6479,347872.9755,35516.5494,816880.6359
2024,1,48,West,Strategic,299745.6422,574277.9938,417067.6561,27743.3534,416150.3004
2024,1,48,East,Large,380702.3751,374642.4709,773610.7522,28456.1493,796772.1801
2024,1,48,East,Large,249105.4333,769509.5728,498607.8745,31020.0188,434280.2629
2024,1,48,East,Small & Medium,671946.2122,516214.4015,565905.5575,31648.758,538028.8855
2024,1,48,West,Strategic,662491.4928,524830.226,329176.052,31709.234,665893.9136
2024,1,48,Central,Strategic,428840.4547,149192.4046,410607.988,30056.9619,541025.3146
2024,1,48,Central,Strategic,410286.353,191475.7362,368113.6909,33340.7962,600134.3321
2024,1,48,East,Strategic,824332.7639,635357.0873,494836.6523,32954.272,626131.1684
2024,1,48,West,Strategic,601486.4078,428186.5388,531665.6309,30598.8399,611976.7979
2024,1,48,West,Large,333838.1606,636351.8153,316697.3246,29389.7578,499625.882
2024,1,48,East,Strategic,791808.1802,265764.4658,300235.9398,30282.7011,666219.4249
2024,1,48,West,Strategic,423781.0043,425639.4565,556796.6867,31593.3081,568679.5451
2024,1,48,West,Strategic,460718.4242,599632.9405,370471.6036,32817.5571,295358.0137
2024,1,48,West,Large,536667.5019,506351.3267,255910.0417,33121.338,463698.7316
2024,1,48,East,Large,275738.1454,510799.0965,516336.3015,29697.9927,534563.8683
2024,1,48,East,Strategic,466760.9581,295273.8293,343500.0724,30582.9167,305829.1674
2024,1,48,East,Small & Medium,563592.4847,471634.1836,426489.9526,33275.9838,499139.7563
2024,1,48,West,Small & Medium,419114.682,324713.1558,454278.8202,34292.9299,342929.2994
2024,1,48,West,Strategic,534602.4185,286070.5825,549982.381,30431.7754,395613.0796
2024,1,48,West,Large,205217.9541,355101.6005,389410.7974,35810.6615,501349.2606
2024,1,48,East,Small & Medium,575584.6977,369479.581,644651.2082,29448.3812,647864.3869
2024,1,48,East,Strategic,303037.2336,361336.5424,311307.3854,34101.6555,647931.4541
2024,1,48,East,Small & Medium,504566.4713,408021.1268,441309.3429,34664.4913,450638.3868
2024,1,48,West,Small & Medium,410563.2526,322925.2016,327300.3325,30725.5755,460883.6327
2024,1,48,Central,Large,600601.7693,417578.5396,451733.5489,29879.9225,537838.6054
2024,1,48,West,Large,471244.3392,480554.9754,225795.293,21879.15,306308.1005
2024,1,48,Central,Small & Medium,397686.8864,461003.0016,445050.573,31157.1969,467357.9538
2024,1,48,West,Strategic,343412.5679,283160.2363,419896.6727,35738.5055,821985.6258
2024,1,48,East,Small & Medium,269929.5569,536530.692,334062.66,32725.3497,687232.3433
2024,1,48,Central,Large,557329.8288,319322.9755,546571.6034,31875.5107,605634.704
2024,1,48,East,Small & Medium,350525.8216,424876.1602,459117.6726,31712.1359,475682.0389
2024,1,48,East,Small & Medium,309854.2853,358326.9858,538011.2753,31682.4909,475237.3632
2024,1,48,East,Small & Medium,557529.7113,374138.1746,689243.565,28736.1252,488514.1283
2024,1,48,East,Small & Medium,430074.536,598520.8607,394751.4942,30117.244,451758.66
2024,1,48,East,Small & Medium,510806.7921,293175.3038,459394.1197,28259.768,367376.9834
2024,1,48,West,Small & Medium,301120.3132,535466.4181,466768.8952,30032.1972,540579.5498
2024,1,48,East,Small & Medium,450133.7914,341388.3224,331051.9444,36219.6758,543295.1374
2024,1,48,East,Small & Medium,500784.8931,309891.936,393334.697,26844.4102,375821.7428
2024,1,48,East,Small & Medium,464148.8466,513808.3424,438096.6697,31473.806,440633.2837
2024,1,48,East,Large,489046.431,459228.9366,608182.3955,24119.2181,313549.8354
2024,1,48,East,Strategic,414178.5941,438278.0541,218575.4347,26125.661,365759.2545
2024,1,48,East,Strategic,480589.211,600860.8498,274413.2285,25973.8613,363634.0584
2024,1,48,East,Strategic,646524.0305,474781.975,497799.8764,27370.9685,574790.339
2024,1,48,East,Small & Medium,662952.5431,574082.27,330863.9509,28422.8693,682148.8634
2024,1,48,East,Small & Medium,238622.6149,630892.7725,364564.9296,32617.6713,456647.3979
2024,1,48,East,Small & Medium,475683.9119,486768.4245,650124.9214,26278.9976,420463.962
2024,1,48,East,Small & Medium,255378.0691,365724.1878,515736.1706,30742.3866,245939.0929
2024,1,48,East,Small & Medium,259902.594,557985.2116,486907.8572,27884.1206,474030.0501
2024,1,48,East,Small & Medium,608033.3493,666411.319,398497.8522,31306.0596,469590.8943
2024,1,48,East,Small & Medium,618630.1706,436496.5983,443309.5415,25192.9286,403086.858
2024,1,48,East,Small & Medium,721292.3754,389395.4292,527542.7086,28424.1875,540059.5626
2024,1,48,East,Small & Medium,437011.4883,365752.6737,648644.3006,32200.2448,579604.4069
2024,1,48,East,Small & Medium,614218.0643,415147.089,450309.8351,36825.3349,662856.0283
2024,1,48,Central,Small & Medium,297072.9793,236250.5657,532410.406,28628.985,486692.7448
2024,1,48,East,Small & Medium,425822.7812,405176.6701,352353.5526,28647.294,401062.1156
2024,1,48,Central,Small & Medium,573422.9731,346445.3488,484708.111,24044.7128,288536.5537
2024,1,48,East,Small & Medium,472812.6746,412817.7047,533633.0119,33963.1595,373594.754
2024,1,48,Central,Small & Medium,672596.6749,287579.1369,619764.2146,36272.5554,652905.9963
2024,1,48,East,Large,364602.4377,472020.9253,522805.5125,37697.6181,490069.0356
2024,1,48,East,Strategic,476175.4073,324926.5826,379805.4507,27529.1794,385408.5111
2024,1,48,Central,Strategic,484011.0129,278093.5379,397705.1901,26498.3905,450472.639
2024,1,48,West,Large,702051.6444,652050.2644,461191.8339,31487.9872,566783.7695
2024,1,48,East,Large,430961.9379,378633.2163,339215.476,28737.7628,459804.2055
2024,1,48,Central,Small & Medium,592420.2006,590786.6165,709473.2549,30425.9811,334685.7916
2024,1,48,West,Large,641064.5675,423901.6226,482002.8148,30128.8598,602577.1965
2024,1,48,Central,Small & Medium,421716.4387,652276.0429,443543.6723,36872.8786,442474.5436
2024,1,48,Central,Small & Medium,374053.5726,364479.7712,253310.505,33564.4955,704854.4051
2024,1,48,East,Strategic,510292.523,436811.5594,654809.6982,30913.4779,432788.6911
2024,1,48,West,Small & Medium,630637.3282,458398.5382,345804.3155,33519.7387,536315.8188
2024,1,48,Central,Small & Medium,457508.5057,696994.9182,454851.2003,27139.014,325668.1675
2024,1,48,West,Strategic,320223.8916,499462.5869,497627.5692,29082.7588,378075.8642
2024,1,48,West,Strategic,545534.5221,363593.638,457589.2583,29605.0973,473681.5573
2024,1,48,Central,Small & Medium,406018.8248,361589.7309,429279.3308,37123.8779,631105.9239
2024,1,48,East,Strategic,901449.0637,433296.391,610847.6877,30181.1485,422536.0785
2024,1,48,East,Large,483277.781,815816.9117,588232.2909,29643.2845,563222.4062
2024,1,48,East,Small & Medium,646051.5269,224451.3468,261021.0646,29818.123,417453.7224
2024,1,48,East,Small & Medium,373426.0198,676149.0662,368950.0647,33966.489,475530.8465
2024,1,48,Central,Large,761380.5157,597960.7173,340838.7353,35101.4543,561623.2692
2024,1,48,West,Large,495212.7547,464488.6485,402793.5939,31696.7539,380361.047
2024,1,48,West,Large,475761.5267,454591.8038,430062.2422,25950.8159,363311.4228
2024,1,48,Central,Strategic,224648.5844,630906.3941,744962.8799,29126.44,349517.2805
2024,1,48,East,Strategic,434115.3476,471140.5725,322712.5577,32806.4788,557710.1389
2024,1,48,West,Large,382321.4202,460103.0905,579490.2973,34018.0903,646343.7161
2024,1,48,Central,Large,612411.439,673985.1512,408357.5782,26739.7639,374356.6942
2024,1,48,East,Large,382277.5691,378740.5917,412755.0403,32874.6807,690368.2956
2024,1,48,Central,Large,506865.6973,522641.8433,457863.4959,35529.4164,746117.7443
2024,1,48,East,Large,590185.7885,312928.4016,515061.8961,31016.8026,558302.4471
2024,1,48,Central,Small & Medium,673285.1995,636566.7925,428042.6896,31407.4858,690964.6882
2024,1,48,East,Large,493973.6074,494259.9525,160866.8804,30075.6893,330832.5828
2024,1,48,Central,Small & Medium,699546.3179,286338.6401,269326.4759,30612.8804,673483.3685
2024,1,48,Central,Small & Medium,491412.6773,474924.4732,450479.8609,32664.6572,522634.5149
2024,1,48,East,Small & Medium,863960.8417,582559.6473,486965.593,23972.1043,383553.6693
2024,1,48,East,Large,579035.6497,294704.7003,442961.4563,27828.4896,250456.4061
2024,1,48,East,Strategic,638983.4124,452140.3638,330564.6988,29672.2482,563772.7154
2024,1,48,Central,Strategic,326887.8593,605632.687,512258.1413,31268.5789,562834.42
2024,1,48,Central,Large,446638.0561,293442.4989,719784.5137,32683.7952,490256.9276
2024,1,48,Central,Large,472140.3495,593168.3627,302571.4976,28012.6088,560252.1751
2024,1,48,Central,Large,667816.2938,336955.5397,429430.7845,30364.6541,425105.1574
2024,1,48,Central,Large,608049.3622,417392.8878,570452.9523,34260.7546,308346.7917
2024,1,48,West,Strategic,447550.014,514937.026,276671.941,33265.9652,632053.3381
2024,1,48,East,Large,306522.0918,427691.0506,565428.5538,33269.6404,365966.0447
2024,1,48,Central,Small & Medium,343069.7997,249032.457,795219.4397,32802.2979,393627.5743
2024,1,48,Central,Small & Medium,484889.0512,460740.3768,350271.2129,25954.6202,415273.9239
2024,1,48,East,Small & Medium,453684.5926,562952.7926,227584.256,34273.8664,616929.5952
2024,1,48,Central,Strategic,353171.6981,526311.5916,320474.214,34661.3817,658566.2517
2024,1,48,Central,Large,506799.6085,415934.5476,457012.2688,34847.5214,696950.4272
2024,1,48,Central,Small & Medium,431945.114,376897.3058,529367.0475,37055.315,592885.0395
2024,1,48,Central,Small & Medium,528775.6588,301072.046,577349.6307,31757.9597,635159.1946
2024,1,48,Central,Strategic,419628.4449,472289.6141,491938.4482,32566.8936,390802.7237
2024,1,48,Central,Large,608219.1879,416731.8473,594380.7061,27209.4219,544188.4382
2024,1,48,East,Small & Medium,190805.1263,567457.7224,314791.1677,30406.2543,729750.1033
2024,1,48,East,Large,484455.6901,521741.071,555297.1229,31341.6096,532807.3629
2024,1,48,Central,Strategic,577513.1369,585268.7548,358024.2852,27706.5568,332478.6817
2024,1,48,East,Strategic,379337.9709,434068.2075,531250.973,32719.9024,425358.7306
2024,1,48,East,Small & Medium,297130.4891,310912.5675,307798.615,34078.2334,272625.8673
2024,1,48,East,Large,467009.3034,732708.4379,499689.9404,35109.8612,526647.9176
2024,1,48,Central,Strategic,327535.1024,720924.961,295922.4351,31061.0572,496976.9158
2024,1,48,East,Large,446195.4187,560596.7047,351491.151,26942.7688,350255.995
2024,1,48,East,Small & Medium,353783.7638,458444.3269,602935.7573,25065.608,325852.9044
2024,1,48,Central,Strategic,551100.3171,259938.6918,279436.6902,28998.262,463972.1918
2024,1,48,West,Large,654623.9945,447861.6761,503084.7691,33990.004,645810.076
2024,1,48,East,Strategic,419850.5683,387353.38,569293.7096,23375.9992,303887.9895
2024,1,48,West,Strategic,435491.0802,494807.7228,292488.7537,27447.8109,466612.7852
2024,1,48,West,Small & Medium,308271.1661,473771.7099,322464.0753,29914.0771,448711.1567
2024,1,48,West,Large,722243.3326,350072.8641,301429.6529,28480.6307,455690.0905
2024,1,48,East,Small & Medium,662298.3904,221502.8287,396303.3489,30675.5824,552160.4827
2024,1,48,East,Large,608306.6199,295726.765,369666.0486,34507.9446,586635.0578
2024,1,48,Central,Large,387688.2703,535064.8091,490643.796,25729.5936,360214.31
2024,1,48,East,Large,542724.7317,685657.5193,311800.6223,30599.6365,581393.0934
2024,1,48,East,Strategic,469481.1684,535260.3294,539838.904,30816.4031,462246.046
2024,1,48,East,Strategic,423786.8799,474164.4923,241743.3431,32205.8245,354264.0697
2024,1,48,East,Large,214743.3217,524220.7939,293416.5855,31335.2208,564033.9746
2024,1,48,Central,Small & Medium,500287.6314,597791.8652,312905.9627,32204.2886,386451.4627
2024,1,48,Central,Small & Medium,438925.182,412209.412,582124.1889,30055.2483,540994.469
2024,1,48,East,Strategic,294798.7171,318243.1762,537501.3817,32643.0006,359073.007
2024,1,48,East,Large,323652.4283,520824.7893,404412.6025,28665.7773,229326.2183
2024,1,48,East,Large,279652.5951,666112.5995,508715.9252,25973.5474,441550.3058
2024,1,48,East,Strategic,459412.6244,329578.7065,268850.6483,25595.4911,409527.8571
2024,1,48,Central,Strategic,321470.1095,355421.7945,769630.8512,33854.4568,643234.6799
2024,1,48,Central,Large,582690.3237,391826.2182,645284.2425,33376.3619,500645.4282
2024,1,48,West,Large,498611.5009,373345.6784,512337.729,21243.9392,148707.5742
2024,1,48,Central,Large,436459.9797,693737.9955,293143.5693,31532.9296,567592.7336
2024,1,48,East,Small & Medium,450292.1089,532350.8588,302704.2884,29161.1078,524899.9406
2024,1,48,West,Large,338203.9743,548383.6659,234233.1031,24596.5777,418141.8207
2024,1,48,West,Strategic,334611.2914,706645.9129,269560.1778,28672.4574,458759.3185
2024,1,48,Central,Strategic,581359.0605,314233.4574,664544.731,27029.0672,351377.8737
2024,1,48,Central,Strategic,459228.3605,626968.3713,650699.2255,29769.5484,416773.6773
2024,1,48,Central,Strategic,374418.9093,405752.3568,635854.6254,27862.1947,250759.7522
2024,1,48,Central,Strategic,541131.8415,644080.2713,328054.7747,25891.6592,388374.8881
2024,1,48,Central,Strategic,332226.5981,360088.7981,289414.6393,27555.2965,385774.1515
2024,1,48,East,Strategic,779115.8335,542759.2495,699127.8204,29474.2115,412638.9603
2024,1,48,Central,Small & Medium,405993.1226,504663.4696,385427.5904,35636.2168,570179.4682
2024,1,48,West,Strategic,368684.5053,396125.444,250705.407,27165.3481,407480.2212
2024,1,48,East,Small & Medium,513629.4275,231908.749,644201.3979,24112.4933,313462.4123
2024,1,48,Central,Small & Medium,269148.4884,697875.3517,331399.7112,26919.1346,376867.8843
2024,1,48,East,Strategic,477442.3985,427190.5984,964210.852,31010.7893,341118.6825
2024,1,48,West,Small & Medium,460077.5579,503599.7433,527179.9897,28910.9328,346931.1934
2024,1,48,Central,Strategic,392746.4706,597113.4095,360199.7715,34712.2124,590107.6115
2024,1,48,East,Strategic,682597.2087,393076.3882,553351.0971,30837.4691,616749.381
2024,1,48,East,Strategic,644567.7567,523170.4672,417988.3191,29780.5026,506268.5447
2024,1,48,Central,Large,380214.1741,659079.777,477967.2728,26499.303,450488.1514
2024,1,48,East,Strategic,489480.4028,533761.753,479212.7061,30956.7122,340523.8341
2024,1,48,East,Small & Medium,505360.2746,573352.1148,444752.8617,31718.7505,539218.7577
2024,1,48,East,Strategic,527562.3642,484543.0794,354327.9002,26731.4699,374240.5785
2024,1,48,Central,Strategic,399776.651,359612.0368,561622.8478,28281.9261,424228.8909
2024,1,48,East,Strategic,687358.2466,325468.2342,502448.4851,30872.0321,370464.3846
2024,1,48,West,Large,591934.1843,405846.5853,271425.9265,29171.6485,437574.7268
2024,1,48,West,Large,378349.1479,442410.05,312525.274,30833.1096,277497.9867
2024,1,48,East,Large,317432.0754,338327.8295,450143.6903,26384.5257,501305.9892
2024,1,48,East,Strategic,446113.4347,566373.031,507993.8144,27826.0079,500868.1425
2024,1,48,Central,Small & Medium,406529.789,459235.3569,434537.9647,25909.4649,440460.9038
2024,1,48,West,Small & Medium,248260.9763,362584.3032,387026.6211,27215.3926,462661.6737
2024,1,48,Central,Small & Medium,618297.2765,497131.0338,700546.8843,30257.7017,665669.4371
2024,1,48,Central,Strategic,424192.9633,430355.8458,331018.6,29475.574,530560.3317
2024,1,48,East,Large,398957.6325,433453.0985,431135.8464,26819.1768,375468.4747
2024,1,48,West,Large,584261.3789,387138.5328,503931.8355,37897.5659,492668.3562
2024,1,48,West,Strategic,597182.1676,721946.9115,570712.4554,29786.7776,625522.3297
2024,1,48,West,Strategic,309149.8761,479673.6382,497833.2878,28723.7159,517026.8858
2024,1,48,West,Large,713568.3403,676428.4723,595825.9629,28477.6253,341731.504
2024,1,48,West,Strategic,635493.0206,470978.9233,399588.7195,34413.9154,309725.2389
2024,1,48,East,Strategic,296744.3116,455477.6921,651689.6766,33748.4519,573723.6817
2024,1,48,East,Strategic,506712.2773,671486.173,561443.0608,30689.8747,460348.1206
2024,1,48,East,Large,504134.7239,598087.9499,615433.5908,27150.4657,325805.5881
2024,1,48,East,Strategic,475394.372,368949.2902,358514.9839,26306.6424,263066.4239
2024,1,48,West,Large,231419.4717,408691.3863,420137.325,30181.9337,513092.8721
2024,1,48,East,Strategic,571404.11,368228.375,481214.5549,27295.1555,545903.1108
2024,1,48,East,Strategic,444101.1918,463181.3685,330920.7797,34612.4659,761474.2502
2024,1,48,East,Strategic,444005.8729,613235.6675,312220.3712,31152.9294,498446.8697
2024,1,48,East,Strategic,641197.5163,359192.7783,347572.6532,27581.4299,496465.7375
2024,1,48,East,Strategic,736890.7451,432742.2149,389685.385,29742.1431,505616.4321
2024,1,48,West,Large,714152.1247,718906.1142,437947.3448,27343.9913,519535.8348
2024,1,48,East,Large,438040.7393,690838.5122,539278.9036,29361.8244,675321.9614
2024,1,48,East,Large,304239.8875,314519.0277,371642.2554,34825.7728,592038.1375
2024,1,48,East,Strategic,574925.6421,455051.6985,488195.2837,30465.6254,456984.3808
2024,1,48,East,Large,525848.7768,217284.4594,447120.4684,30333.0716,545995.2881
2024,1,48,East,Large,650139.98,361760.87,497368.7074,33339.3333,533429.3328
2024,1,48,Central,Small & Medium,719576.4553,714132.2382,612398.7451,32009.2483,352101.7313
2024,1,48,West,Large,334802.1855,310300.8428,477999.6147,23141.9653,185135.722
2024,1,48,Central,Large,457338.8703,457106.6102,393072.3242,26432.9114,211463.291
2024,1,48,East,Strategic,512162.7265,521940.093,408414.9356,29039.1605,319430.7659
2024,1,48,West,Strategic,509888.7954,399151.0043,530296.0031,33150.9092,430961.8192
2024,1,48,Central,Strategic,712141.7242,456372.4934,324627.7943,24530.552,220774.9682
2024,1,48,Central,Small & Medium,338782.4217,493333.6012,574617.0993,27580.174,496443.132
2024,1,48,Central,Strategic,694172.6949,546968.9759,155840.9703,40741.214,488894.5674
2024,1,48,West,Strategic,439634.3088,576447.6621,448762.855,30963.3219,526376.4718
2024,1,48,East,Strategic,792514.0616,558174.5451,411230.0067,34624.8438,519372.6564
2024,1,48,Central,Strategic,442467.2665,454696.8828,354988.1418,33912.6709,474777.3925
2024,1,48,West,Large,616583.4817,355328.4468,631685.4244,30649.9187,766247.9671
2024,1,48,East,Strategic,283540.1684,287851.009,504391.8633,29388.8999,499611.2977
2024,1,48,Central,Large,470794.8588,351084.9663,637901.7296,28146.704,534787.3758
2024,1,48,West,Small & Medium,346372.5765,599176.5375,421284.5995,25538.3781,510767.5612
2024,1,48,Central,Small & Medium,491801.3595,438258.4034,415883.328,36671.2422,550068.6334
2024,1,48,Central,Small & Medium,528208.8651,453454.401,191995.097,31635.195,442892.73
2024,1,48,East,Large,403117.6175,314465.7733,581465.5696,29786.5359,446798.0385
2024,1,48,East,Large,410485.4044,508436.1035,549618.7432,31002.4003,465036.0047
2024,1,48,East,Large,621147.4671,592864.009,578536.1163,28152.7021,365985.1273
2024,1,48,East,Strategic,716267.7781,438018.5468,474999.3561,25624.6759,230622.0829
2024,1,48,West,Large,542383.5419,348083.3155,432698.6068,31074.7359,559345.246
2024,1,48,Central,Large,626508.0413,395063.8368,613258.4125,34080.14,545282.2407
2024,1,48,East,Strategic,359230.9687,452800.3857,383345.4858,29818.6864,328005.5504
2024,1,48,West,Large,443252.5074,332646.6544,241385.3866,30214.0888,422997.2438
2024,1,48,West,Strategic,619926.8602,300783.2541,274912.8979,31115.4616,311154.6164
2024,1,48,East,Strategic,374321.8579,474443.3048,501837.9503,25704.8004,231343.2035
2024,1,48,East,Strategic,564692.3583,620848.1225,527028.2562,26995.168,485913.0233
2024,1,48,Central,Strategic,464472.6812,433257.1243,253180.446,31901.1751,510418.8019
2024,1,48,East,Large,524309.3015,709074.6555,461631.503,30077.4391,391006.7089
2024,1,48,East,Large,553265.708,442724.2513,452034.2744,30533.2147,274798.932
2024,1,48,East,Large,315465.3389,503861.6957,419578.0274,27027.8631,297306.4944
2024,1,48,East,Strategic,621255.4758,369639.5634,705981.1096,29965.0483,329615.5318
2024,1,48,East,Strategic,389309.8588,392180.9598,220129.7171,33063.0966,595135.7396
2024,1,48,East,Large,500212.9545,370200.5587,440318.0695,29511.7848,442676.7719
2024,1,48,East,Strategic,520028.6314,404406.1101,532701.0877,30285.6599,575427.5375
2024,1,48,East,Small & Medium,489672.4313,823881.6667,495397.6239,34881.7842,627872.1153
2024,1,48,West,Strategic,580748.9827,443576.7831,228344.8116,37186.061,334674.5486
2024,1,48,West,Small & Medium,572524.5431,257609.9265,471177.2001,30300.9486,575718.0237
2024,1,48,East,Small & Medium,471404.363,428191.2733,632582.4838,33284.4188,632403.9564
2024,1,48,East,Strategic,649862.7764,519181.3925,426373.9123,32563.2144,748953.9317
2024,1,48,East,Small & Medium,373482.2557,387442.9478,529019.484,28736.5754,603468.084
2024,1,48,East,Small & Medium,582552.2479,393908.4893,375187.8213,26313.9426,368395.1962
2024,1,48,East,Small & Medium,537961.7007,306016.8714,317998.2417,33368.1238,667362.4765
2024,1,48,East,Large,464968.8982,580958.2347,612683.2519,35662.9234,534943.8506
2024,1,48,Central,Small & Medium,319078.4433,523699.9383,458683.5221,32034.6751,448485.4517
2024,1,48,Central,Strategic,193022.2077,711831.6262,218556.7697,33047.6618,462667.2646
2024,1,48,Central,Large,335286.9422,341183.7964,624800.3529,32248.0616,483720.924
2024,1,48,West,Large,503185.0849,625035.7386,640757.7652,32509.6926,390116.3111
2024,1,48,Central,Strategic,398316.2644,589085.5194,375930.7321,32097.6744,641953.4878
2024,1,48,Central,Strategic,511597.3638,437366.006,552302.7243,26496.1012,503425.9227
2024,1,48,East,Large,666322.8213,431044.5632,299120.8237,34275.1078,514126.6169
2024,1,48,Central,Small & Medium,286822.1224,300262.8894,410362.6733,30892.4683,556064.4287
2024,1,48,West,Large,418261.0141,542548.9995,480426.1528,32239.3004,515828.8059
2024,1,48,West,Large,414316.5921,444940.5484,524813.9,31291.7573,531959.8736
2024,1,48,East,Strategic,562412.8034,523079.373,534233.1105,29905.6515,418679.1203
2024,1,48,East,Strategic,398821.1941,358673.8651,622003.9151,33250.9943,432262.9259
2024,1,48,East,Large,665537.4557,418612.6312,483317.1843,28301.5826,367920.5742
2024,1,48,West,Small & Medium,564921.6246,443413.5003,344993.9333,22568.579,180548.6318
2024,1,48,Central,Small & Medium,428227.8622,393040.525,613121.2452,29614.4185,355373.0214
2024,1,48,West,Large,580995.8012,540393.8088,480870.0244,27536.2786,385507.9005
2024,1,48,West,Large,422611.6975,272150.2795,488622.5599,31129.3127,715974.192
2024,1,48,West,Small & Medium,426502.7358,366693.3439,286880.0645,28184.0327,507312.5886
2024,1,48,Central,Small & Medium,425287.9459,734163.4969,304538.9361,27794.2574,416913.8608
2024,1,48,East,Small & Medium,543549.3917,500608.8819,255077.8118,29224.5774,526042.3939
2024,1,48,West,Strategic,537898.1813,533326.9664,468221.7349,28558.741,456939.8567
2024,1,48,West,Small & Medium,496935.6794,253866.5119,464632.7474,27715.157,360297.041
2024,1,48,West,Small & Medium,264008.5031,474673.9542,676922.2486,34957.6767,699153.5334
2024,1,48,East,Large,497057.2111,557935.7066,659229.7798,33095.4707,595718.4717
2024,1,48,Central,Small & Medium,487002.6048,348548.0981,433888.6428,28025.2975,420379.4623
2024,1,48,West,Small & Medium,826878.566,443541.0292,475294.943,29679.3166,652944.9653
2024,1,48,East,Small & Medium,387836.6809,368472.4315,558865.0239,30222.0006,543996.0116
2024,1,48,West,Strategic,221756.9055,272085.9319,462491.7823,36411.0831,400521.9145
2024,1,48,East,Strategic,346293.9573,554970.3895,538713.2639,32253.7071,580566.7272
2024,1,48,Central,Large,744775.8242,501641.7905,634634.468,26742.0388,641808.9309
2024,1,48,East,Large,582300.8967,429650.713,281913.3586,36484.3997,583750.3958
2024,1,48,West,Large,561545.5277,443103.7452,649759.4103,33418.7647,367606.4118
2024,1,48,West,Strategic,624960.8373,388751.2684,544095.4223,34458.5827,482420.1576
2024,1,48,East,Strategic,273991.7923,507792.4906,578926.9832,28221.9973,479773.954
2024,1,48,East,Large,508200.2063,424768.2546,449985.6446,27533.646,302870.1058
2024,1,48,Central,Strategic,490098.8164,684424.7067,450948.6664,34648.1796,450426.3348
2024,1,48,Central,Small & Medium,604088.8799,566335.0408,320909.9861,32778.3021,622787.7399
2024,1,48,Central,Strategic,406570.166,420979.7083,403559.8311,33113.371,562927.3066
2024,1,48,West,Small & Medium,743295.3288,481542.7242,500771.9533,29598.4764,355181.7162
2024,1,48,East,Large,544371.219,424962.2213,561218.9882,29762.7608,386915.8909
2024,1,48,East,Strategic,155204.2719,317841.9438,527400.668,27869.0088,139345.0441
2024,1,48,Central,Strategic,459055.1162,947600.8141,429631.9904,30200.0351,573800.6676
2024,1,48,East,Large,534779.3119,346124.2192,375178.9626,25422.7222,254227.2224
2024,1,48,Central,Large,452468.82,728477.7208,576085.7928,35228.5777,704571.5549
2024,1,48,West,Large,507267.339,501149.4279,442426.5876,30881.431,463221.4645
2024,1,48,West,Small & Medium,366528.9393,477761.315,348856.5521,31061.5571,403800.2418
2024,1,48,East,Strategic,293435.2546,459368.887,472426.7106,30546.5199,672023.4387
2024,1,48,Central,Strategic,460442.0905,549761.5185,653637.9456,29745.9233,356951.08
2024,1,48,East,Strategic,436123.5215,469633.8477,210783.255,29815.6532,387603.4913
2024,1,48,Central,Small & Medium,450000.5377,658904.7715,570600.6622,30458.0606,365496.7275
2024,1,48,West,Strategic,555468.4121,414866.7694,665609.8538,27894.6161,362630.0093
2024,1,48,Central,Small & Medium,715400.2047,404866.056,416955.059,33091.7314,794201.5542
2024,1,48,Central,Small & Medium,517074.9696,216554.6266,252407.3325,27591.8265,413877.3968
2024,1,48,West,Large,308673.151,376623.4334,440419.1637,30984.2386,433779.34
2024,1,48,East,Small & Medium,499699.343,559570.0245,276756.8037,28263.787,678330.8875
2024,1,48,Central,Large,888421.3437,395482.6903,629349.2678,24515.0763,171605.534
2024,1,48,West,Strategic,764941.6816,348180.8465,301050.8392,33242.2003,498633.0038
2024,1,48,East,Strategic,509905.0783,420694.8324,408416.8638,28078.0366,477326.6219
2024,1,48,Central,Strategic,355057.154,499120.9933,379429.8209,31478.2191,629564.3821
2024,1,48,Central,Strategic,431981.2568,461091.8939,338990.2502,26069.5257,338903.8335
2024,1,48,East,Strategic,299951.1437,725894.5801,493479.3488,31640.7818,601174.8535
2024,1,48,Central,Large,384594.4868,533613.0063,463645.8356,32874.2267,493113.4004
2024,1,48,Central,Strategic,474117.9828,320476.1915,645523.7108,31371.2285,407825.9708
2024,1,48,West,Small & Medium,585903.0748,397848.0108,467352.0135,28924.4556,347093.4676
2024,1,48,Central,Large,324282.6304,359973.3808,560753.2904,34503.9029,586566.3499
2024,1,48,East,Strategic,500878.4015,363406.6256,441467.6841,30324.8752,606497.504
2024,1,48,Central,Large,422001.657,594205.9382,379797.899,26094.7888,287042.677
2024,1,48,East,Strategic,301458.0567,527776.5904,427525.0518,34218.0796,684361.5921
2024,1,48,Central,Large,636725.0157,443668.9863,495665.3977,30895.9296,556126.7335
2024,1,48,Central,Large,438044.1812,329544.6452,437570.1863,33175.4344,663508.6884
2024,1,48,Central,Strategic,580250.645,429422.3731,531953.8135,32646.2262,587632.071
2024,1,48,Central,Strategic,401809.6901,266333.6485,370293.7234,29986.4393,419810.1505
2024,1,48,West,Small & Medium,421946.4258,461373.7515,316070.2734,31781.0646,603840.2282
2024,1,48,Central,Strategic,510802.0015,356500.8898,568507.9118,26004.027,338052.3505
2024,1,48,Central,Small & Medium,267177.3677,579329.0246,323710.8216,31373.323,564719.8145
2024,1,48,East,Strategic,361563.3422,360216.8111,482269.3188,27864.8047,417972.0698
2024,1,48,East,Strategic,455946.1771,791094.7762,490552.5981,30731.5165,399509.7141
2024,1,48,Central,Strategic,267537.8938,437787.3435,432520.3398,29535.024,413490.3365
2024,1,48,Central,Large,542399.7289,640859.4878,228920.0205,31249.9059,624998.1174
2024,1,48,West,Large,692179.6987,299136.6705,553096.8253,31605.1914,442472.6796
2024,1,48,Central,Large,470992.912,581439.9514,743960.5992,25865.4905,284520.3958
2024,1,48,Central,Large,331641.9708,217145.7615,621097.5062,34267.8676,753893.0864
2024,1,48,Central,Strategic,555329.2967,321775.8678,485008.5615,27263.563,463480.5707
2024,1,48,Central,Small & Medium,387900.8733,631095.4583,654768.9446,33679.2516,404151.0187
2024,1,48,East,Large,501624.0509,499231.3172,419288.8544,32333.631,582005.3572
2024,1,48,East,Large,294217.8345,360004.4753,414829.6419,33196.8543,298771.689
2024,1,48,Central,Large,604161.2861,804575.8989,474816.9199,23967.3509,359510.2637
2024,1,48,East,Strategic,501320.8566,584023.1544,474833.6724,36466.0874,692855.661
2024,1,48,Central,Strategic,412545.952,444730.6538,578174.0852,30439.3483,395711.528
2024,1,48,Central,Large,252506.7529,217402.8297,389053.5858,32912.0856,394945.0276
2024,1,48,East,Strategic,657277.727,659653.0539,425684.4696,31941.0741,862409.0006
2024,1,48,Central,Strategic,254258.4432,416760.2135,403263.8801,37108.0431,964809.1216
2024,1,48,Central,Large,513761.5553,301355.893,459666.5699,33258.841,465623.7739
2024,1,48,Central,Small & Medium,615560.1336,621839.5209,368335.0525,30244.2559,332686.8144
2024,1,48,Central,Large,456234.6648,687866.8727,446216.4808,28182.5486,366373.1317
2024,1,48,Central,Large,788255.2242,773501.5833,421142.3232,26681.3097,426900.9547
2024,1,48,Central,Large,316567.7281,403180.7249,534353.2502,27010.8352,513205.8692
2024,1,48,Central,Small & Medium,295139.9357,364803.8778,346260.6271,27966.8915,447470.2634
2024,1,48,West,Large,428263.4595,542578.4959,491413.1863,28615.2048,457843.2775
2024,1,48,Central,Large,510284.4222,368788.8345,435759.0678,26313.6914,315764.2962
2024,1,48,Central,Strategic,477239.901,483080.8334,355799.8035,32024.3055,544413.1927
2024,1,48,Central,Strategic,293609.3582,292142.6983,647639.0673,34185.6087,581155.3478
2024,1,48,East,Strategic,358212.3024,382418.4465,274098.6727,33333.0926,733328.0361
2024,1,48,East,Small & Medium,793230.2409,542642.7867,400809.134,24846.7476,397547.9615
2024,1,48,Central,Strategic,552291.2303,670658.3324,508938.4895,22682.6846,453653.6915
2024,1,48,Central,Strategic,554822.2628,509729.6627,481551.5442,32204.2802,740698.4455
2024,1,48,East,Small & Medium,368095.9658,429070.1888,536690.7217,32210.1358,676412.8514
2024,1,48,Central,Small & Medium,324730.6805,373299.1045,296717.2704,34006.4079,272051.263
2024,1,48,East,Large,331398.7984,621288.4922,601155.2876,28306.2385,226449.908
2024,1,48,East,Small & Medium,453103.9675,275699.635,747683.2195,32202.7051,257621.6404
2024,1,48,East,Small & Medium,521933.8201,561816.6923,286353.4339,27130.7169,406960.7534
2024,2,49,Central,Strategic,243750.4215,194290.275,243964.599,30271.3629,393527.7178
2024,2,49,East,Strategic,544655.0033,242594.8063,337278.6464,33591.739,403100.8675
2024,2,49,Central,Strategic,302082.6135,724508.96,471719.6886,28793.6041,316729.6454
2024,2,49,West,Large,501525.587,534355.5889,341843.2081,26323.3942,421174.3069
2024,2,49,Central,Large,816880.6359,468810.0557,161281.6479,26531.9174,424510.6782
2024,2,49,West,Strategic,416150.3004,299745.6422,574277.9938,32393.1441,647862.8815
2024,2,49,East,Large,796772.1801,380702.3751,374642.4709,29908.9394,687905.6063
2024,2,49,East,Large,434280.2629,249105.4333,769509.5728,32563.0363,488445.5442
2024,2,49,East,Small & Medium,538028.8855,671946.2122,516214.4015,25846.7384,284314.1223
2024,2,49,West,Strategic,665893.9136,662491.4928,524830.226,29750.6421,357007.7052
2024,2,49,Central,Strategic,541025.3146,428840.4547,149192.4046,29892.4799,627742.077
2024,2,49,Central,Strategic,600134.3321,410286.353,191475.7362,29724.974,505324.5581
2024,2,49,East,Strategic,626131.1684,824332.7639,635357.0873,29158.7079,524856.7428
2024,2,49,West,Strategic,611976.7979,601486.4078,428186.5388,28753.8226,345045.8708
2024,2,49,West,Large,499625.882,333838.1606,636351.8153,29523.5696,531424.2521
2024,2,49,East,Strategic,666219.4249,791808.1802,265764.4658,27574.2194,275742.1939
2024,2,49,West,Strategic,568679.5451,423781.0043,425639.4565,30637.8304,459567.4557
2024,2,49,West,Strategic,295358.0137,460718.4242,599632.9405,26375.3985,501132.5722
2024,2,49,West,Large,463698.7316,536667.5019,506351.3267,32126.4297,578275.7344
2024,2,49,East,Large,534563.8683,275738.1454,510799.0965,32153.7111,385844.5337
2024,2,49,East,Strategic,305829.1674,466760.9581,295273.8293,37411.4278,486348.5617
2024,2,49,East,Small & Medium,499139.7563,563592.4847,471634.1836,28467.0965,540874.8336
2024,2,49,West,Small & Medium,342929.2994,419114.682,324713.1558,26752.0853,428033.3643
2024,2,49,West,Strategic,395613.0796,534602.4185,286070.5825,28381.9792,624403.542
2024,2,49,West,Large,501349.2606,205217.9541,355101.6005,30607.7485,428508.4788
2024,2,49,East,Small & Medium,647864.3869,575584.6977,369479.581,27601.2188,193208.5313
2024,2,49,East,Strategic,647931.4541,303037.2336,361336.5424,33043.7566,462612.5918
2024,2,49,East,Small & Medium,450638.3868,504566.4713,408021.1268,25964.8094,389472.1414
2024,2,49,West,Small & Medium,460883.6327,410563.2526,322925.2016,33245.4383,631663.3279
2024,2,49,Central,Large,537838.6054,600601.7693,417578.5396,29632.9581,711190.9948
2024,2,49,West,Large,306308.1005,471244.3392,480554.9754,30844.3142,308443.1415
2024,2,49,Central,Small & Medium,467357.9538,397686.8864,461003.0016,31409.9319,533968.8425
2024,2,49,West,Strategic,821985.6258,343412.5679,283160.2363,23548.3126,518062.8769
2024,2,49,East,Small & Medium,687232.3433,269929.5569,536530.692,27109.435,406641.5257
2024,2,49,Central,Large,605634.704,557329.8288,319322.9755,28763.943,316403.3731
2024,2,49,East,Small & Medium,475682.0389,350525.8216,424876.1602,28417.0245,397838.3427
2024,2,49,East,Small & Medium,475237.3632,309854.2853,358326.9858,27376.4028,355893.2363
2024,2,49,East,Small & Medium,488514.1283,557529.7113,374138.1746,28962.404,260661.6361
2024,2,49,East,Small & Medium,451758.66,430074.536,598520.8607,31801.178,222608.2457
2024,2,49,East,Small & Medium,367376.9834,510806.7921,293175.3038,37191.82,409110.0205
2024,2,49,West,Small & Medium,540579.5498,301120.3132,535466.4181,28966.492,347597.9037
2024,2,49,East,Small & Medium,543295.1374,450133.7914,341388.3224,32043.9384,416571.1986
2024,2,49,East,Small & Medium,375821.7428,500784.8931,309891.936,30977.5096,619550.1911
2024,2,49,East,Small & Medium,440633.2837,464148.8466,513808.3424,26954.4444,269544.4435
2024,2,49,East,Large,313549.8354,489046.431,459228.9366,28601.2678,371816.4814
2024,2,49,East,Strategic,365759.2545,414178.5941,438278.0541,25902.6803,336734.8433
2024,2,49,East,Strategic,363634.0584,480589.211,600860.8498,31821.5311,572787.559
2024,2,49,East,Strategic,574790.339,646524.0305,474781.975,31113.9591,404481.4687
2024,2,49,East,Small & Medium,682148.8634,662952.5431,574082.27,31205.5037,624110.0736
2024,2,49,East,Small & Medium,456647.3979,238622.6149,630892.7725,30113.0084,572147.1597
2024,2,49,East,Small & Medium,420463.962,475683.9119,486768.4245,27407.8784,328894.5406
2024,2,49,East,Small & Medium,245939.0929,255378.0691,365724.1878,27190.9852,571010.6883
2024,2,49,East,Small & Medium,474030.0501,259902.594,557985.2116,34974.3604,629538.488
2024,2,49,East,Small & Medium,469590.8943,608033.3493,666411.319,32044.0862,480661.2924
2024,2,49,East,Small & Medium,403086.858,618630.1706,436496.5983,38667.3045,696011.481
2024,2,49,East,Small & Medium,540059.5626,721292.3754,389395.4292,27658.395,414875.9257
2024,2,49,East,Small & Medium,579604.4069,437011.4883,365752.6737,29903.0654,478449.047
2024,2,49,East,Small & Medium,662856.0283,614218.0643,415147.089,32985.1703,626718.2359
2024,2,49,Central,Small & Medium,486692.7448,297072.9793,236250.5657,27480.0303,384720.4241
2024,2,49,East,Small & Medium,401062.1156,425822.7812,405176.6701,33067.9114,595222.4056
2024,2,49,Central,Small & Medium,288536.5537,573422.9731,346445.3488,27367.7732,410516.5974
2024,2,49,East,Small & Medium,373594.754,472812.6746,412817.7047,26961.8534,458351.5085
2024,2,49,Central,Small & Medium,652905.9963,672596.6749,287579.1369,32057.1387,384685.6642
2024,2,49,East,Large,490069.0356,364602.4377,472020.9253,32670.0101,522720.1616
2024,2,49,East,Strategic,385408.5111,476175.4073,324926.5826,29718.2642,505210.4912
2024,2,49,Central,Strategic,450472.639,484011.0129,278093.5379,30545.9207,274913.2867
2024,2,49,West,Large,566783.7695,702051.6444,652050.2644,24963.6589,299563.9073
2024,2,49,East,Large,459804.2055,430961.9379,378633.2163,25848.5378,361879.5295
2024,2,49,Central,Small & Medium,334685.7916,592420.2006,590786.6165,29485.6551,383313.5159
2024,2,49,West,Large,602577.1965,641064.5675,423901.6226,31739.2775,507828.4405
2024,2,49,Central,Small & Medium,442474.5436,421716.4387,652276.0429,28670.1698,458722.7167
2024,2,49,Central,Small & Medium,704854.4051,374053.5726,364479.7712,32038.5929,224270.1506
2024,2,49,East,Strategic,432788.6911,510292.523,436811.5594,32370.7897,356078.6871
2024,2,49,West,Small & Medium,536315.8188,630637.3282,458398.5382,29390.5529,411467.7405
2024,2,49,Central,Small & Medium,325668.1675,457508.5057,696994.9182,31745.4555,507927.2882
2024,2,49,West,Strategic,378075.8642,320223.8916,499462.5869,33642.0421,605556.7582
2024,2,49,West,Strategic,473681.5573,545534.5221,363593.638,30853.3684,493653.8938
2024,2,49,Central,Small & Medium,631105.9239,406018.8248,361589.7309,29357.0757,645855.665
2024,2,49,East,Strategic,422536.0785,901449.0637,433296.391,27555.0216,413325.3237
2024,2,49,East,Large,563222.4062,483277.781,815816.9117,31515.7296,567283.1333
2024,2,49,East,Small & Medium,417453.7224,646051.5269,224451.3468,32382.4415,485736.622
2024,2,49,East,Small & Medium,475530.8465,373426.0198,676149.0662,24536.1867,318970.4271
2024,2,49,Central,Large,561623.2692,761380.5157,597960.7173,26906.85,322882.2
2024,2,49,West,Large,380361.047,495212.7547,464488.6485,27308.0028,464236.0482
2024,2,49,West,Large,363311.4228,475761.5267,454591.8038,24845.2691,521750.6509
2024,2,49,Central,Strategic,349517.2805,224648.5844,630906.3941,26563.5565,531271.1302
2024,2,49,East,Strategic,557710.1389,434115.3476,471140.5725,30802.6883,492843.0134
2024,2,49,West,Large,646343.7161,382321.4202,460103.0905,26834.7378,295182.1162
2024,2,49,Central,Large,374356.6942,612411.439,673985.1512,31522.2314,504355.7022
2024,2,49,East,Large,690368.2956,382277.5691,378740.5917,24247.3766,218226.3894
2024,2,49,Central,Large,746117.7443,506865.6973,522641.8433,31451.3972,660479.3404
2024,2,49,East,Large,558302.4471,590185.7885,312928.4016,33334.2818,566682.791
2024,2,49,Central,Small & Medium,690964.6882,673285.1995,636566.7925,27957.6154,307533.7697
2024,2,49,East,Large,330832.5828,493973.6074,494259.9525,22045.6634,154319.6438
2024,2,49,Central,Small & Medium,673483.3685,699546.3179,286338.6401,32284.8472,419703.0141
2024,2,49,Central,Small & Medium,522634.5149,491412.6773,474924.4732,34723.6985,381960.684
2024,2,49,East,Small & Medium,383553.6693,863960.8417,582559.6473,35473.3361,354733.3605
2024,2,49,East,Large,250456.4061,579035.6497,294704.7003,35884.9838,538274.7572
2024,2,49,East,Strategic,563772.7154,638983.4124,452140.3638,33493.9852,669879.7034
2024,2,49,Central,Strategic,562834.42,326887.8593,605632.687,27493.1154,302424.2691
2024,2,49,Central,Large,490256.9276,446638.0561,293442.4989,27593.4842,413902.2628
2024,2,49,Central,Large,560252.1751,472140.3495,593168.3627,27684.8981,553697.962
2024,2,49,Central,Large,425105.1574,667816.2938,336955.5397,33270.9969,598877.9438
2024,2,49,Central,Large,308346.7917,608049.3622,417392.8878,30853.6534,462804.8005
2024,2,49,West,Strategic,632053.3381,447550.014,514937.026,30077.7368,330855.1048
2024,2,49,East,Large,365966.0447,306522.0918,427691.0506,29197.7762,408768.8673
2024,2,49,Central,Small & Medium,393627.5743,343069.7997,249032.457,28859.9402,346319.2819
2024,2,49,Central,Small & Medium,415273.9239,484889.0512,460740.3768,27524.3136,467913.3314
2024,2,49,East,Small & Medium,616929.5952,453684.5926,562952.7926,32133.0168,642660.3364
2024,2,49,Central,Strategic,658566.2517,353171.6981,526311.5916,32443.0232,356873.2553
2024,2,49,Central,Large,696950.4272,506799.6085,415934.5476,35159.2305,492229.2266
2024,2,49,Central,Small & Medium,592885.0395,431945.114,376897.3058,26829.2594,402438.8916
2024,2,49,Central,Small & Medium,635159.1946,528775.6588,301072.046,32504.5504,617586.4573
2024,2,49,Central,Strategic,390802.7237,419628.4449,472289.6141,34075.2284,272601.8275
2024,2,49,Central,Large,544188.4382,608219.1879,416731.8473,28368.7108,482268.0844
2024,2,49,East,Small & Medium,729750.1033,190805.1263,567457.7224,36953.753,665167.5534
2024,2,49,East,Large,532807.3629,484455.6901,521741.071,31027.6055,527469.2937
2024,2,49,Central,Strategic,332478.6817,577513.1369,585268.7548,29646.9455,444704.183
2024,2,49,East,Strategic,425358.7306,379337.9709,434068.2075,32254.2806,516068.4902
2024,2,49,East,Small & Medium,272625.8673,297130.4891,310912.5675,31167.9115,529854.4956
2024,2,49,East,Large,526647.9176,467009.3034,732708.4379,31342.1197,532816.0354
2024,2,49,Central,Strategic,496976.9158,327535.1024,720924.961,24816.7911,223351.12
2024,2,49,East,Large,350255.995,446195.4187,560596.7047,33059.1619,628124.0757
2024,2,49,East,Small & Medium,325852.9044,353783.7638,458444.3269,29722.0444,386386.5771
2024,2,49,Central,Strategic,463972.1918,551100.3171,259938.6918,31396.975,690733.4497
2024,2,49,West,Large,645810.076,654623.9945,447861.6761,33085.253,529364.0478
2024,2,49,East,Strategic,303887.9895,419850.5683,387353.38,29951.2351,419317.2917
2024,2,49,West,Strategic,466612.7852,435491.0802,494807.7228,26265.8362,288924.1977
2024,2,49,West,Small & Medium,448711.1567,308271.1661,473771.7099,25163.0462,503260.9248
2024,2,49,West,Large,455690.0905,722243.3326,350072.8641,31058.9877,590120.7661
2024,2,49,East,Small & Medium,552160.4827,662298.3904,221502.8287,24753.0689,396049.1025
2024,2,49,East,Large,586635.0578,608306.6199,295726.765,31828.9215,891209.8013
2024,2,49,Central,Large,360214.31,387688.2703,535064.8091,34743.0375,521145.5632
2024,2,49,East,Large,581393.0934,542724.7317,685657.5193,28508.5993,456137.5892
2024,2,49,East,Strategic,462246.046,469481.1684,535260.3294,35280.5455,599769.2741
2024,2,49,East,Strategic,354264.0697,423786.8799,474164.4923,27993.4788,475889.1392
2024,2,49,East,Large,564033.9746,214743.3217,524220.7939,33054.9595,495824.3926
2024,2,49,Central,Small & Medium,386451.4627,500287.6314,597791.8652,26513.9746,344681.6701
2024,2,49,Central,Small & Medium,540994.469,438925.182,412209.412,32957.5685,593236.2337
2024,2,49,East,Strategic,359073.007,294798.7171,318243.1762,34313.346,514700.1903
2024,2,49,East,Large,229326.2183,323652.4283,520824.7893,35790.029,680010.5507
2024,2,49,East,Large,441550.3058,279652.5951,666112.5995,35817.8349,501449.6889
2024,2,49,East,Strategic,409527.8571,459412.6244,329578.7065,29141.1606,524540.8916
2024,2,49,Central,Strategic,643234.6799,321470.1095,355421.7945,37739.422,452873.0645
2024,2,49,Central,Large,500645.4282,582690.3237,391826.2182,30846.6825,339313.507
2024,2,49,West,Large,148707.5742,498611.5009,373345.6784,29839.2805,566946.3301
2024,2,49,Central,Large,567592.7336,436459.9797,693737.9955,35833.8829,250837.1802
2024,2,49,East,Small & Medium,524899.9406,450292.1089,532350.8588,27779.801,444476.816
2024,2,49,West,Large,418141.8207,338203.9743,548383.6659,30734.8422,461022.6336
2024,2,49,West,Strategic,458759.3185,334611.2914,706645.9129,29546.1346,236369.0766
2024,2,49,Central,Strategic,351377.8737,581359.0605,314233.4574,31547.6701,252381.3607
2024,2,49,Central,Strategic,416773.6773,459228.3605,626968.3713,29630.7336,355568.8028
2024,2,49,Central,Strategic,250759.7522,374418.9093,405752.3568,37407.3922,598518.2745
2024,2,49,Central,Strategic,388374.8881,541131.8415,644080.2713,29788.4912,446827.368
2024,2,49,Central,Strategic,385774.1515,332226.5981,360088.7981,32817.2662,557893.5257
2024,2,49,East,Strategic,412638.9603,779115.8335,542759.2495,30752.093,522785.5807
2024,2,49,Central,Small & Medium,570179.4682,405993.1226,504663.4696,34446.5051,378911.5564
2024,2,49,West,Strategic,407480.2212,368684.5053,396125.444,30983.9189,433774.8644
2024,2,49,East,Small & Medium,313462.4123,513629.4275,231908.749,26654.1962,399812.9437
2024,2,49,Central,Small & Medium,376867.8843,269148.4884,697875.3517,30248.7152,272238.4371
2024,2,49,East,Strategic,341118.6825,477442.3985,427190.5984,33069.1717,264553.3738
2024,2,49,West,Small & Medium,346931.1934,460077.5579,503599.7433,30582.1023,428149.432
2024,2,49,Central,Strategic,590107.6115,392746.4706,597113.4095,29537.0742,443056.1133
2024,2,49,East,Strategic,616749.381,682597.2087,393076.3882,25341.3064,278754.37
2024,2,49,East,Strategic,506268.5447,644567.7567,523170.4672,32611.4575,750063.5218
2024,2,49,Central,Large,450488.1514,380214.1741,659079.777,30763.9065,215347.3455
2024,2,49,East,Strategic,340523.8341,489480.4028,533761.753,32689.4936,523031.8979
2024,2,49,East,Small & Medium,539218.7577,505360.2746,573352.1148,30548.5193,519324.8275
2024,2,49,East,Strategic,374240.5785,527562.3642,484543.0794,33826.6859,338266.8588
2024,2,49,Central,Strategic,424228.8909,399776.651,359612.0368,35270.5802,387976.3818
2024,2,49,East,Strategic,370464.3846,687358.2466,325468.2342,35073.2373,491025.3218
2024,2,49,West,Large,437574.7268,591934.1843,405846.5853,22076.1484,242837.6329
2024,2,49,West,Large,277497.9867,378349.1479,442410.05,29217.7369,496701.528
2024,2,49,East,Large,501305.9892,317432.0754,338327.8295,30982.923,495726.7673
2024,2,49,East,Strategic,500868.1425,446113.4347,566373.031,31264.6827,375176.1928
2024,2,49,Central,Small & Medium,440460.9038,406529.789,459235.3569,32755.6877,491335.3158
2024,2,49,West,Small & Medium,462661.6737,248260.9763,362584.3032,28094.1371,702353.4283
2024,2,49,Central,Small & Medium,665669.4371,618297.2765,497131.0338,31608.3241,537341.5093
2024,2,49,Central,Strategic,530560.3317,424192.9633,430355.8458,34117.7004,511765.5056
2024,2,49,East,Large,375468.4747,398957.6325,433453.0985,26743.9949,481391.9074
2024,2,49,West,Large,492668.3562,584261.3789,387138.5328,27539.6452,413094.6777
2024,2,49,West,Strategic,625522.3297,597182.1676,721946.9115,36181.3514,397994.8656
2024,2,49,West,Strategic,517026.8858,309149.8761,479673.6382,33834.5156,575186.7655
2024,2,49,West,Large,341731.504,713568.3403,676428.4723,29253.4675,438802.0119
2024,2,49,West,Strategic,309725.2389,635493.0206,470978.9233,30713.3534,491413.6548
2024,2,49,East,Strategic,573723.6817,296744.3116,455477.6921,27011.4417,324137.3009
2024,2,49,East,Strategic,460348.1206,506712.2773,671486.173,33205.4844,498082.2654
2024,2,49,East,Large,325805.5881,504134.7239,598087.9499,26605.2789,425684.4627
2024,2,49,East,Strategic,263066.4239,475394.372,368949.2902,28975.5617,347706.74
2024,2,49,West,Large,513092.8721,231419.4717,408691.3863,29531.8497,502041.4442
2024,2,49,East,Strategic,545903.1108,571404.11,368228.375,28346.0855,340153.0258
2024,2,49,East,Strategic,761474.2502,444101.1918,463181.3685,34502.3127,483032.3773
2024,2,49,East,Strategic,498446.8697,444005.8729,613235.6675,36542.0861,621215.463
2024,2,49,East,Strategic,496465.7375,641197.5163,359192.7783,32603.5473,228224.8311
2024,2,49,East,Strategic,505616.4321,736890.7451,432742.2149,27587.1487,441394.3797
2024,2,49,West,Large,519535.8348,714152.1247,718906.1142,31677.3586,475160.3791
2024,2,49,East,Large,675321.9614,438040.7393,690838.5122,25380.7006,431471.9107
2024,2,49,East,Large,592038.1375,304239.8875,314519.0277,31604.4404,568879.9265
2024,2,49,East,Strategic,456984.3808,574925.6421,455051.6985,34458.0733,447954.9534
2024,2,49,East,Large,545995.2881,525848.7768,217284.4594,34601.8445,449823.9781
2024,2,49,East,Large,533429.3328,650139.98,361760.87,34080.0943,511201.4143
2024,2,49,Central,Small & Medium,352101.7313,719576.4553,714132.2382,29343.3196,410806.4748
2024,2,49,West,Large,185135.722,334802.1855,310300.8428,31934.0745,510945.1927
2024,2,49,Central,Large,211463.291,457338.8703,457106.6102,36806.5274,294452.219
2024,2,49,East,Strategic,319430.7659,512162.7265,521940.093,32541.922,455586.9073
2024,2,49,West,Strategic,430961.8192,509888.7954,399151.0043,30088.0031,601760.0622
2024,2,49,Central,Strategic,220774.9682,712141.7242,456372.4934,29256.3897,438845.8462
2024,2,49,Central,Small & Medium,496443.132,338782.4217,493333.6012,31419.7662,596975.5569
2024,2,49,Central,Strategic,488894.5674,694172.6949,546968.9759,32422.7224,291804.5016
2024,2,49,West,Strategic,526376.4718,439634.3088,576447.6621,39793.2961,437726.2576
2024,2,49,East,Strategic,519372.6564,792514.0616,558174.5451,27188.176,353446.2884
2024,2,49,Central,Strategic,474777.3925,442467.2665,454696.8828,29135.6741,466170.7856
2024,2,49,West,Large,766247.9671,616583.4817,355328.4468,32600.5569,489008.3542
2024,2,49,East,Strategic,499611.2977,283540.1684,287851.009,32462.0927,357083.0199
2024,2,49,Central,Large,534787.3758,470794.8588,351084.9663,29116.2835,436744.2528
2024,2,49,West,Small & Medium,510767.5612,346372.5765,599176.5375,27922.3586,223378.8685
2024,2,49,Central,Small & Medium,550068.6334,491801.3595,438258.4034,24633.9872,320241.8333
2024,2,49,Central,Small & Medium,442892.73,528208.8651,453454.401,28581.6971,371562.0629
2024,2,49,East,Large,446798.0385,403117.6175,314465.7733,31132.0776,311320.7763
2024,2,49,East,Large,465036.0047,410485.4044,508436.1035,27864.0968,473689.645
2024,2,49,East,Large,365985.1273,621147.4671,592864.009,31180.7222,530072.2781
2024,2,49,East,Strategic,230622.0829,716267.7781,438018.5468,22629.6328,203666.6951
2024,2,49,West,Large,559345.246,542383.5419,348083.3155,31873.2052,541844.4879
2024,2,49,Central,Large,545282.2407,626508.0413,395063.8368,24759.02,346626.2794
2024,2,49,East,Strategic,328005.5504,359230.9687,452800.3857,29592.626,532667.2675
2024,2,49,West,Large,422997.2438,443252.5074,332646.6544,35358.4303,388942.7335
2024,2,49,West,Strategic,311154.6164,619926.8602,300783.2541,31563.9939,252511.9512
2024,2,49,East,Strategic,231343.2035,374321.8579,474443.3048,31850.7529,573313.5514
2024,2,49,East,Strategic,485913.0233,564692.3583,620848.1225,36265.4452,326389.0068
2024,2,49,Central,Strategic,510418.8019,464472.6812,433257.1243,28934.8702,462957.9227
2024,2,49,East,Large,391006.7089,524309.3015,709074.6555,32566.8267,488502.3998
2024,2,49,East,Large,274798.932,553265.708,442724.2513,32121.2227,578182.0091
2024,2,49,East,Large,297306.4944,315465.3389,503861.6957,30326.4922,515550.3673
2024,2,49,East,Strategic,329615.5318,621255.4758,369639.5634,32858.8005,295729.2047
2024,2,49,East,Strategic,595135.7396,389309.8588,392180.9598,29671.809,474748.9439
2024,2,49,East,Large,442676.7719,500212.9545,370200.5587,34252.9014,548046.4227
2024,2,49,East,Strategic,575427.5375,520028.6314,404406.1101,35920.095,718401.899
2024,2,49,East,Small & Medium,627872.1153,489672.4313,823881.6667,28181.5858,394542.201
2024,2,49,West,Strategic,334674.5486,580748.9827,443576.7831,24648.9212,369733.8177
2024,2,49,West,Small & Medium,575718.0237,572524.5431,257609.9265,32085.8148,641716.2966
2024,2,49,East,Small & Medium,632403.9564,471404.363,428191.2733,29312.5673,586251.3463
2024,2,49,East,Strategic,748953.9317,649862.7764,519181.3925,26386.1927,290248.1193
2024,2,49,East,Small & Medium,603468.084,373482.2557,387442.9478,32790.6742,623022.8107
2024,2,49,East,Small & Medium,368395.1962,582552.2479,393908.4893,30684.0319,675048.7023
2024,2,49,East,Small & Medium,667362.4765,537961.7007,306016.8714,29606.4505,236851.604
2024,2,49,East,Large,534943.8506,464968.8982,580958.2347,30896.9489,803320.6703
2024,2,49,Central,Small & Medium,448485.4517,319078.4433,523699.9383,25930.7194,388960.7914
2024,2,49,Central,Strategic,462667.2646,193022.2077,711831.6262,29362.0463,528516.834
2024,2,49,Central,Large,483720.924,335286.9422,341183.7964,33421.6712,334216.712
2024,2,49,West,Large,390116.3111,503185.0849,625035.7386,30538.9963,397006.9519
2024,2,49,Central,Strategic,641953.4878,398316.2644,589085.5194,24285.9297,170001.5077
2024,2,49,Central,Strategic,503425.9227,511597.3638,437366.006,29403.6543,382247.5054
2024,2,49,East,Large,514126.6169,666322.8213,431044.5632,28935.1001,578702.0016
2024,2,49,Central,Small & Medium,556064.4287,286822.1224,300262.8894,27384.7874,328617.4487
2024,2,49,West,Large,515828.8059,418261.0141,542548.9995,36048.1604,432577.9251
2024,2,49,West,Large,531959.8736,414316.5921,444940.5484,24728.5719,197828.5749
2024,2,49,East,Strategic,418679.1203,562412.8034,523079.373,30456.1245,487297.9925
2024,2,49,East,Strategic,432262.9259,398821.1941,358673.8651,38319.5794,344876.215
2024,2,49,East,Large,367920.5742,665537.4557,418612.6312,26671.4708,293386.1785
2024,2,49,West,Small & Medium,180548.6318,564921.6246,443413.5003,29215.4216,438231.3237
2024,2,49,Central,Small & Medium,355373.0214,428227.8622,393040.525,27858.3283,529308.2377
2024,2,49,West,Large,385507.9005,580995.8012,540393.8088,26096.8442,365355.8185
2024,2,49,West,Large,715974.192,422611.6975,272150.2795,26640.3051,399604.5769
2024,2,49,West,Small & Medium,507312.5886,426502.7358,366693.3439,30445.1561,517567.6536
2024,2,49,Central,Small & Medium,416913.8608,425287.9459,734163.4969,33154.3797,331543.7973
2024,2,49,East,Small & Medium,526042.3939,543549.3917,500608.8819,31812.7674,477191.5116
2024,2,49,West,Strategic,456939.8567,537898.1813,533326.9664,28621.067,543800.2735
2024,2,49,West,Small & Medium,360297.041,496935.6794,253866.5119,31634.3814,537784.4842
2024,2,49,West,Small & Medium,699153.5334,264008.5031,474673.9542,26991.9441,350895.2738
2024,2,49,East,Large,595718.4717,497057.2111,557935.7066,29557.575,502478.7744
2024,2,49,Central,Small & Medium,420379.4623,487002.6048,348548.0981,31473.4185,440627.8587
2024,2,49,West,Small & Medium,652944.9653,826878.566,443541.0292,32484.485,422298.3046
2024,2,49,East,Small & Medium,543996.0116,387836.6809,368472.4315,26644.3851,346377.0064
2024,2,49,West,Strategic,400521.9145,221756.9055,272085.9319,28430.9994,398033.9913
2024,2,49,East,Strategic,580566.7272,346293.9573,554970.3895,30194.2703,513302.5951
2024,2,49,Central,Large,641808.9309,744775.8242,501641.7905,37576.1675,450914.0094
2024,2,49,East,Large,583750.3958,582300.8967,429650.713,33344.6779,366791.457
2024,2,49,West,Large,367606.4118,561545.5277,443103.7452,29149.4538,349793.4456
2024,2,49,West,Strategic,482420.1576,624960.8373,388751.2684,31396.0326,533732.5537
2024,2,49,East,Strategic,479773.954,273991.7923,507792.4906,32176.944,579184.9922
2024,2,49,East,Large,302870.1058,508200.2063,424768.2546,24237.3417,242373.417
2024,2,49,Central,Strategic,450426.3348,490098.8164,684424.7067,30734.7777,553225.9992
2024,2,49,Central,Small & Medium,622787.7399,604088.8799,566335.0408,31006.978,372083.7365
2024,2,49,Central,Strategic,562927.3066,406570.166,420979.7083,34542.6425,345426.4246
2024,2,49,West,Small & Medium,355181.7162,743295.3288,481542.7242,31496.2674,472444.0114
2024,2,49,East,Large,386915.8909,544371.219,424962.2213,28950.0876,260550.7888
2024,2,49,East,Strategic,139345.0441,155204.2719,317841.9438,26770.963,294480.5934
2024,2,49,Central,Strategic,573800.6676,459055.1162,947600.8141,29438.5343,412139.4801
2024,2,49,East,Large,254227.2224,534779.3119,346124.2192,35546.9771,568751.6331
2024,2,49,Central,Large,704571.5549,452468.82,728477.7208,31799.2993,476989.4901
2024,2,49,West,Large,463221.4645,507267.339,501149.4279,27041.292,270412.9204
2024,2,49,West,Small & Medium,403800.2418,366528.9393,477761.315,28493.3293,569866.5865
2024,2,49,East,Strategic,672023.4387,293435.2546,459368.887,29967.9995,779167.9876
2024,2,49,Central,Strategic,356951.08,460442.0905,549761.5185,29498.4735,442477.103
2024,2,49,East,Strategic,387603.4913,436123.5215,469633.8477,28708.5187,430627.7806
2024,2,49,Central,Small & Medium,365496.7275,450000.5377,658904.7715,27811.8627,417177.9411
2024,2,49,West,Strategic,362630.0093,555468.4121,414866.7694,29806.5762,387485.4912
2024,2,49,Central,Small & Medium,794201.5542,715400.2047,404866.056,27159.655,678991.3757
2024,2,49,Central,Small & Medium,413877.3968,517074.9696,216554.6266,31430.9445,597187.9462
2024,2,49,West,Large,433779.34,308673.151,376623.4334,31375.9013,533390.3218
2024,2,49,East,Small & Medium,678330.8875,499699.343,559570.0245,32760.4072,622447.7374
2024,2,49,Central,Large,171605.534,888421.3437,395482.6903,29838.4913,566931.3348
2024,2,49,West,Strategic,498633.0038,764941.6816,348180.8465,29134.8178,407887.4494
2024,2,49,East,Strategic,477326.6219,509905.0783,420694.8324,33378.4793,567434.1479
2024,2,49,Central,Strategic,629564.3821,355057.154,499120.9933,31506.3246,504101.1933
2024,2,49,Central,Strategic,338903.8335,431981.2568,461091.8939,36860.3819,626626.4924
2024,2,49,East,Strategic,601174.8535,299951.1437,725894.5801,31274.8163,437847.4286
2024,2,49,Central,Large,493113.4004,384594.4868,533613.0063,33170.1217,597062.19
2024,2,49,Central,Strategic,407825.9708,474117.9828,320476.1915,24588.022,368820.3307
2024,2,49,West,Small & Medium,347093.4676,585903.0748,397848.0108,28523.347,399326.8584
2024,2,49,Central,Large,586566.3499,324282.6304,359973.3808,33209.5519,564562.3819
2024,2,49,East,Strategic,606497.504,500878.4015,363406.6256,30368.9446,485903.1136
2024,2,49,Central,Large,287042.677,422001.657,594205.9382,30908.7642,309087.6417
2024,2,49,East,Strategic,684361.5921,301458.0567,527776.5904,24962.1675,549167.6857
2024,2,49,Central,Large,556126.7335,636725.0157,443668.9863,29286.7142,468587.4276
2024,2,49,Central,Large,663508.6884,438044.1812,329544.6452,29449.0791,588981.5821
2024,2,49,Central,Strategic,587632.071,580250.645,429422.3731,30472.5605,609451.2101
2024,2,49,Central,Strategic,419810.1505,401809.6901,266333.6485,28635.6519,429534.7786
2024,2,49,West,Small & Medium,603840.2282,421946.4258,461373.7515,30361.3043,425058.2605
2024,2,49,Central,Strategic,338052.3505,510802.0015,356500.8898,28023.1627,420347.4398
2024,2,49,Central,Small & Medium,564719.8145,267177.3677,579329.0246,33711.626,404539.512
2024,2,49,East,Strategic,417972.0698,361563.3422,360216.8111,28726.7022,344720.4262
2024,2,49,East,Strategic,399509.7141,455946.1771,791094.7762,24129.3322,337810.6512
2024,2,49,Central,Strategic,413490.3365,267537.8938,437787.3435,26177.3325,340305.3227
2024,2,49,Central,Large,624998.1174,542399.7289,640859.4878,31169.5815,405204.5589
2024,2,49,West,Large,442472.6796,692179.6987,299136.6705,32513.4901,552729.3322
2024,2,49,Central,Large,284520.3958,470992.912,581439.9514,29474.1185,412637.6593
2024,2,49,Central,Large,753893.0864,331641.9708,217145.7615,31500.0309,724500.7113
2024,2,49,Central,Strategic,463480.5707,555329.2967,321775.8678,27828.4391,556568.7811
2024,2,49,Central,Small & Medium,404151.0187,387900.8733,631095.4583,28452.6836,398337.5707
2024,2,49,East,Large,582005.3572,501624.0509,499231.3172,33709.6519,505644.7783
2024,2,49,East,Large,298771.689,294217.8345,360004.4753,31179.4745,467692.1179
2024,2,49,Central,Large,359510.2637,604161.2861,804575.8989,32230.6833,451229.5662
2024,2,49,East,Strategic,692855.661,501320.8566,584023.1544,30274.0138,454110.2077
2024,2,49,Central,Strategic,395711.528,412545.952,444730.6538,26455.4942,449743.4021
2024,2,49,Central,Large,394945.0276,252506.7529,217402.8297,31213.9261,686706.3731
2024,2,49,East,Strategic,862409.0006,657277.727,659653.0539,31157.4998,591992.496
2024,2,49,Central,Strategic,964809.1216,254258.4432,416760.2135,27813.4964,500642.9343
2024,2,49,Central,Large,465623.7739,513761.5553,301355.893,29952.0424,359424.5087
2024,2,49,Central,Small & Medium,332686.8144,615560.1336,621839.5209,30586.4053,336450.458
2024,2,49,Central,Large,366373.1317,456234.6648,687866.8727,29450.2351,294502.3505
2024,2,49,Central,Large,426900.9547,788255.2242,773501.5833,33616.2112,504243.1683
2024,2,49,Central,Large,513205.8692,316567.7281,403180.7249,26353.5893,316243.0715
2024,2,49,Central,Small & Medium,447470.2634,295139.9357,364803.8778,35073.4288,666395.1477
2024,2,49,West,Large,457843.2775,428263.4595,542578.4959,28368.5725,453897.1607
2024,2,49,Central,Large,315764.2962,510284.4222,368788.8345,28399.0453,567980.9067
2024,2,49,Central,Strategic,544413.1927,477239.901,483080.8334,26425.356,502081.7639
2024,2,49,Central,Strategic,581155.3478,293609.3582,292142.6983,34633.6667,519505.0003
2024,2,49,East,Strategic,733328.0361,358212.3024,382418.4465,32061.8123,673298.0574
2024,2,49,East,Small & Medium,397547.9615,793230.2409,542642.7867,30482.6917,487723.0675
2024,2,49,Central,Strategic,453653.6915,552291.2303,670658.3324,33726.3829,337263.8289
2024,2,49,Central,Strategic,740698.4455,554822.2628,509729.6627,28342.3384,340108.0609
2024,2,49,East,Small & Medium,676412.8514,368095.9658,429070.1888,32381.3325,388575.99
2024,2,49,Central,Small & Medium,272051.263,324730.6805,373299.1045,36234.6877,724693.7541
2024,2,49,East,Large,226449.908,331398.7984,621288.4922,26826.9523,402404.2844
2024,2,49,East,Small & Medium,257621.6404,453103.9675,275699.635,34353.273,343532.7302
2024,2,49,East,Small & Medium,406960.7534,521933.8201,561816.6923,34846.6013,487852.4179
2024,3,50,Central,Strategic,393527.7178,243750.4215,194290.275,34098.4589,340984.5894
2024,3,50,East,Strategic,403100.8675,544655.0033,242594.8063,30445.3426,304453.4255
2024,3,50,Central,Strategic,316729.6454,302082.6135,724508.96,32552.3602,520837.7628
2024,3,50,West,Large,421174.3069,501525.587,534355.5889,24274.4659,267019.1248
2024,3,50,Central,Large,424510.6782,816880.6359,468810.0557,30938.6177,649710.9724
2024,3,50,West,Strategic,647862.8815,416150.3004,299745.6422,33285.1191,532561.9056
2024,3,50,East,Large,687905.6063,796772.1801,380702.3751,33775.2504,472853.506
2024,3,50,East,Large,488445.5442,434280.2629,249105.4333,27072.528,460232.9768
2024,3,50,East,Small & Medium,284314.1223,538028.8855,671946.2122,31059.2663,403770.4614
2024,3,50,West,Strategic,357007.7052,665893.9136,662491.4928,33609.4503,604970.1045
2024,3,50,Central,Strategic,627742.077,541025.3146,428840.4547,30658.8652,827789.3603
2024,3,50,Central,Strategic,505324.5581,600134.3321,410286.353,31173.6702,436431.3828
2024,3,50,East,Strategic,524856.7428,626131.1684,824332.7639,24640.9142,271050.0561
2024,3,50,West,Strategic,345045.8708,611976.7979,601486.4078,28675.5423,544835.3045
2024,3,50,West,Large,531424.2521,499625.882,333838.1606,34688.0254,520320.3813
2024,3,50,East,Strategic,275742.1939,666219.4249,791808.1802,34378.3565,171891.7826
2024,3,50,West,Strategic,459567.4557,568679.5451,423781.0043,25021.6327,375324.4911
2024,3,50,West,Strategic,501132.5722,295358.0137,460718.4242,28835.5968,519040.7432
2024,3,50,West,Large,578275.7344,463698.7316,536667.5019,27028.9223,405433.8342
2024,3,50,East,Large,385844.5337,534563.8683,275738.1454,31361.2764,250890.2114
2024,3,50,East,Strategic,486348.5617,305829.1674,466760.9581,33333.8334,700010.5008
2024,3,50,East,Small & Medium,540874.8336,499139.7563,563592.4847,28443.6135,483541.4303
2024,3,50,West,Small & Medium,428033.3643,342929.2994,419114.682,34172.4065,444241.2847
2024,3,50,West,Strategic,624403.542,395613.0796,534602.4185,28379.8643,510837.5577
2024,3,50,West,Large,428508.4788,501349.2606,205217.9541,24991.1986,249911.9861
2024,3,50,East,Small & Medium,193208.5313,647864.3869,575584.6977,33993.325,509899.8744
2024,3,50,East,Strategic,462612.5918,647931.4541,303037.2336,28039.958,616879.0754
2024,3,50,East,Small & Medium,389472.1414,450638.3868,504566.4713,27684.0286,609048.629
2024,3,50,West,Small & Medium,631663.3279,460883.6327,410563.2526,30637.2742,428921.8388
2024,3,50,Central,Large,711190.9948,537838.6054,600601.7693,28916.3724,462661.9591
2024,3,50,West,Large,308443.1415,306308.1005,471244.3392,27381.1953,602386.297
2024,3,50,Central,Small & Medium,533968.8425,467357.9538,397686.8864,31519.6744,409755.7666
2024,3,50,West,Strategic,518062.8769,821985.6258,343412.5679,33616.9081,638721.2532
2024,3,50,East,Small & Medium,406641.5257,687232.3433,269929.5569,32205.8172,386469.8062
2024,3,50,Central,Large,316403.3731,605634.704,557329.8288,30560.6889,611213.777
2024,3,50,East,Small & Medium,397838.3427,475682.0389,350525.8216,30372.5285,455587.9278
2024,3,50,East,Small & Medium,355893.2363,475237.3632,309854.2853,34213.5574,478989.8038
2024,3,50,East,Small & Medium,260661.6361,488514.1283,557529.7113,30301.4115,515123.9948
2024,3,50,East,Small & Medium,222608.2457,451758.66,430074.536,29486.5311,412811.4354
2024,3,50,East,Small & Medium,409110.0205,367376.9834,510806.7921,28620.8143,629657.9136
2024,3,50,West,Small & Medium,347597.9037,540579.5498,301120.3132,32127.0185,610413.352
2024,3,50,East,Small & Medium,416571.1986,543295.1374,450133.7914,26911.0824,403666.2367
2024,3,50,East,Small & Medium,619550.1911,375821.7428,500784.8931,24298.6089,340180.5245
2024,3,50,East,Small & Medium,269544.4435,440633.2837,464148.8466,31449.7004,377396.4047
2024,3,50,East,Large,371816.4814,313549.8354,489046.431,33140.9311,265127.4488
2024,3,50,East,Strategic,336734.8433,365759.2545,414178.5941,35429.543,460584.0584
2024,3,50,East,Strategic,572787.559,363634.0584,480589.211,29781.3042,387156.9545
2024,3,50,East,Strategic,404481.4687,574790.339,646524.0305,30010.6137,600212.2736
2024,3,50,East,Small & Medium,624110.0736,682148.8634,662952.5431,25878.0021,284658.0235
2024,3,50,East,Small & Medium,572147.1597,456647.3979,238622.6149,26035.3563,260353.563
2024,3,50,East,Small & Medium,328894.5406,420463.962,475683.9119,36895.9345,405855.2792
2024,3,50,East,Small & Medium,571010.6883,245939.0929,255378.0691,30452.1441,304521.4414
2024,3,50,East,Small & Medium,629538.488,474030.0501,259902.594,34847.0124,592399.2111
2024,3,50,East,Small & Medium,480661.2924,469590.8943,608033.3493,31785.8167,445001.4333
2024,3,50,East,Small & Medium,696011.481,403086.858,618630.1706,33120.8438,496812.6564
2024,3,50,East,Small & Medium,414875.9257,540059.5626,721292.3754,31728.279,666293.8586
2024,3,50,East,Small & Medium,478449.047,579604.4069,437011.4883,34053.2443,681064.8868
2024,3,50,East,Small & Medium,626718.2359,662856.0283,614218.0643,30025.8315,360309.9782
2024,3,50,Central,Small & Medium,384720.4241,486692.7448,297072.9793,29590.8702,355090.4418
2024,3,50,East,Small & Medium,595222.4056,401062.1156,425822.7812,29620.9797,385072.7362
2024,3,50,Central,Small & Medium,410516.5974,288536.5537,573422.9731,29620.5626,533170.1269
2024,3,50,East,Small & Medium,458351.5085,373594.754,472812.6746,34178.0935,581027.5901
2024,3,50,Central,Small & Medium,384685.6642,652905.9963,672596.6749,31720.003,602680.0571
2024,3,50,East,Large,522720.1616,490069.0356,364602.4377,31366.8437,376402.1242
2024,3,50,East,Strategic,505210.4912,385408.5111,476175.4073,34037.5647,850939.1182
2024,3,50,Central,Strategic,274913.2867,450472.639,484011.0129,31322.1738,313221.7376
2024,3,50,West,Large,299563.9073,566783.7695,702051.6444,31114.6324,435604.8534
2024,3,50,East,Large,361879.5295,459804.2055,430961.9379,28502.8147,484547.8506
2024,3,50,Central,Small & Medium,383313.5159,334685.7916,592420.2006,28130.3602,393825.0433
2024,3,50,West,Large,507828.4405,602577.1965,641064.5675,34530.3132,656075.9512
2024,3,50,Central,Small & Medium,458722.7167,442474.5436,421716.4387,29117.5066,494997.6118
2024,3,50,Central,Small & Medium,224270.1506,704854.4051,374053.5726,24968.6742,299624.0899
2024,3,50,East,Strategic,356078.6871,432788.6911,510292.523,27018.9143,324226.971
2024,3,50,West,Small & Medium,411467.7405,536315.8188,630637.3282,24558.9684,245589.6843
2024,3,50,Central,Small & Medium,507927.2882,325668.1675,457508.5057,31481.8847,503710.1557
2024,3,50,West,Strategic,605556.7582,378075.8642,320223.8916,26512.7777,450717.221
2024,3,50,West,Strategic,493653.8938,473681.5573,545534.5221,30501.3339,518522.6771
2024,3,50,Central,Small & Medium,645855.665,631105.9239,406018.8248,31745.2161,412687.8091
2024,3,50,East,Strategic,413325.3237,422536.0785,901449.0637,30687.9166,583070.4161
2024,3,50,East,Large,567283.1333,563222.4062,483277.781,31036.4559,620729.1186
2024,3,50,East,Small & Medium,485736.622,417453.7224,646051.5269,28458.1849,483789.1426
2024,3,50,East,Small & Medium,318970.4271,475530.8465,373426.0198,29083.2968,494416.045
2024,3,50,Central,Large,322882.2,561623.2692,761380.5157,33180.5835,464528.1683
2024,3,50,West,Large,464236.0482,380361.047,495212.7547,33501.3211,770530.3845
2024,3,50,West,Large,521750.6509,363311.4228,475761.5267,28162.6866,337952.2388
2024,3,50,Central,Strategic,531271.1302,349517.2805,224648.5844,37469.6278,487105.1616
2024,3,50,East,Strategic,492843.0134,557710.1389,434115.3476,24795.6581,421526.1878
2024,3,50,West,Large,295182.1162,646343.7161,382321.4202,29015.0639,493256.0864
2024,3,50,Central,Large,504355.7022,374356.6942,612411.439,33980.5907,475728.2696
2024,3,50,East,Large,218226.3894,690368.2956,382277.5691,31385.1577,596317.9956
2024,3,50,Central,Large,660479.3404,746117.7443,506865.6973,36655.4719,366554.7186
2024,3,50,East,Large,566682.791,558302.4471,590185.7885,29257.5562,409605.787
2024,3,50,Central,Small & Medium,307533.7697,690964.6882,673285.1995,24574.2945,516060.1843
2024,3,50,East,Large,154319.6438,330832.5828,493973.6074,34863.9838,418367.8051
2024,3,50,Central,Small & Medium,419703.0141,673483.3685,699546.3179,35191.8914,281535.1313
2024,3,50,Central,Small & Medium,381960.684,522634.5149,491412.6773,34778.5146,626013.2631
2024,3,50,East,Small & Medium,354733.3605,383553.6693,863960.8417,26723.3521,106893.4085
2024,3,50,East,Large,538274.7572,250456.4061,579035.6497,29497.1895,530949.4105
2024,3,50,East,Strategic,669879.7034,563772.7154,638983.4124,28521.3599,370777.6781
2024,3,50,Central,Strategic,302424.2691,562834.42,326887.8593,31872.1131,254976.9046
2024,3,50,Central,Large,413902.2628,490256.9276,446638.0561,34766.7359,591034.5103
2024,3,50,Central,Large,553697.962,560252.1751,472140.3495,30331.9675,424647.5444
2024,3,50,Central,Large,598877.9438,425105.1574,667816.2938,32030.5639,640611.2783
2024,3,50,Central,Large,462804.8005,308346.7917,608049.3622,31466.8158,597869.4998
2024,3,50,West,Strategic,330855.1048,632053.3381,447550.014,33805.2279,473273.1911
2024,3,50,East,Large,408768.8673,365966.0447,306522.0918,32514.725,715323.9496
2024,3,50,Central,Small & Medium,346319.2819,393627.5743,343069.7997,30338.8882,364066.6578
2024,3,50,Central,Small & Medium,467913.3314,415273.9239,484889.0512,28346.2235,538578.2464
2024,3,50,East,Small & Medium,642660.3364,616929.5952,453684.5926,27822.2983,528623.6677
2024,3,50,Central,Strategic,356873.2553,658566.2517,353171.6981,29794.2978,655474.5518
2024,3,50,Central,Large,492229.2266,696950.4272,506799.6085,30972.6305,650425.2415
2024,3,50,Central,Small & Medium,402438.8916,592885.0395,431945.114,27702.6153,387836.6139
2024,3,50,Central,Small & Medium,617586.4573,635159.1946,528775.6588,27301.7189,436827.5026
2024,3,50,Central,Strategic,272601.8275,390802.7237,419628.4449,29628.4827,385170.2746
2024,3,50,Central,Large,482268.0844,544188.4382,608219.1879,32959.9185,659198.3695
2024,3,50,East,Small & Medium,665167.5534,729750.1033,190805.1263,32426.6126,421545.9637
2024,3,50,East,Large,527469.2937,532807.3629,484455.6901,28739.1631,459826.6094
2024,3,50,Central,Strategic,444704.183,332478.6817,577513.1369,31187.7552,561379.5929
2024,3,50,East,Strategic,516068.4902,425358.7306,379337.9709,34161.982,819887.5682
2024,3,50,East,Small & Medium,529854.4956,272625.8673,297130.4891,31873.7283,382484.7395
2024,3,50,East,Large,532816.0354,526647.9176,467009.3034,30713.802,522134.6337
2024,3,50,Central,Strategic,223351.12,496976.9158,327535.1024,28317.1223,453073.9568
2024,3,50,East,Large,628124.0757,350255.995,446195.4187,31151.0322,342661.3547
2024,3,50,East,Small & Medium,386386.5771,325852.9044,353783.7638,27357.8407,328294.0883
2024,3,50,Central,Strategic,690733.4497,463972.1918,551100.3171,25302.3497,430139.9452
2024,3,50,West,Large,529364.0478,645810.076,654623.9945,27925.8629,446813.8058
2024,3,50,East,Strategic,419317.2917,303887.9895,419850.5683,32985.5823,494783.7352
2024,3,50,West,Strategic,288924.1977,466612.7852,435491.0802,30228.2473,423195.4622
2024,3,50,West,Small & Medium,503260.9248,448711.1567,308271.1661,29730.3813,267573.4315
2024,3,50,West,Large,590120.7661,455690.0905,722243.3326,33702.9852,606653.7334
2024,3,50,East,Small & Medium,396049.1025,552160.4827,662298.3904,36626.5374,219759.2246
2024,3,50,East,Large,891209.8013,586635.0578,608306.6199,32795.0125,688695.2624
2024,3,50,Central,Large,521145.5632,360214.31,387688.2703,36120.9532,541814.2986
2024,3,50,East,Large,456137.5892,581393.0934,542724.7317,31280.8672,782021.6788
2024,3,50,East,Strategic,599769.2741,462246.046,469481.1684,28678.8951,372825.6357
2024,3,50,East,Strategic,475889.1392,354264.0697,423786.8799,29284.5341,614975.2169
2024,3,50,East,Large,495824.3926,564033.9746,214743.3217,29943.0545,509031.9262
2024,3,50,Central,Small & Medium,344681.6701,386451.4627,500287.6314,23977.8832,359668.2474
2024,3,50,Central,Small & Medium,593236.2337,540994.469,438925.182,25456.8053,610963.3276
2024,3,50,East,Strategic,514700.1903,359073.007,294798.7171,32145.5122,417891.659
2024,3,50,East,Large,680010.5507,229326.2183,323652.4283,32992.964,626866.3166
2024,3,50,East,Large,501449.6889,441550.3058,279652.5951,31665.191,411647.4825
2024,3,50,East,Strategic,524540.8916,409527.8571,459412.6244,28890.1636,346681.9627
2024,3,50,Central,Strategic,452873.0645,643234.6799,321470.1095,31439.5778,597351.9782
2024,3,50,Central,Large,339313.507,500645.4282,582690.3237,26417.2301,343423.9915
2024,3,50,West,Large,566946.3301,148707.5742,498611.5009,33117.9032,364296.935
2024,3,50,Central,Large,250837.1802,567592.7336,436459.9797,32641.9123,391702.9478
2024,3,50,East,Small & Medium,444476.816,524899.9406,450292.1089,29931.4352,748285.8803
2024,3,50,West,Large,461022.6336,418141.8207,338203.9743,25788.4211,464191.579
2024,3,50,West,Strategic,236369.0766,458759.3185,334611.2914,28248.6637,593221.9374
2024,3,50,Central,Strategic,252381.3607,351377.8737,581359.0605,29199.6175,583992.3506
2024,3,50,Central,Strategic,355568.8028,416773.6773,459228.3605,30822.3786,616447.5713
2024,3,50,Central,Strategic,598518.2745,250759.7522,374418.9093,32891.5705,460481.9867
2024,3,50,Central,Strategic,446827.368,388374.8881,541131.8415,31644.3412,506309.4596
2024,3,50,Central,Strategic,557893.5257,385774.1515,332226.5981,32524.8188,748070.8331
2024,3,50,East,Strategic,522785.5807,412638.9603,779115.8335,32580.8256,488712.3845
2024,3,50,Central,Small & Medium,378911.5564,570179.4682,405993.1226,23276.9069,442261.2307
2024,3,50,West,Strategic,433774.8644,407480.2212,368684.5053,27088.0336,406320.5037
2024,3,50,East,Small & Medium,399812.9437,313462.4123,513629.4275,25012.7603,325165.8839
2024,3,50,Central,Small & Medium,272238.4371,376867.8843,269148.4884,27962.2844,279622.8439
2024,3,50,East,Strategic,264553.3738,341118.6825,477442.3985,36363.3432,581813.4916
2024,3,50,West,Small & Medium,428149.432,346931.1934,460077.5579,27234.6298,435754.076
2024,3,50,Central,Strategic,443056.1133,590107.6115,392746.4706,27061.7522,487111.5387
2024,3,50,East,Strategic,278754.37,616749.381,682597.2087,34381.772,618871.8956
2024,3,50,East,Strategic,750063.5218,506268.5447,644567.7567,30815.8953,431422.5344
2024,3,50,Central,Large,215347.3455,450488.1514,380214.1741,28935.789,549779.9909
2024,3,50,East,Strategic,523031.8979,340523.8341,489480.4028,34124.0233,648356.443
2024,3,50,East,Small & Medium,519324.8275,539218.7577,505360.2746,28861.6646,432924.9696
2024,3,50,East,Strategic,338266.8588,374240.5785,527562.3642,30937.2315,680619.0931
2024,3,50,Central,Strategic,387976.3818,424228.8909,399776.651,30018.1464,510308.488
2024,3,50,East,Strategic,491025.3218,370464.3846,687358.2466,29005.0021,522090.0378
2024,3,50,West,Large,242837.6329,437574.7268,591934.1843,34736.6889,382103.5775
2024,3,50,West,Large,496701.528,277497.9867,378349.1479,34268.434,445489.6426
2024,3,50,East,Large,495726.7673,501305.9892,317432.0754,31906.7107,446693.9501
2024,3,50,East,Strategic,375176.1928,500868.1425,446113.4347,34068.0286,647292.5433
2024,3,50,Central,Small & Medium,491335.3158,440460.9038,406529.789,28931.6301,289316.3013
2024,3,50,West,Small & Medium,702353.4283,462661.6737,248260.9763,28431.0464,398034.6494
2024,3,50,Central,Small & Medium,537341.5093,665669.4371,618297.2765,27700.6974,415510.4615
2024,3,50,Central,Strategic,511765.5056,530560.3317,424192.9633,34592.7568,553484.1088
2024,3,50,East,Large,481391.9074,375468.4747,398957.6325,29461.3745,441920.6173
2024,3,50,West,Large,413094.6777,492668.3562,584261.3789,34094.4102,443227.3325
2024,3,50,West,Strategic,397994.8656,625522.3297,597182.1676,24679.6574,271476.2313
2024,3,50,West,Strategic,575186.7655,517026.8858,309149.8761,31258.1036,656420.1758
2024,3,50,West,Large,438802.0119,341731.504,713568.3403,25285.0112,379275.1679
2024,3,50,West,Strategic,491413.6548,309725.2389,635493.0206,29702.5154,564347.7926
2024,3,50,East,Strategic,324137.3009,573723.6817,296744.3116,30134.837,452022.5543
2024,3,50,East,Strategic,498082.2654,460348.1206,506712.2773,34793.4373,695868.7463
2024,3,50,East,Large,425684.4627,325805.5881,504134.7239,33181.7493,564089.7374
2024,3,50,East,Strategic,347706.74,263066.4239,475394.372,29383.742,352604.9041
2024,3,50,West,Large,502041.4442,513092.8721,231419.4717,28394.1141,312335.2553
2024,3,50,East,Strategic,340153.0258,545903.1108,571404.11,30345.3954,819325.6767
2024,3,50,East,Strategic,483032.3773,761474.2502,444101.1918,29043.1183,435646.7739
2024,3,50,East,Strategic,621215.463,498446.8697,444005.8729,28494.18,484401.0608
2024,3,50,East,Strategic,228224.8311,496465.7375,641197.5163,34157.584,478206.176
2024,3,50,East,Strategic,441394.3797,505616.4321,736890.7451,31866.5885,732931.5353
2024,3,50,West,Large,475160.3791,519535.8348,714152.1247,33903.6622,745880.5687
2024,3,50,East,Large,431471.9107,675321.9614,438040.7393,34212.497,478974.9575
2024,3,50,East,Large,568879.9265,592038.1375,304239.8875,41081.5972,534060.763
2024,3,50,East,Strategic,447954.9534,456984.3808,574925.6421,32889.8399,592017.118
2024,3,50,East,Large,449823.9781,545995.2881,525848.7768,30319.7646,363837.1751
2024,3,50,East,Large,511201.4143,533429.3328,650139.98,28539.555,399553.7705
2024,3,50,Central,Small & Medium,410806.4748,352101.7313,719576.4553,34737.332,347373.3197
2024,3,50,West,Large,510945.1927,185135.722,334802.1855,27188.7347,353453.5506
2024,3,50,Central,Large,294452.219,211463.291,457338.8703,27078.4105,270784.1054
2024,3,50,East,Strategic,455586.9073,319430.7659,512162.7265,31531.8005,567572.4097
2024,3,50,West,Strategic,601760.0622,430961.8192,509888.7954,29472.8409,648402.5003
2024,3,50,Central,Strategic,438845.8462,220774.9682,712141.7242,30519.9738,457799.6075
2024,3,50,Central,Small & Medium,596975.5569,496443.132,338782.4217,28886.6646,577733.2918
2024,3,50,Central,Strategic,291804.5016,488894.5674,694172.6949,29533.4934,443002.4013
2024,3,50,West,Strategic,437726.2576,526376.4718,439634.3088,32488.1394,259905.1151
2024,3,50,East,Strategic,353446.2884,519372.6564,792514.0616,30808.0096,462120.1433
2024,3,50,Central,Strategic,466170.7856,474777.3925,442467.2665,35112.1276,596906.1698
2024,3,50,West,Large,489008.3542,766247.9671,616583.4817,34685.7266,416228.7187
2024,3,50,East,Strategic,357083.0199,499611.2977,283540.1684,36945.9628,406405.5904
2024,3,50,Central,Large,436744.2528,534787.3758,470794.8588,34359.4631,412313.5574
2024,3,50,West,Small & Medium,223378.8685,510767.5612,346372.5765,33841.3104,710667.5183
2024,3,50,Central,Small & Medium,320241.8333,550068.6334,491801.3595,26526.6901,530533.8022
2024,3,50,Central,Small & Medium,371562.0629,442892.73,528208.8651,26251.5553,367521.7736
2024,3,50,East,Large,311320.7763,446798.0385,403117.6175,27447.2475,631286.6928
2024,3,50,East,Large,473689.645,465036.0047,410485.4044,29539.2348,443088.522
2024,3,50,East,Large,530072.2781,365985.1273,621147.4671,35054.2466,315488.2194
2024,3,50,East,Strategic,203666.6951,230622.0829,716267.7781,29306.7336,410294.2707
2024,3,50,West,Large,541844.4879,559345.246,542383.5419,28146.4524,281464.5243
2024,3,50,Central,Large,346626.2794,545282.2407,626508.0413,26568.7831,292256.614
2024,3,50,East,Strategic,532667.2675,328005.5504,359230.9687,29606.691,473707.0552
2024,3,50,West,Large,388942.7335,422997.2438,443252.5074,27727.0022,526813.0417
2024,3,50,West,Strategic,252511.9512,311154.6164,619926.8602,36292.4483,725848.9661
2024,3,50,East,Strategic,573313.5514,231343.2035,374321.8579,29425.5102,529659.184
2024,3,50,East,Strategic,326389.0068,485913.0233,564692.3583,29660.5403,563550.2657
2024,3,50,Central,Strategic,462957.9227,510418.8019,464472.6812,34987.5777,419850.9321
2024,3,50,East,Large,488502.3998,391006.7089,524309.3015,29395.1822,411532.5505
2024,3,50,East,Large,578182.0091,274798.932,553265.708,25320.2929,202562.3434
2024,3,50,East,Large,515550.3673,297306.4944,315465.3389,27664.66,165987.9601
2024,3,50,East,Strategic,295729.2047,329615.5318,621255.4758,33525.6498,569936.047
2024,3,50,East,Strategic,474748.9439,595135.7396,389309.8588,33265.0174,765095.4005
2024,3,50,East,Large,548046.4227,442676.7719,500212.9545,33113.0088,496695.1315
2024,3,50,East,Strategic,718401.899,575427.5375,520028.6314,30213.1682,392771.1872
2024,3,50,East,Small & Medium,394542.201,627872.1153,489672.4313,22610.6325,271327.5899
2024,3,50,West,Strategic,369733.8177,334674.5486,580748.9827,29411.3564,588227.1283
2024,3,50,West,Small & Medium,641716.2966,575718.0237,572524.5431,29916.452,478663.2318
2024,3,50,East,Small & Medium,586251.3463,632403.9564,471404.363,32177.2399,418304.1192
2024,3,50,East,Strategic,290248.1193,748953.9317,649862.7764,28694.2233,459107.572
2024,3,50,East,Small & Medium,623022.8107,603468.084,373482.2557,29617.7158,444265.7374
2024,3,50,East,Small & Medium,675048.7023,368395.1962,582552.2479,32127.0943,417652.2259
2024,3,50,East,Small & Medium,236851.604,667362.4765,537961.7007,34642.1278,554274.0447
2024,3,50,East,Large,803320.6703,534943.8506,464968.8982,26527.8959,344862.6462
2024,3,50,Central,Small & Medium,388960.7914,448485.4517,319078.4433,34486.5922,448325.6989
2024,3,50,Central,Strategic,528516.834,462667.2646,193022.2077,31864.3453,605422.5604
2024,3,50,Central,Large,334216.712,483720.924,335286.9422,38863.5402,505226.0222
2024,3,50,West,Large,397006.9519,390116.3111,503185.0849,34393.1102,309537.992
2024,3,50,Central,Strategic,170001.5077,641953.4878,398316.2644,30383.5442,516520.2517
2024,3,50,Central,Strategic,382247.5054,503425.9227,511597.3638,34203.8311,581465.1291
2024,3,50,East,Large,578702.0016,514126.6169,666322.8213,27996.2203,307958.4234
2024,3,50,Central,Small & Medium,328617.4487,556064.4287,286822.1224,33237.799,531804.7839
2024,3,50,West,Large,432577.9251,515828.8059,418261.0141,35611.1674,391722.8418
2024,3,50,West,Large,197828.5749,531959.8736,414316.5921,34008.7751,272070.2009
2024,3,50,East,Strategic,487297.9925,418679.1203,562412.8034,29276.667,614810.0072
2024,3,50,East,Strategic,344876.215,432262.9259,398821.1941,25695.5,642387.5001
2024,3,50,East,Large,293386.1785,367920.5742,665537.4557,35185.7847,316672.0623
2024,3,50,West,Small & Medium,438231.3237,180548.6318,564921.6246,30414.6489,425805.0848
2024,3,50,Central,Small & Medium,529308.2377,355373.0214,428227.8622,28501.4282,513025.7069
2024,3,50,West,Large,365355.8185,385507.9005,580995.8012,30108.0918,481729.468
2024,3,50,West,Large,399604.5769,715974.192,422611.6975,35482.4391,567719.0258
2024,3,50,West,Small & Medium,517567.6536,507312.5886,426502.7358,29745.3342,565161.349
2024,3,50,Central,Small & Medium,331543.7973,416913.8608,425287.9459,37654.3707,753087.4132
2024,3,50,East,Small & Medium,477191.5116,526042.3939,543549.3917,31565.1286,789128.2145
2024,3,50,West,Strategic,543800.2735,456939.8567,537898.1813,29092.7241,436390.8615
2024,3,50,West,Small & Medium,537784.4842,360297.041,496935.6794,31206.7646,468101.4685
2024,3,50,West,Small & Medium,350895.2738,699153.5334,264008.5031,28458.9758,597638.4916
2024,3,50,East,Large,502478.7744,595718.4717,497057.2111,33005.2753,264042.2027
2024,3,50,Central,Small & Medium,440627.8587,420379.4623,487002.6048,26163.4175,209307.3396
2024,3,50,West,Small & Medium,422298.3046,652944.9653,826878.566,23933.04,287196.4805
2024,3,50,East,Small & Medium,346377.0064,543996.0116,387836.6809,29046.1307,406645.8294
2024,3,50,West,Strategic,398033.9913,400521.9145,221756.9055,30368.2752,546628.954
2024,3,50,East,Strategic,513302.5951,580566.7272,346293.9573,28528.1859,342338.2307
2024,3,50,Central,Large,450914.0094,641808.9309,744775.8242,33259.3838,698447.0604
2024,3,50,East,Large,366791.457,583750.3958,582300.8967,34169.2659,478369.7231
2024,3,50,West,Large,349793.4456,367606.4118,561545.5277,29794.4399,715066.5571
2024,3,50,West,Strategic,533732.5537,482420.1576,624960.8373,28286.0289,509148.5202
2024,3,50,East,Strategic,579184.9922,479773.954,273991.7923,32232.3503,483485.2552
2024,3,50,East,Large,242373.417,302870.1058,508200.2063,25983.7651,285821.4156
2024,3,50,Central,Strategic,553225.9992,450426.3348,490098.8164,31878.5373,573813.6719
2024,3,50,Central,Small & Medium,372083.7365,622787.7399,604088.8799,28381.3809,340576.5703
2024,3,50,Central,Strategic,345426.4246,562927.3066,406570.166,28504.5931,427568.8972
2024,3,50,West,Small & Medium,472444.0114,355181.7162,743295.3288,32978.7326,428723.5232
2024,3,50,East,Large,260550.7888,386915.8909,544371.219,30068.5882,420960.2353
2024,3,50,East,Strategic,294480.5934,139345.0441,155204.2719,28449.5776,312945.3538
2024,3,50,Central,Strategic,412139.4801,573800.6676,459055.1162,30426.3221,578100.1201
2024,3,50,East,Large,568751.6331,254227.2224,534779.3119,25834.5131,258345.1309
2024,3,50,Central,Large,476989.4901,704571.5549,452468.82,26197.687,445360.6785
2024,3,50,West,Large,270412.9204,463221.4645,507267.339,28811.4694,403360.5721
2024,3,50,West,Small & Medium,569866.5865,403800.2418,366528.9393,30505.0175,640605.3665
2024,3,50,East,Strategic,779167.9876,672023.4387,293435.2546,32831.0005,590958.0093
2024,3,50,Central,Strategic,442477.103,356951.08,460442.0905,35033.6486,420403.7832
2024,3,50,East,Strategic,430627.7806,387603.4913,436123.5215,36612.1523,622406.5889
2024,3,50,Central,Small & Medium,417177.9411,365496.7275,450000.5377,34513.304,586726.1681
2024,3,50,West,Strategic,387485.4912,362630.0093,555468.4121,27574.6272,248171.6444
2024,3,50,Central,Small & Medium,678991.3757,794201.5542,715400.2047,31562.7715,410316.0292
2024,3,50,Central,Small & Medium,597187.9462,413877.3968,517074.9696,31361.9765,470429.6482
2024,3,50,West,Large,533390.3218,433779.34,308673.151,31457.7958,534782.5278
2024,3,50,East,Small & Medium,622447.7374,678330.8875,499699.343,28564.8426,371342.9532
2024,3,50,Central,Large,566931.3348,171605.534,888421.3437,29975.7004,509586.907
2024,3,50,West,Strategic,407887.4494,498633.0038,764941.6816,30686.7258,521674.3381
2024,3,50,East,Strategic,567434.1479,477326.6219,509905.0783,29197.7927,613153.6466
2024,3,50,Central,Strategic,504101.1933,629564.3821,355057.154,28276.0882,622073.94
2024,3,50,Central,Strategic,626626.4924,338903.8335,431981.2568,31488.4063,409349.282
2024,3,50,East,Strategic,437847.4286,601174.8535,299951.1437,26587.8784,398818.1764
2024,3,50,Central,Large,597062.19,493113.4004,384594.4868,31200.097,592801.8434
2024,3,50,Central,Strategic,368820.3307,407825.9708,474117.9828,32145.0056,642900.1128
2024,3,50,West,Small & Medium,399326.8584,347093.4676,585903.0748,30211.828,604236.56
2024,3,50,Central,Large,564562.3819,586566.3499,324282.6304,36476.3399,620097.7779
2024,3,50,East,Strategic,485903.1136,606497.504,500878.4015,31660.5673,538229.6445
2024,3,50,Central,Large,309087.6417,287042.677,422001.657,40508.0028,364572.0253
2024,3,50,East,Strategic,549167.6857,684361.5921,301458.0567,32548.5918,195291.5506
2024,3,50,Central,Large,468587.4276,556126.7335,636725.0157,30178.0481,513026.8173
2024,3,50,Central,Large,588981.5821,663508.6884,438044.1812,24275.6865,412686.6708
2024,3,50,Central,Strategic,609451.2101,587632.071,580250.645,29474.6795,353696.1537
2024,3,50,Central,Strategic,429534.7786,419810.1505,401809.6901,35650.0798,392150.8776
2024,3,50,West,Small & Medium,425058.2605,603840.2282,421946.4258,37749.1733,490739.2533
2024,3,50,Central,Strategic,420347.4398,338052.3505,510802.0015,32733.4244,589201.64
2024,3,50,Central,Small & Medium,404539.512,564719.8145,267177.3677,29741.6827,475866.923
2024,3,50,East,Strategic,344720.4262,417972.0698,361563.3422,27035.3398,459600.7765
2024,3,50,East,Strategic,337810.6512,399509.7141,455946.1771,26500.9147,477016.4654
2024,3,50,Central,Strategic,340305.3227,413490.3365,267537.8938,23247.9937,302223.9181
2024,3,50,Central,Large,405204.5589,624998.1174,542399.7289,30350.9903,455264.8543
2024,3,50,West,Large,552729.3322,442472.6796,692179.6987,30226.9617,544085.3104
2024,3,50,Central,Large,412637.6593,284520.3958,470992.912,30327.953,515575.2011
2024,3,50,Central,Large,724500.7113,753893.0864,331641.9708,28810.8215,489783.9647
2024,3,50,Central,Strategic,556568.7811,463480.5707,555329.2967,38864.4988,388644.9879
2024,3,50,Central,Small & Medium,398337.5707,404151.0187,387900.8733,29348.9159,616327.2329
2024,3,50,East,Large,505644.7783,582005.3572,501624.0509,25215.9659,403455.4548
2024,3,50,East,Large,467692.1179,298771.689,294217.8345,35141.289,491978.0453
2024,3,50,Central,Large,451229.5662,359510.2637,604161.2861,31152.3337,529589.6732
2024,3,50,East,Strategic,454110.2077,692855.661,501320.8566,29354.0463,440310.6945
2024,3,50,Central,Strategic,449743.4021,395711.528,412545.952,32211.6624,644233.248
2024,3,50,Central,Large,686706.3731,394945.0276,252506.7529,28331.6418,566632.8356
2024,3,50,East,Strategic,591992.496,862409.0006,657277.727,32703.9722,523263.555
2024,3,50,Central,Strategic,500642.9343,964809.1216,254258.4432,28864.2191,548420.1638
2024,3,50,Central,Large,359424.5087,465623.7739,513761.5553,27499.4652,439991.4428
2024,3,50,Central,Small & Medium,336450.458,332686.8144,615560.1336,34736.0745,312624.6703
2024,3,50,Central,Large,294502.3505,366373.1317,456234.6648,29824.3883,417541.4362
2024,3,50,Central,Large,504243.1683,426900.9547,788255.2242,32015.2617,576274.7103
2024,3,50,Central,Large,316243.0715,513205.8692,316567.7281,31810.0013,445340.0181
2024,3,50,Central,Small & Medium,666395.1477,447470.2634,295139.9357,30320.1184,333521.3023
2024,3,50,West,Large,453897.1607,457843.2775,428263.4595,27838.0531,389732.7437
2024,3,50,Central,Large,567980.9067,315764.2962,510284.4222,33772.3585,540357.7354
2024,3,50,Central,Strategic,502081.7639,544413.1927,477239.901,34388.7359,584608.511
2024,3,50,Central,Strategic,519505.0003,581155.3478,293609.3582,26498.4228,476971.6112
2024,3,50,East,Strategic,673298.0574,733328.0361,358212.3024,31670.0806,601731.5322
2024,3,50,East,Small & Medium,487723.0675,397547.9615,793230.2409,31538.776,567697.9685
2024,3,50,Central,Strategic,337263.8289,453653.6915,552291.2303,32818.3233,557911.4964
2024,3,50,Central,Strategic,340108.0609,740698.4455,554822.2628,36057.6433,432691.7199
2024,3,50,East,Small & Medium,388575.99,676412.8514,368095.9658,27870.4491,390186.2872
2024,3,50,Central,Small & Medium,724693.7541,272051.263,324730.6805,31459.3329,408971.3277
2024,3,50,East,Large,402404.2844,226449.908,331398.7984,30617.4682,367409.6189
2024,3,50,East,Small & Medium,343532.7302,257621.6404,453103.9675,30509.6419,579683.1963
2024,3,50,East,Small & Medium,487852.4179,406960.7534,521933.8201,27923.3473,418850.2095
2024,4,51,Central,Strategic,340984.5894,393527.7178,243750.4215,27542.394,247881.5458
2024,4,51,East,Strategic,304453.4255,403100.8675,544655.0033,26211.1427,366955.9982
2024,4,51,Central,Strategic,520837.7628,316729.6454,302082.6135,32293.4895,581282.811
2024,4,51,West,Large,267019.1248,421174.3069,501525.587,28177.963,422669.445
2024,4,51,Central,Large,649710.9724,424510.6782,816880.6359,28648.1147,458369.8344
2024,4,51,West,Strategic,532561.9056,647862.8815,416150.3004,25600.8282,332810.7662
2024,4,51,East,Large,472853.506,687905.6063,796772.1801,34951.8044,384469.8483
2024,4,51,East,Large,460232.9768,488445.5442,434280.2629,34839.2053,348392.0534
2024,4,51,East,Small & Medium,403770.4614,284314.1223,538028.8855,33260.6168,498909.2513
2024,4,51,West,Strategic,604970.1045,357007.7052,665893.9136,34452.0489,447876.6355
2024,4,51,Central,Strategic,827789.3603,627742.077,541025.3146,25780.7972,360931.1609
2024,4,51,Central,Strategic,436431.3828,505324.5581,600134.3321,28117.9722,534241.4712
2024,4,51,East,Strategic,271050.0561,524856.7428,626131.1684,30017.1772,600343.5446
2024,4,51,West,Strategic,544835.3045,345045.8708,611976.7979,29435.0146,470960.2333
2024,4,51,West,Large,520320.3813,531424.2521,499625.882,23590.5429,330267.6001
2024,4,51,East,Strategic,171891.7826,275742.1939,666219.4249,28905.7228,520303.0098
2024,4,51,West,Strategic,375324.4911,459567.4557,568679.5451,32331.6759,614301.8422
2024,4,51,West,Strategic,519040.7432,501132.5722,295358.0137,25576.9591,409231.3449
2024,4,51,West,Large,405433.8342,578275.7344,463698.7316,34168.2511,546692.0181
2024,4,51,East,Large,250890.2114,385844.5337,534563.8683,35443.1276,531646.9147
2024,4,51,East,Strategic,700010.5008,486348.5617,305829.1674,31888.7344,382664.8122
2024,4,51,East,Small & Medium,483541.4303,540874.8336,499139.7563,29548.8861,413684.4059
2024,4,51,West,Small & Medium,444241.2847,428033.3643,342929.2994,35090.4832,526357.2486
2024,4,51,West,Strategic,510837.5577,624403.542,395613.0796,31102.1774,435430.4835
2024,4,51,West,Large,249911.9861,428508.4788,501349.2606,29999.0616,329989.6776
2024,4,51,East,Small & Medium,509899.8744,193208.5313,647864.3869,26295.7674,420732.279
2024,4,51,East,Strategic,616879.0754,462612.5918,647931.4541,27989.0676,475814.1491
2024,4,51,East,Small & Medium,609048.629,389472.1414,450638.3868,27321.0935,382495.3093
2024,4,51,West,Small & Medium,428921.8388,631663.3279,460883.6327,27252.7184,381538.0579
2024,4,51,Central,Large,462661.9591,711190.9948,537838.6054,26837.1461,348882.8987
2024,4,51,West,Large,602386.297,308443.1415,306308.1005,30314.9921,424409.8898
2024,4,51,Central,Small & Medium,409755.7666,533968.8425,467357.9538,27783.797,472324.549
2024,4,51,West,Strategic,638721.2532,518062.8769,821985.6258,26831.8871,295150.7585
2024,4,51,East,Small & Medium,386469.8062,406641.5257,687232.3433,31931.7137,478975.7058
2024,4,51,Central,Large,611213.777,316403.3731,605634.704,27912.0638,614065.4041
2024,4,51,East,Small & Medium,455587.9278,397838.3427,475682.0389,27453.4016,384347.6221
2024,4,51,East,Small & Medium,478989.8038,355893.2363,475237.3632,26997.1794,296968.9735
2024,4,51,East,Small & Medium,515123.9948,260661.6361,488514.1283,35513.7376,532706.0641
2024,4,51,East,Small & Medium,412811.4354,222608.2457,451758.66,28361.4418,538867.3942
2024,4,51,East,Small & Medium,629657.9136,409110.0205,367376.9834,27454.1542,329449.8499
2024,4,51,West,Small & Medium,610413.352,347597.9037,540579.5498,23453.9072,398716.4217
2024,4,51,East,Small & Medium,403666.2367,416571.1986,543295.1374,32237.3064,548034.2088
2024,4,51,East,Small & Medium,340180.5245,619550.1911,375821.7428,31469.7082,534985.0386
2024,4,51,East,Small & Medium,377396.4047,269544.4435,440633.2837,30671.9526,582767.1003
2024,4,51,East,Large,265127.4488,371816.4814,313549.8354,36492.1234,656858.2205
2024,4,51,East,Strategic,460584.0584,336734.8433,365759.2545,29606.2661,532912.7894
2024,4,51,East,Strategic,387156.9545,572787.559,363634.0584,27087.1263,406306.8938
2024,4,51,East,Strategic,600212.2736,404481.4687,574790.339,31029.4794,279265.3147
2024,4,51,East,Small & Medium,284658.0235,624110.0736,682148.8634,33559.8403,268478.722
2024,4,51,East,Small & Medium,260353.563,572147.1597,456647.3979,27852.1168,584894.4538
2024,4,51,East,Small & Medium,405855.2792,328894.5406,420463.962,29033.3027,580666.0537
2024,4,51,East,Small & Medium,304521.4414,571010.6883,245939.0929,24134.6026,337884.437
2024,4,51,East,Small & Medium,592399.2111,629538.488,474030.0501,30402.6608,395234.5907
2024,4,51,East,Small & Medium,445001.4333,480661.2924,469590.8943,34877.8644,418534.3724
2024,4,51,East,Small & Medium,496812.6564,696011.481,403086.858,33377.1805,467280.5269
2024,4,51,East,Small & Medium,666293.8586,414875.9257,540059.5626,35951.0085,754971.1789
2024,4,51,East,Small & Medium,681064.8868,478449.047,579604.4069,30267.0917,423739.2835
2024,4,51,East,Small & Medium,360309.9782,626718.2359,662856.0283,33476.4101,368240.5109
2024,4,51,Central,Small & Medium,355090.4418,384720.4241,486692.7448,23821.658,333503.2119
2024,4,51,East,Small & Medium,385072.7362,595222.4056,401062.1156,26236.7371,498498.0054
2024,4,51,Central,Small & Medium,533170.1269,410516.5974,288536.5537,29993.6033,509891.2554
2024,4,51,East,Small & Medium,581027.5901,458351.5085,373594.754,27392.5571,438280.913
2024,4,51,Central,Small & Medium,602680.0571,384685.6642,652905.9963,33710.4773,303394.2961
2024,4,51,East,Large,376402.1242,522720.1616,490069.0356,31029.3855,403382.012
2024,4,51,East,Strategic,850939.1182,505210.4912,385408.5111,34659.1116,415909.339
2024,4,51,Central,Strategic,313221.7376,274913.2867,450472.639,32318.2291,581728.1229
2024,4,51,West,Large,435604.8534,299563.9073,566783.7695,36065.1197,577041.9157
2024,4,51,East,Large,484547.8506,361879.5295,459804.2055,31280.3986,187682.3917
2024,4,51,Central,Small & Medium,393825.0433,383313.5159,334685.7916,30363.7273,394728.4549
2024,4,51,West,Large,656075.9512,507828.4405,602577.1965,23040.4566,207364.1093
2024,4,51,Central,Small & Medium,494997.6118,458722.7167,442474.5436,27225.2965,517280.6337
2024,4,51,Central,Small & Medium,299624.0899,224270.1506,704854.4051,34297.1215,445862.5797
2024,4,51,East,Strategic,324226.971,356078.6871,432788.6911,28111.2213,449779.5408
2024,4,51,West,Small & Medium,245589.6843,411467.7405,536315.8188,33983.8524,815612.4579
2024,4,51,Central,Small & Medium,503710.1557,507927.2882,325668.1675,27345.0987,300796.086
2024,4,51,West,Strategic,450717.221,605556.7582,378075.8642,31384.8023,376617.6277
2024,4,51,West,Strategic,518522.6771,493653.8938,473681.5573,31297.4296,469461.4433
2024,4,51,Central,Small & Medium,412687.8091,645855.665,631105.9239,31292.8503,531978.4555
2024,4,51,East,Strategic,583070.4161,413325.3237,422536.0785,36542.6127,328883.5142
2024,4,51,East,Large,620729.1186,567283.1333,563222.4062,32001.0071,672021.1489
2024,4,51,East,Small & Medium,483789.1426,485736.622,417453.7224,30522.1137,518875.9325
2024,4,51,East,Small & Medium,494416.045,318970.4271,475530.8465,32196.5276,643930.5525
2024,4,51,Central,Large,464528.1683,322882.2,561623.2692,28260.7168,536953.6187
2024,4,51,West,Large,770530.3845,464236.0482,380361.047,28348.3663,453573.8606
2024,4,51,West,Large,337952.2388,521750.6509,363311.4228,26774.9121,481948.4186
2024,4,51,Central,Strategic,487105.1616,531271.1302,349517.2805,34019.8114,306178.3027
2024,4,51,East,Strategic,421526.1878,492843.0134,557710.1389,30735.5043,338090.5476
2024,4,51,West,Large,493256.0864,295182.1162,646343.7161,33293.3539,699160.4326
2024,4,51,Central,Large,475728.2696,504355.7022,374356.6942,27204.815,408072.2248
2024,4,51,East,Large,596317.9956,218226.3894,690368.2956,30795.1845,523518.1371
2024,4,51,Central,Large,366554.7186,660479.3404,746117.7443,31886.1711,510178.7376
2024,4,51,East,Large,409605.787,566682.791,558302.4471,29671.5939,563760.2845
2024,4,51,Central,Small & Medium,516060.1843,307533.7697,690964.6882,31663.9481,664942.9097
2024,4,51,East,Large,418367.8051,154319.6438,330832.5828,25552.3963,306628.7551
2024,4,51,Central,Small & Medium,281535.1313,419703.0141,673483.3685,27315.2539,355098.301
2024,4,51,Central,Small & Medium,626013.2631,381960.684,522634.5149,25450.1009,559902.2189
2024,4,51,East,Small & Medium,106893.4085,354733.3605,383553.6693,29775.6308,387083.2006
2024,4,51,East,Large,530949.4105,538274.7572,250456.4061,25807.6456,335499.3926
2024,4,51,East,Strategic,370777.6781,669879.7034,563772.7154,25635.3273,307623.9273
2024,4,51,Central,Strategic,254976.9046,302424.2691,562834.42,30146.912,512497.5037
2024,4,51,Central,Large,591034.5103,413902.2628,490256.9276,29727.4161,416183.8258
2024,4,51,Central,Large,424647.5444,553697.962,560252.1751,26363.6457,290000.1022
2024,4,51,Central,Large,640611.2783,598877.9438,425105.1574,31480.2132,535163.624
2024,4,51,Central,Large,597869.4998,462804.8005,308346.7917,34993.004,489902.0561
2024,4,51,West,Strategic,473273.1911,330855.1048,632053.3381,32675.6354,490134.5312
2024,4,51,East,Large,715323.9496,408768.8673,365966.0447,23850.4261,262354.6871
2024,4,51,Central,Small & Medium,364066.6578,346319.2819,393627.5743,27019.0181,513361.3444
2024,4,51,Central,Small & Medium,538578.2464,467913.3314,415273.9239,32526.0566,292734.5094
2024,4,51,East,Small & Medium,528623.6677,642660.3364,616929.5952,33860.9952,372470.9468
2024,4,51,Central,Strategic,655474.5518,356873.2553,658566.2517,32312.3698,420060.8072
2024,4,51,Central,Large,650425.2415,492229.2266,696950.4272,32706.9264,523310.8222
2024,4,51,Central,Small & Medium,387836.6139,402438.8916,592885.0395,36357.3863,436288.6353
2024,4,51,Central,Small & Medium,436827.5026,617586.4573,635159.1946,34962.481,489474.734
2024,4,51,Central,Strategic,385170.2746,272601.8275,390802.7237,32557.6464,423249.4028
2024,4,51,Central,Large,659198.3695,482268.0844,544188.4382,27453.5095,384349.1329
2024,4,51,East,Small & Medium,421545.9637,665167.5534,729750.1033,37160.8692,445930.4302
2024,4,51,East,Large,459826.6094,527469.2937,532807.3629,33015.5954,660311.9087
2024,4,51,Central,Strategic,561379.5929,444704.183,332478.6817,30579.2834,305792.8335
2024,4,51,East,Strategic,819887.5682,516068.4902,425358.7306,37653.2326,527145.2558
2024,4,51,East,Small & Medium,382484.7395,529854.4956,272625.8673,27186.2867,326235.4407
2024,4,51,East,Large,522134.6337,532816.0354,526647.9176,17903.8056,196941.8611
2024,4,51,Central,Strategic,453073.9568,223351.12,496976.9158,30493.9326,518396.855
2024,4,51,East,Large,342661.3547,628124.0757,350255.995,32307.4146,646148.2925
2024,4,51,East,Small & Medium,328294.0883,386386.5771,325852.9044,31724.9904,507599.8468
2024,4,51,Central,Strategic,430139.9452,690733.4497,463972.1918,31354.0354,438956.4956
2024,4,51,West,Large,446813.8058,529364.0478,645810.076,30067.9449,360815.339
2024,4,51,East,Strategic,494783.7352,419317.2917,303887.9895,26440.381,555248.0014
2024,4,51,West,Strategic,423195.4622,288924.1977,466612.7852,31231.8065,437245.2907
2024,4,51,West,Small & Medium,267573.4315,503260.9248,448711.1567,28359.3778,482109.4231
2024,4,51,West,Large,606653.7334,590120.7661,455690.0905,31400.6599,659413.8579
2024,4,51,East,Small & Medium,219759.2246,396049.1025,552160.4827,33223.2512,498348.7677
2024,4,51,East,Large,688695.2624,891209.8013,586635.0578,29520.202,501843.4343
2024,4,51,Central,Large,541814.2986,521145.5632,360214.31,34252.713,685054.2597
2024,4,51,East,Large,782021.6788,456137.5892,581393.0934,32253.1893,612810.5973
2024,4,51,East,Strategic,372825.6357,599769.2741,462246.046,25764.168,463755.0234
2024,4,51,East,Strategic,614975.2169,475889.1392,354264.0697,32195.029,579510.5219
2024,4,51,East,Large,509031.9262,495824.3926,564033.9746,30565.6977,550182.5586
2024,4,51,Central,Small & Medium,359668.2474,344681.6701,386451.4627,33913.0396,440869.5149
2024,4,51,Central,Small & Medium,610963.3276,593236.2337,540994.469,29828.2951,417596.1319
2024,4,51,East,Strategic,417891.659,514700.1903,359073.007,32164.9428,514639.0851
2024,4,51,East,Large,626866.3166,680010.5507,229326.2183,26893.8817,403408.225
2024,4,51,East,Large,411647.4825,501449.6889,441550.3058,31793.0049,349723.0541
2024,4,51,East,Strategic,346681.9627,524540.8916,409527.8571,28742.5594,344910.7129
2024,4,51,Central,Strategic,597351.9782,452873.0645,643234.6799,28914.2914,404800.0789
2024,4,51,Central,Large,343423.9915,339313.507,500645.4282,35097.9634,526469.4515
2024,4,51,West,Large,364296.935,566946.3301,148707.5742,31330.6637,438629.2923
2024,4,51,Central,Large,391702.9478,250837.1802,567592.7336,29352.7233,410938.1265
2024,4,51,East,Small & Medium,748285.8803,444476.816,524899.9406,26665.4108,533308.2165
2024,4,51,West,Large,464191.579,461022.6336,418141.8207,28427.9812,568559.6241
2024,4,51,West,Strategic,593221.9374,236369.0766,458759.3185,31294.1343,813647.4921
2024,4,51,Central,Strategic,583992.3506,252381.3607,351377.8737,29694.7385,415726.3385
2024,4,51,Central,Strategic,616447.5713,355568.8028,416773.6773,26938.9974,404084.9616
2024,4,51,Central,Strategic,460481.9867,598518.2745,250759.7522,32868.0095,525888.1516
2024,4,51,Central,Strategic,506309.4596,446827.368,388374.8881,29956.9036,269612.1324
2024,4,51,Central,Strategic,748070.8331,557893.5257,385774.1515,29335.0399,528030.718
2024,4,51,East,Strategic,488712.3845,522785.5807,412638.9603,32115.7213,353272.9346
2024,4,51,Central,Small & Medium,442261.2307,378911.5564,570179.4682,31526.8843,504430.1483
2024,4,51,West,Strategic,406320.5037,433774.8644,407480.2212,30907.0665,494513.0633
2024,4,51,East,Small & Medium,325165.8839,399812.9437,313462.4123,28459.5223,369973.7903
2024,4,51,Central,Small & Medium,279622.8439,272238.4371,376867.8843,35705.0871,571281.3938
2024,4,51,East,Strategic,581813.4916,264553.3738,341118.6825,29511.9215,619750.3524
2024,4,51,West,Small & Medium,435754.076,428149.432,346931.1934,29093.8705,552783.5388
2024,4,51,Central,Strategic,487111.5387,443056.1133,590107.6115,32495.6076,617416.5446
2024,4,51,East,Strategic,618871.8956,278754.37,616749.381,31704.2887,475564.3309
2024,4,51,East,Strategic,431422.5344,750063.5218,506268.5447,26489.2851,450317.8463
2024,4,51,Central,Large,549779.9909,215347.3455,450488.1514,32487.4116,487311.1734
2024,4,51,East,Strategic,648356.443,523031.8979,340523.8341,34284.8134,342848.1337
2024,4,51,East,Small & Medium,432924.9696,519324.8275,539218.7577,28681.8972,487592.2529
2024,4,51,East,Strategic,680619.0931,338266.8588,374240.5785,30972.4152,495558.6431
2024,4,51,Central,Strategic,510308.488,387976.3818,424228.8909,34525.6503,794089.9576
2024,4,51,East,Strategic,522090.0378,491025.3218,370464.3846,29676.7282,385797.4667
2024,4,51,West,Large,382103.5775,242837.6329,437574.7268,29197.3757,467158.0116
2024,4,51,West,Large,445489.6426,496701.528,277497.9867,21984.1511,241825.6618
2024,4,51,East,Large,446693.9501,495726.7673,501305.9892,31983.7459,575707.4267
2024,4,51,East,Strategic,647292.5433,375176.1928,500868.1425,30953.3019,216673.1135
2024,4,51,Central,Small & Medium,289316.3013,491335.3158,440460.9038,32161.5309,739715.2112
2024,4,51,West,Small & Medium,398034.6494,702353.4283,462661.6737,30449.1961,608983.9221
2024,4,51,Central,Small & Medium,415510.4615,537341.5093,665669.4371,30322.7233,515486.2966
2024,4,51,Central,Strategic,553484.1088,511765.5056,530560.3317,25899.9165,336698.9151
2024,4,51,East,Large,441920.6173,481391.9074,375468.4747,27367.192,465242.2632
2024,4,51,West,Large,443227.3325,413094.6777,492668.3562,28772.4638,374042.0296
2024,4,51,West,Strategic,271476.2313,397994.8656,625522.3297,35385.3885,424624.6624
2024,4,51,West,Strategic,656420.1758,575186.7655,517026.8858,28007.5735,420113.6031
2024,4,51,West,Large,379275.1679,438802.0119,341731.504,33007.9026,363086.9285
2024,4,51,West,Strategic,564347.7926,491413.6548,309725.2389,37391.4558,486088.9257
2024,4,51,East,Strategic,452022.5543,324137.3009,573723.6817,31414.3046,439800.2637
2024,4,51,East,Strategic,695868.7463,498082.2654,460348.1206,27776.5667,472201.6331
2024,4,51,East,Large,564089.7374,425684.4627,325805.5881,38706.6312,464479.5738
2024,4,51,East,Strategic,352604.9041,347706.74,263066.4239,34055.0957,408661.1487
2024,4,51,West,Large,312335.2553,502041.4442,513092.8721,25304.8439,328962.9703
2024,4,51,East,Strategic,819325.6767,340153.0258,545903.1108,28740.8094,373630.5227
2024,4,51,East,Strategic,435646.7739,483032.3773,761474.2502,25845.7472,413531.9544
2024,4,51,East,Strategic,484401.0608,621215.463,498446.8697,30462.752,700643.2965
2024,4,51,East,Strategic,478206.176,228224.8311,496465.7375,30637.3178,275735.8602
2024,4,51,East,Strategic,732931.5353,441394.3797,505616.4321,30017.2918,450259.377
2024,4,51,West,Large,745880.5687,475160.3791,519535.8348,32410.656,550981.1514
2024,4,51,East,Large,478974.9575,431471.9107,675321.9614,33668.452,673369.0398
2024,4,51,East,Large,534060.763,568879.9265,592038.1375,31708.0359,602452.6812
2024,4,51,East,Strategic,592017.118,447954.9534,456984.3808,32523.3464,455326.8496
2024,4,51,East,Large,363837.1751,449823.9781,545995.2881,28854.3951,432815.9259
2024,4,51,East,Large,399553.7705,511201.4143,533429.3328,31690.7093,380288.5115
2024,4,51,Central,Small & Medium,347373.3197,410806.4748,352101.7313,25285.6213,404569.9409
2024,4,51,West,Large,353453.5506,510945.1927,185135.722,30558.9645,366707.5739
2024,4,51,Central,Large,270784.1054,294452.219,211463.291,34750.7153,451759.2994
2024,4,51,East,Strategic,567572.4097,455586.9073,319430.7659,28784.0943,489329.6028
2024,4,51,West,Strategic,648402.5003,601760.0622,430961.8192,32792.8951,459100.5319
2024,4,51,Central,Strategic,457799.6075,438845.8462,220774.9682,31239.9348,312399.3484
2024,4,51,Central,Small & Medium,577733.2918,596975.5569,496443.132,32597.4602,619351.7439
2024,4,51,Central,Strategic,443002.4013,291804.5016,488894.5674,28337.0447,538403.8493
2024,4,51,West,Strategic,259905.1151,437726.2576,526376.4718,30627.653,612553.0597
2024,4,51,East,Strategic,462120.1433,353446.2884,519372.6564,35991.2563,359912.5626
2024,4,51,Central,Strategic,596906.1698,466170.7856,474777.3925,32551.2843,325512.8433
2024,4,51,West,Large,416228.7187,489008.3542,766247.9671,34873.807,313864.2631
2024,4,51,East,Strategic,406405.5904,357083.0199,499611.2977,27848.5644,362031.3371
2024,4,51,Central,Large,412313.5574,436744.2528,534787.3758,35902.4138,323121.7245
2024,4,51,West,Small & Medium,710667.5183,223378.8685,510767.5612,33097.3426,562654.8236
2024,4,51,Central,Small & Medium,530533.8022,320241.8333,550068.6334,31217.1395,468257.0924
2024,4,51,Central,Small & Medium,367521.7736,371562.0629,442892.73,25673.3115,256733.1145
2024,4,51,East,Large,631286.6928,311320.7763,446798.0385,33931.5043,407178.0521
2024,4,51,East,Large,443088.522,473689.645,465036.0047,21087.4583,189787.1245
2024,4,51,East,Large,315488.2194,530072.2781,365985.1273,26271.8443,472893.1974
2024,4,51,East,Strategic,410294.2707,203666.6951,230622.0829,20812.5153,249750.183
2024,4,51,West,Large,281464.5243,541844.4879,559345.246,35541.1053,533116.5802
2024,4,51,Central,Large,292256.614,346626.2794,545282.2407,30506.0525,640627.1029
2024,4,51,East,Strategic,473707.0552,532667.2675,328005.5504,22673.9776,317435.6869
2024,4,51,West,Large,526813.0417,388942.7335,422997.2438,28870.372,692888.9291
2024,4,51,West,Strategic,725848.9661,252511.9512,311154.6164,36334.6897,508685.6563
2024,4,51,East,Strategic,529659.184,573313.5514,231343.2035,29309.888,175859.3277
2024,4,51,East,Strategic,563550.2657,326389.0068,485913.0233,36039.2439,504549.4151
2024,4,51,Central,Strategic,419850.9321,462957.9227,510418.8019,28223.2973,282232.9728
2024,4,51,East,Large,411532.5505,488502.3998,391006.7089,24785.6958,346999.7416
2024,4,51,East,Large,202562.3434,578182.0091,274798.932,29144.809,408027.3266
2024,4,51,East,Large,165987.9601,515550.3673,297306.4944,34246.9689,513704.533
2024,4,51,East,Strategic,569936.047,295729.2047,329615.5318,31034.7166,465520.7485
2024,4,51,East,Strategic,765095.4005,474748.9439,595135.7396,28780.8049,604396.9034
2024,4,51,East,Large,496695.1315,548046.4227,442676.7719,31560.117,378721.4034
2024,4,51,East,Strategic,392771.1872,718401.899,575427.5375,30588.6413,428240.9777
2024,4,51,East,Small & Medium,271327.5899,394542.201,627872.1153,29393.7386,352724.863
2024,4,51,West,Strategic,588227.1283,369733.8177,334674.5486,32472.1134,584498.0415
2024,4,51,West,Small & Medium,478663.2318,641716.2966,575718.0237,30235.9292,514010.7971
2024,4,51,East,Small & Medium,418304.1192,586251.3463,632403.9564,26315.6668,210525.3341
2024,4,51,East,Strategic,459107.572,290248.1193,748953.9317,27599.4658,413991.9871
2024,4,51,East,Small & Medium,444265.7374,623022.8107,603468.084,27792.8463,305721.3097
2024,4,51,East,Small & Medium,417652.2259,675048.7023,368395.1962,25840.3692,413445.9074
2024,4,51,East,Small & Medium,554274.0447,236851.604,667362.4765,34967.1312,454572.7061
2024,4,51,East,Large,344862.6462,803320.6703,534943.8506,30220.4325,664849.5146
2024,4,51,Central,Small & Medium,448325.6989,388960.7914,448485.4517,35897.5211,574360.3383
2024,4,51,Central,Strategic,605422.5604,528516.834,462667.2646,26746.9205,320963.0456
2024,4,51,Central,Large,505226.0222,334216.712,483720.924,36483.2828,620215.8083
2024,4,51,West,Large,309537.992,397006.9519,390116.3111,34096.9646,579648.3979
2024,4,51,Central,Strategic,516520.2517,170001.5077,641953.4878,28076.6163,308842.7789
2024,4,51,Central,Strategic,581465.1291,382247.5054,503425.9227,28319.6144,481433.445
2024,4,51,East,Large,307958.4234,578702.0016,514126.6169,29375.4825,499383.2027
2024,4,51,Central,Small & Medium,531804.7839,328617.4487,556064.4287,32781.8354,491727.531
2024,4,51,West,Large,391722.8418,432577.9251,515828.8059,30215.166,574088.1539
2024,4,51,West,Large,272070.2009,197828.5749,531959.8736,27103.9104,406558.6555
2024,4,51,East,Strategic,614810.0072,487297.9925,418679.1203,37274.6671,484570.6725
2024,4,51,East,Strategic,642387.5001,344876.215,432262.9259,28737.8597,373592.176
2024,4,51,East,Large,316672.0623,293386.1785,367920.5742,29215.278,642736.1152
2024,4,51,West,Small & Medium,425805.0848,438231.3237,180548.6318,27194.9668,380729.5354
2024,4,51,Central,Small & Medium,513025.7069,529308.2377,355373.0214,29184.5673,496137.6434
2024,4,51,West,Large,481729.468,365355.8185,385507.9005,26538.3949,238845.5539
2024,4,51,West,Large,567719.0258,399604.5769,715974.192,30080.5149,451207.7237
2024,4,51,West,Small & Medium,565161.349,517567.6536,507312.5886,29613.0764,266517.6878
2024,4,51,Central,Small & Medium,753087.4132,331543.7973,416913.8608,26848.1512,349025.965
2024,4,51,East,Small & Medium,789128.2145,477191.5116,526042.3939,28732.5751,545918.9264
2024,4,51,West,Strategic,436390.8615,543800.2735,456939.8567,24859.8343,447477.0166
2024,4,51,West,Small & Medium,468101.4685,537784.4842,360297.041,37340.059,597440.9435
2024,4,51,West,Small & Medium,597638.4916,350895.2738,699153.5334,37961.4319,227768.5916
2024,4,51,East,Large,264042.2027,502478.7744,595718.4717,31933.716,319337.1596
2024,4,51,Central,Small & Medium,209307.3396,440627.8587,420379.4623,32690.5398,555739.1771
2024,4,51,West,Small & Medium,287196.4805,422298.3046,652944.9653,29400.7714,441011.5704
2024,4,51,East,Small & Medium,406645.8294,346377.0064,543996.0116,27941.0499,502938.8979
2024,4,51,West,Strategic,546628.954,398033.9913,400521.9145,28210.5798,648843.3346
2024,4,51,East,Strategic,342338.2307,513302.5951,580566.7272,28498.0406,398972.569
2024,4,51,Central,Large,698447.0604,450914.0094,641808.9309,28169.6656,394375.3182
2024,4,51,East,Large,478369.7231,366791.457,583750.3958,32066.4108,384796.9293
2024,4,51,West,Large,715066.5571,349793.4456,367606.4118,35858.6595,645455.8702
2024,4,51,West,Strategic,509148.5202,533732.5537,482420.1576,33972.1463,543554.3408
2024,4,51,East,Strategic,483485.2552,579184.9922,479773.954,32204.3161,418656.1092
2024,4,51,East,Large,285821.4156,242373.417,302870.1058,26856.2603,241706.3426
2024,4,51,Central,Strategic,573813.6719,553225.9992,450426.3348,26333.6603,526673.2055
2024,4,51,Central,Small & Medium,340576.5703,372083.7365,622787.7399,30151.3729,391967.8474
2024,4,51,Central,Strategic,427568.8972,345426.4246,562927.3066,32013.9217,704306.2784
2024,4,51,West,Small & Medium,428723.5232,472444.0114,355181.7162,36615.4508,439385.4097
2024,4,51,East,Large,420960.2353,260550.7888,386915.8909,32817.8717,525085.9476
2024,4,51,East,Strategic,312945.3538,294480.5934,139345.0441,26857.2584,161143.5506
2024,4,51,Central,Strategic,578100.1201,412139.4801,573800.6676,28273.8559,367560.1273
2024,4,51,East,Large,258345.1309,568751.6331,254227.2224,34466.0924,379127.0159
2024,4,51,Central,Large,445360.6785,476989.4901,704571.5549,35152.7183,667901.6483
2024,4,51,West,Large,403360.5721,270412.9204,463221.4645,33074.3502,562263.9539
2024,4,51,West,Small & Medium,640605.3665,569866.5865,403800.2418,29881.3987,418339.5818
2024,4,51,East,Strategic,590958.0093,779167.9876,672023.4387,31728.7242,602845.7599
2024,4,51,Central,Strategic,420403.7832,442477.103,356951.08,27953.106,391343.4834
2024,4,51,East,Strategic,622406.5889,430627.7806,387603.4913,27808.1949,305890.1444
2024,4,51,Central,Small & Medium,586726.1681,417177.9411,365496.7275,29719.1552,326910.7076
2024,4,51,West,Strategic,248171.6444,387485.4912,362630.0093,33712.8142,539405.0272
2024,4,51,Central,Small & Medium,410316.0292,678991.3757,794201.5542,32517.95,455251.3003
2024,4,51,Central,Small & Medium,470429.6482,597187.9462,413877.3968,27187.3909,516560.4273
2024,4,51,West,Large,534782.5278,533390.3218,433779.34,33172.9162,431247.9105
2024,4,51,East,Small & Medium,371342.9532,622447.7374,678330.8875,28315.643,424734.645
2024,4,51,Central,Large,509586.907,566931.3348,171605.534,36942.8972,517200.5607
2024,4,51,West,Strategic,521674.3381,407887.4494,498633.0038,30281.3717,454220.5752
2024,4,51,East,Strategic,613153.6466,567434.1479,477326.6219,34719.9663,590239.4271
2024,4,51,Central,Strategic,622073.94,504101.1933,629564.3821,32194.3861,515110.1782
2024,4,51,Central,Strategic,409349.282,626626.4924,338903.8335,33120.455,397445.4594
2024,4,51,East,Strategic,398818.1764,437847.4286,601174.8535,25055.6255,551223.7613
2024,4,51,Central,Large,592801.8434,597062.19,493113.4004,33410.9563,334109.5633
2024,4,51,Central,Strategic,642900.1128,368820.3307,407825.9708,30748.8874,491982.1989
2024,4,51,West,Small & Medium,604236.56,399326.8584,347093.4676,29641.8722,355702.4667
2024,4,51,Central,Large,620097.7779,564562.3819,586566.3499,29539.929,324939.2195
2024,4,51,East,Strategic,538229.6445,485903.1136,606497.504,29059.0152,639298.3344
2024,4,51,Central,Large,364572.0253,309087.6417,287042.677,32205.2401,483078.6009
2024,4,51,East,Strategic,195291.5506,549167.6857,684361.5921,19555.6975,273779.7646
2024,4,51,Central,Large,513026.8173,468587.4276,556126.7335,27357.4461,547148.9227
2024,4,51,Central,Large,412686.6708,588981.5821,663508.6884,31628.9833,506063.7335
2024,4,51,Central,Strategic,353696.1537,609451.2101,587632.071,32212.1317,322121.3174
2024,4,51,Central,Strategic,392150.8776,429534.7786,419810.1505,30894.0909,556093.6355
2024,4,51,West,Small & Medium,490739.2533,425058.2605,603840.2282,28513.8725,427708.0879
2024,4,51,Central,Strategic,589201.64,420347.4398,338052.3505,28927.0781,520687.4066
2024,4,51,Central,Small & Medium,475866.923,404539.512,564719.8145,31577.4459,631548.9187
2024,4,51,East,Strategic,459600.7765,344720.4262,417972.0698,26052.1058,364729.4809
2024,4,51,East,Strategic,477016.4654,337810.6512,399509.7141,27741.1999,305153.1985
2024,4,51,Central,Strategic,302223.9181,340305.3227,413490.3365,27880.6698,278806.6978
2024,4,51,Central,Large,455264.8543,405204.5589,624998.1174,32324.8267,484872.4012
2024,4,51,West,Large,544085.3104,552729.3322,442472.6796,27866.7038,418000.5566
2024,4,51,Central,Large,515575.2011,412637.6593,284520.3958,31384.4665,533535.9309
2024,4,51,Central,Large,489783.9647,724500.7113,753893.0864,30618.0385,520506.6548
2024,4,51,Central,Strategic,388644.9879,556568.7811,463480.5707,30179.2578,482868.124
2024,4,51,Central,Small & Medium,616327.2329,398337.5707,404151.0187,37645.958,451751.4955
2024,4,51,East,Large,403455.4548,505644.7783,582005.3572,26852.8042,295380.8464
2024,4,51,East,Large,491978.0453,467692.1179,298771.689,32861.1577,328611.5774
2024,4,51,Central,Large,529589.6732,451229.5662,359510.2637,30031.7963,270286.1665
2024,4,51,East,Strategic,440310.6945,454110.2077,692855.661,28588.043,628936.946
2024,4,51,Central,Strategic,644233.248,449743.4021,395711.528,29254.2028,409558.8398
2024,4,51,Central,Large,566632.8356,686706.3731,394945.0276,28250.8592,395512.0291
2024,4,51,East,Strategic,523263.555,591992.496,862409.0006,35428.5776,460571.5084
2024,4,51,Central,Strategic,548420.1638,500642.9343,964809.1216,25591.9138,204735.3107
2024,4,51,Central,Large,439991.4428,359424.5087,465623.7739,27762.1857,471957.1567
2024,4,51,Central,Small & Medium,312624.6703,336450.458,332686.8144,24405.25,488105.0004
2024,4,51,Central,Large,417541.4362,294502.3505,366373.1317,32710.1328,523362.125
2024,4,51,Central,Large,576274.7103,504243.1683,426900.9547,30890.6298,401578.1869
2024,4,51,Central,Large,445340.0181,316243.0715,513205.8692,30899.7277,556195.0991
2024,4,51,Central,Small & Medium,333521.3023,666395.1477,447470.2634,35148.699,316338.2909
2024,4,51,West,Large,389732.7437,453897.1607,457843.2775,34177.5522,375953.0743
2024,4,51,Central,Large,540357.7354,567980.9067,315764.2962,30529.1058,427407.4809
2024,4,51,Central,Strategic,584608.511,502081.7639,544413.1927,32738.7985,360126.7832
2024,4,51,Central,Strategic,476971.6112,519505.0003,581155.3478,25530.4313,587199.9198
2024,4,51,East,Strategic,601731.5322,673298.0574,733328.0361,30413.8861,364966.6328
2024,4,51,East,Small & Medium,567697.9685,487723.0675,397547.9615,29952.1914,329474.1054
2024,4,51,Central,Strategic,557911.4964,337263.8289,453653.6915,27324.6436,382545.0103
2024,4,51,Central,Strategic,432691.7199,340108.0609,740698.4455,30751.9177,430526.8471
2024,4,51,East,Small & Medium,390186.2872,388575.99,676412.8514,27554.7612,468430.9396
2024,4,51,Central,Small & Medium,408971.3277,724693.7541,272051.263,31742.7477,603112.2054
2024,4,51,East,Large,367409.6189,402404.2844,226449.908,20353.3799,203533.7991
2024,4,51,East,Small & Medium,579683.1963,343532.7302,257621.6404,37862.4216,530073.9026
2024,4,51,East,Small & Medium,418850.2095,487852.4179,406960.7534,33370.2605,400443.1254
2024,5,52,Central,Strategic,247881.5458,340984.5894,393527.7178,37659.3137,225955.8819
2024,5,52,East,Strategic,366955.9982,304453.4255,403100.8675,37489.2445,524849.4228
2024,5,52,Central,Strategic,581282.811,520837.7628,316729.6454,31549.3641,378592.3687
2024,5,52,West,Large,422669.445,267019.1248,421174.3069,38418.9813,499446.7574
2024,5,52,Central,Large,458369.8344,649710.9724,424510.6782,33916.0651,373076.7164
2024,5,52,West,Strategic,332810.7662,532561.9056,647862.8815,33645.0749,639256.424
2024,5,52,East,Large,384469.8483,472853.506,687905.6063,29893.8829,478302.1268
2024,5,52,East,Large,348392.0534,460232.9768,488445.5442,32048.0379,320480.3792
2024,5,52,East,Small & Medium,498909.2513,403770.4614,284314.1223,30536.7391,213757.1739
2024,5,52,West,Strategic,447876.6355,604970.1045,357007.7052,30320.8118,515453.8014
2024,5,52,Central,Strategic,360931.1609,827789.3603,627742.077,20364.3227,224007.5501
2024,5,52,Central,Strategic,534241.4712,436431.3828,505324.5581,29296.1638,468738.62
2024,5,52,East,Strategic,600343.5446,271050.0561,524856.7428,28522.4162,313746.5782
2024,5,52,West,Strategic,470960.2333,544835.3045,345045.8708,26562.8836,265628.8355
2024,5,52,West,Large,330267.6001,520320.3813,531424.2521,36061.8922,468804.598
2024,5,52,East,Strategic,520303.0098,171891.7826,275742.1939,31188.925,467833.8755
2024,5,52,West,Strategic,614301.8422,375324.4911,459567.4557,28206.5147,394891.2054
2024,5,52,West,Strategic,409231.3449,519040.7432,501132.5722,30226.9969,513858.9476
2024,5,52,West,Large,546692.0181,405433.8342,578275.7344,31870.0022,350570.0245
2024,5,52,East,Large,531646.9147,250890.2114,385844.5337,34922.1158,488909.6213
2024,5,52,East,Strategic,382664.8122,700010.5008,486348.5617,35788.3565,536825.3468
2024,5,52,East,Small & Medium,413684.4059,483541.4303,540874.8336,33449.7023,434846.1299
2024,5,52,West,Small & Medium,526357.2486,444241.2847,428033.3643,31624.8473,411123.0149
2024,5,52,West,Strategic,435430.4835,510837.5577,624403.542,29036.7577,551698.3968
2024,5,52,West,Large,329989.6776,249911.9861,428508.4788,34177.6102,581019.3741
2024,5,52,East,Small & Medium,420732.279,509899.8744,193208.5313,34511.3952,448648.1377
2024,5,52,East,Strategic,475814.1491,616879.0754,462612.5918,37610.3295,676985.9309
2024,5,52,East,Small & Medium,382495.3093,609048.629,389472.1414,31504.631,535578.7264
2024,5,52,West,Small & Medium,381538.0579,428921.8388,631663.3279,28830.1814,403622.54
2024,5,52,Central,Large,348882.8987,462661.9591,711190.9948,27896.269,585821.6489
2024,5,52,West,Large,424409.8898,602386.297,308443.1415,27410.1038,411151.5574
2024,5,52,Central,Small & Medium,472324.549,409755.7666,533968.8425,26670.3847,506737.3093
2024,5,52,West,Strategic,295150.7585,638721.2532,518062.8769,28998.1664,695955.9944
2024,5,52,East,Small & Medium,478975.7058,386469.8062,406641.5257,24975.442,374631.6307
2024,5,52,Central,Large,614065.4041,611213.777,316403.3731,30788.5334,523405.0678
2024,5,52,East,Small & Medium,384347.6221,455587.9278,397838.3427,28090.6956,449451.1302
2024,5,52,East,Small & Medium,296968.9735,478989.8038,355893.2363,29158.9337,524860.8074
2024,5,52,East,Small & Medium,532706.0641,515123.9948,260661.6361,27165.9412,516152.883
2024,5,52,East,Small & Medium,538867.3942,412811.4354,222608.2457,34009.142,272073.136
2024,5,52,East,Small & Medium,329449.8499,629657.9136,409110.0205,37864.4649,265051.2542
2024,5,52,West,Small & Medium,398716.4217,610413.352,347597.9037,32717.8897,490768.3451
2024,5,52,East,Small & Medium,548034.2088,403666.2367,416571.1986,33074.4252,529190.8026
2024,5,52,East,Small & Medium,534985.0386,340180.5245,619550.1911,25610.0483,460980.8688
2024,5,52,East,Small & Medium,582767.1003,377396.4047,269544.4435,29881.7478,418344.4685
2024,5,52,East,Large,656858.2205,265127.4488,371816.4814,23528.0289,423504.5204
2024,5,52,East,Strategic,532912.7894,460584.0584,336734.8433,31723.5453,697917.9962
2024,5,52,East,Strategic,406306.8938,387156.9545,572787.559,31632.9,632657.9992
2024,5,52,East,Strategic,279265.3147,600212.2736,404481.4687,27226.0376,245034.3387
2024,5,52,East,Small & Medium,268478.722,284658.0235,624110.0736,30751.9063,369022.8759
2024,5,52,East,Small & Medium,584894.4538,260353.563,572147.1597,30960.1207,371521.448
2024,5,52,East,Small & Medium,580666.0537,405855.2792,328894.5406,31448.8212,597527.6035
2024,5,52,East,Small & Medium,337884.437,304521.4414,571010.6883,27403.0824,219224.6593
2024,5,52,East,Small & Medium,395234.5907,592399.2111,629538.488,27155.2399,407328.5986
2024,5,52,East,Small & Medium,418534.3724,445001.4333,480661.2924,32143.266,707151.8513
2024,5,52,East,Small & Medium,467280.5269,496812.6564,696011.481,27051.1071,297562.1785
2024,5,52,East,Small & Medium,754971.1789,666293.8586,414875.9257,26048.9402,416783.0425
2024,5,52,East,Small & Medium,423739.2835,681064.8868,478449.047,36610.0445,475930.5782
2024,5,52,East,Small & Medium,368240.5109,360309.9782,626718.2359,28012.6169,448201.8707
2024,5,52,Central,Small & Medium,333503.2119,355090.4418,384720.4241,24930.1877,423813.1907
2024,5,52,East,Small & Medium,498498.0054,385072.7362,595222.4056,31848.7315,605125.898
2024,5,52,Central,Small & Medium,509891.2554,533170.1269,410516.5974,29488.7389,324376.1277
2024,5,52,East,Small & Medium,438280.913,581027.5901,458351.5085,27087.8648,406317.9724
2024,5,52,Central,Small & Medium,303394.2961,602680.0571,384685.6642,27899.0146,362687.1903
2024,5,52,East,Large,403382.012,376402.1242,522720.1616,28882.2426,722056.0641
2024,5,52,East,Strategic,415909.339,850939.1182,505210.4912,26497.297,450454.0496
2024,5,52,Central,Strategic,581728.1229,313221.7376,274913.2867,25660.6921,359249.6888
2024,5,52,West,Large,577041.9157,435604.8534,299563.9073,29093.486,290934.8597
2024,5,52,East,Large,187682.3917,484547.8506,361879.5295,27186.8684,299055.5524
2024,5,52,Central,Small & Medium,394728.4549,393825.0433,383313.5159,31938.9348,574900.8269
2024,5,52,West,Large,207364.1093,656075.9512,507828.4405,33131.9052,430714.7674
2024,5,52,Central,Small & Medium,517280.6337,494997.6118,458722.7167,27656.8178,414852.2666
2024,5,52,Central,Small & Medium,445862.5797,299624.0899,224270.1506,37182.6432,594922.2917
2024,5,52,East,Strategic,449779.5408,324226.971,356078.6871,30986.0151,402818.1969
2024,5,52,West,Small & Medium,815612.4579,245589.6843,411467.7405,30488.1626,457322.4384
2024,5,52,Central,Small & Medium,300796.086,503710.1557,507927.2882,26956.4224,512172.0263
2024,5,52,West,Strategic,376617.6277,450717.221,605556.7582,29583.207,502914.5197
2024,5,52,West,Strategic,469461.4433,518522.6771,493653.8938,28638.5684,630048.5044
2024,5,52,Central,Small & Medium,531978.4555,412687.8091,645855.665,32414.2772,551042.713
2024,5,52,East,Strategic,328883.5142,583070.4161,413325.3237,34460.636,447988.2676
2024,5,52,East,Large,672021.1489,620729.1186,567283.1333,27639.1884,359309.4487
2024,5,52,East,Small & Medium,518875.9325,483789.1426,485736.622,32486.8293,584762.9272
2024,5,52,East,Small & Medium,643930.5525,494416.045,318970.4271,31981.1091,383773.3087
2024,5,52,Central,Large,536953.6187,464528.1683,322882.2,29815.4612,447231.9174
2024,5,52,West,Large,453573.8606,770530.3845,464236.0482,28301.6817,481128.5895
2024,5,52,West,Large,481948.4186,337952.2388,521750.6509,31643.7144,443012.0014
2024,5,52,Central,Strategic,306178.3027,487105.1616,531271.1302,33757.1112,472599.5562
2024,5,52,East,Strategic,338090.5476,421526.1878,492843.0134,23393.3144,304113.0868
2024,5,52,West,Large,699160.4326,493256.0864,295182.1162,25727.6152,231548.5368
2024,5,52,Central,Large,408072.2248,475728.2696,504355.7022,30214.7197,574079.6749
2024,5,52,East,Large,523518.1371,596317.9956,218226.3894,22778.2551,159447.7857
2024,5,52,Central,Large,510178.7376,366554.7186,660479.3404,34347.4849,309127.3638
2024,5,52,East,Large,563760.2845,409605.787,566682.791,31940.3536,574926.3654
2024,5,52,Central,Small & Medium,664942.9097,516060.1843,307533.7697,30715.8963,430022.5485
2024,5,52,East,Large,306628.7551,418367.8051,154319.6438,24080.8371,481616.7414
2024,5,52,Central,Small & Medium,355098.301,281535.1313,419703.0141,22835.0974,296856.2661
2024,5,52,Central,Small & Medium,559902.2189,626013.2631,381960.684,28495.2052,455923.2824
2024,5,52,East,Small & Medium,387083.2006,106893.4085,354733.3605,23024.9239,207224.3151
2024,5,52,East,Large,335499.3926,530949.4105,538274.7572,29894.914,358738.9684
2024,5,52,East,Strategic,307623.9273,370777.6781,669879.7034,28622.5762,372093.4904
2024,5,52,Central,Strategic,512497.5037,254976.9046,302424.2691,39029.879,624478.0639
2024,5,52,Central,Large,416183.8258,591034.5103,413902.2628,35221.9722,457885.639
2024,5,52,Central,Large,290000.1022,424647.5444,553697.962,30437.4575,608749.1501
2024,5,52,Central,Large,535163.624,640611.2783,598877.9438,35983.3286,611716.5864
2024,5,52,Central,Large,489902.0561,597869.4998,462804.8005,27584.8334,193093.8338
2024,5,52,West,Strategic,490134.5312,473273.1911,330855.1048,31325.061,469875.9143
2024,5,52,East,Large,262354.6871,715323.9496,408768.8673,31868.2366,350550.603
2024,5,52,Central,Small & Medium,513361.3444,364066.6578,346319.2819,29464.4875,471431.7992
2024,5,52,Central,Small & Medium,292734.5094,538578.2464,467913.3314,28200.3458,423005.1863
2024,5,52,East,Small & Medium,372470.9468,528623.6677,642660.3364,23667.6923,355015.3848
2024,5,52,Central,Strategic,420060.8072,655474.5518,356873.2553,28211.8575,423177.8626
2024,5,52,Central,Large,523310.8222,650425.2415,492229.2266,28041.0758,616903.6685
2024,5,52,Central,Small & Medium,436288.6353,387836.6139,402438.8916,25638.6322,384579.4835
2024,5,52,Central,Small & Medium,489474.734,436827.5026,617586.4573,29586.7439,502974.6465
2024,5,52,Central,Strategic,423249.4028,385170.2746,272601.8275,32583.7215,423588.38
2024,5,52,Central,Large,384349.1329,659198.3695,482268.0844,36387.1628,654968.9296
2024,5,52,East,Small & Medium,445930.4302,421545.9637,665167.5534,31022.2464,496355.9424
2024,5,52,East,Large,660311.9087,459826.6094,527469.2937,30354.3056,455314.5833
2024,5,52,Central,Strategic,305792.8335,561379.5929,444704.183,28792.3093,316715.4025
2024,5,52,East,Strategic,527145.2558,819887.5682,516068.4902,32399.7633,453596.6867
2024,5,52,East,Small & Medium,326235.4407,382484.7395,529854.4956,34392.6175,722244.9672
2024,5,52,East,Large,196941.8611,522134.6337,532816.0354,33059.6619,396715.9423
2024,5,52,Central,Strategic,518396.855,453073.9568,223351.12,34856.7623,313710.8606
2024,5,52,East,Large,646148.2925,342661.3547,628124.0757,32504.6019,325046.0191
2024,5,52,East,Small & Medium,507599.8468,328294.0883,386386.5771,30642.2532,428991.545
2024,5,52,Central,Strategic,438956.4956,430139.9452,690733.4497,31757.1186,412842.5419
2024,5,52,West,Large,360815.339,446813.8058,529364.0478,32682.9894,326829.8938
2024,5,52,East,Strategic,555248.0014,494783.7352,419317.2917,24328.8327,413590.1558
2024,5,52,West,Strategic,437245.2907,423195.4622,288924.1977,31147.7122,591806.5311
2024,5,52,West,Small & Medium,482109.4231,267573.4315,503260.9248,27269.6911,490854.4392
2024,5,52,West,Large,659413.8579,606653.7334,590120.7661,31072.3541,403940.6029
2024,5,52,East,Small & Medium,498348.7677,219759.2246,396049.1025,32830.8851,755110.3568
2024,5,52,East,Large,501843.4343,688695.2624,891209.8013,28395.2964,511115.3358
2024,5,52,Central,Large,685054.2597,541814.2986,521145.5632,26800.3125,375204.3756
2024,5,52,East,Large,612810.5973,782021.6788,456137.5892,32285.6002,645712.0031
2024,5,52,East,Strategic,463755.0234,372825.6357,599769.2741,31706.1242,348767.3664
2024,5,52,East,Strategic,579510.5219,614975.2169,475889.1392,35763.9766,500695.6723
2024,5,52,East,Large,550182.5586,509031.9262,495824.3926,28074.6589,364970.5659
2024,5,52,Central,Small & Medium,440869.5149,359668.2474,344681.6701,29047.0297,464752.4754
2024,5,52,Central,Small & Medium,417596.1319,610963.3276,593236.2337,26858.1742,456588.9619
2024,5,52,East,Strategic,514639.0851,417891.659,514700.1903,25345.5942,304147.1299
2024,5,52,East,Large,403408.225,626866.3166,680010.5507,31777.4186,444883.8602
2024,5,52,East,Large,349723.0541,411647.4825,501449.6889,36678.3226,513496.5157
2024,5,52,East,Strategic,344910.7129,346681.9627,524540.8916,27424.1401,383937.961
2024,5,52,Central,Strategic,404800.0789,597351.9782,452873.0645,31235.6453,468534.6799
2024,5,52,Central,Large,526469.4515,343423.9915,339313.507,30512.0438,579728.8328
2024,5,52,West,Large,438629.2923,364296.935,566946.3301,35146.6472,597493.0019
2024,5,52,Central,Large,410938.1265,391702.9478,250837.1802,27633.2341,414498.5108
2024,5,52,East,Small & Medium,533308.2165,748285.8803,444476.816,28694.1669,401718.337
2024,5,52,West,Large,568559.6241,464191.579,461022.6336,34110.0236,443430.3067
2024,5,52,West,Strategic,813647.4921,593221.9374,236369.0766,36320.5012,290564.0092
2024,5,52,Central,Strategic,415726.3385,583992.3506,252381.3607,37392.5164,411317.6805
2024,5,52,Central,Strategic,404084.9616,616447.5713,355568.8028,28032.2797,280322.7972
2024,5,52,Central,Strategic,525888.1516,460481.9867,598518.2745,27873.6272,418104.4079
2024,5,52,Central,Strategic,269612.1324,506309.4596,446827.368,32093.722,481405.8301
2024,5,52,Central,Strategic,528030.718,748070.8331,557893.5257,33926.941,576757.9964
2024,5,52,East,Strategic,353272.9346,488712.3845,522785.5807,28235.3621,395295.07
2024,5,52,Central,Small & Medium,504430.1483,442261.2307,378911.5564,31838.9038,636778.075
2024,5,52,West,Strategic,494513.0633,406320.5037,433774.8644,31269.0737,750457.7691
2024,5,52,East,Small & Medium,369973.7903,325165.8839,399812.9437,28339.1378,340069.653
2024,5,52,Central,Small & Medium,571281.3938,279622.8439,272238.4371,28134.6085,534557.5616
2024,5,52,East,Strategic,619750.3524,581813.4916,264553.3738,32829.7561,393957.0729
2024,5,52,West,Small & Medium,552783.5388,435754.076,428149.432,35870.652,430447.8241
2024,5,52,Central,Strategic,617416.5446,487111.5387,443056.1133,28439.0054,398146.0757
2024,5,52,East,Strategic,475564.3309,618871.8956,278754.37,30079.3941,300793.9411
2024,5,52,East,Strategic,450317.8463,431422.5344,750063.5218,30370.1832,394812.3822
2024,5,52,Central,Large,487311.1734,549779.9909,215347.3455,30195.2303,422733.2242
2024,5,52,East,Strategic,342848.1337,648356.443,523031.8979,34896.7485,453657.7306
2024,5,52,East,Small & Medium,487592.2529,432924.9696,519324.8275,29121.0473,495057.8044
2024,5,52,East,Strategic,495558.6431,680619.0931,338266.8588,34178.0348,683560.6952
2024,5,52,Central,Strategic,794089.9576,510308.488,387976.3818,30943.0055,371316.0662
2024,5,52,East,Strategic,385797.4667,522090.0378,491025.3218,28059.598,561191.9593
2024,5,52,West,Large,467158.0116,382103.5775,242837.6329,34772.8626,591138.665
2024,5,52,West,Large,241825.6618,445489.6426,496701.528,35863.5978,681408.3589
2024,5,52,East,Large,575707.4267,446693.9501,495726.7673,28936.5861,491921.9638
2024,5,52,East,Strategic,216673.1135,647292.5433,375176.1928,29324.4072,322568.4795
2024,5,52,Central,Small & Medium,739715.2112,289316.3013,491335.3158,24778.9168,272568.0851
2024,5,52,West,Small & Medium,608983.9221,398034.6494,702353.4283,29778.6027,476457.6438
2024,5,52,Central,Small & Medium,515486.2966,415510.4615,537341.5093,26596.4624,505332.7864
2024,5,52,Central,Strategic,336698.9151,553484.1088,511765.5056,30583.9332,611678.6634
2024,5,52,East,Large,465242.2632,441920.6173,481391.9074,27410.8612,301519.4734
2024,5,52,West,Large,374042.0296,443227.3325,413094.6777,27705.4487,360170.8325
2024,5,52,West,Strategic,424624.6624,271476.2313,397994.8656,27115.8976,244043.0784
2024,5,52,West,Strategic,420113.6031,656420.1758,575186.7655,31038.9656,434545.5177
2024,5,52,West,Large,363086.9285,379275.1679,438802.0119,27630.6057,552612.1136
2024,5,52,West,Strategic,486088.9257,564347.7926,491413.6548,31230.1871,499682.9934
2024,5,52,East,Strategic,439800.2637,452022.5543,324137.3009,30242.2142,453633.2137
2024,5,52,East,Strategic,472201.6331,695868.7463,498082.2654,35806.8495,537102.7424
2024,5,52,East,Large,464479.5738,564089.7374,425684.4627,38783.7905,542973.0674
2024,5,52,East,Strategic,408661.1487,352604.9041,347706.74,31775.051,571950.9178
2024,5,52,West,Large,328962.9703,312335.2553,502041.4442,35147.7923,456921.3002
2024,5,52,East,Strategic,373630.5227,819325.6767,340153.0258,29688.9819,356267.7826
2024,5,52,East,Strategic,413531.9544,435646.7739,483032.3773,29351.6846,234813.477
2024,5,52,East,Strategic,700643.2965,484401.0608,621215.463,28224.879,536272.7011
2024,5,52,East,Strategic,275735.8602,478206.176,228224.8311,24535.0531,318955.69
2024,5,52,East,Strategic,450259.377,732931.5353,441394.3797,30103.6489,391347.4352
2024,5,52,West,Large,550981.1514,745880.5687,475160.3791,31837.3062,318373.0623
2024,5,52,East,Large,673369.0398,478974.9575,431471.9107,29018.2358,348218.8294
2024,5,52,East,Large,602452.6812,534060.763,568879.9265,29641.6611,444624.9172
2024,5,52,East,Strategic,455326.8496,592017.118,447954.9534,30958.8702,495341.9229
2024,5,52,East,Large,432815.9259,363837.1751,449823.9781,30514.5955,427204.337
2024,5,52,East,Large,380288.5115,399553.7705,511201.4143,32315.2757,581674.962
2024,5,52,Central,Small & Medium,404569.9409,347373.3197,410806.4748,35098.1056,526471.5842
2024,5,52,West,Large,366707.5739,353453.5506,510945.1927,31094.8406,590801.9721
2024,5,52,Central,Large,451759.2994,270784.1054,294452.219,27691.9398,359995.217
2024,5,52,East,Strategic,489329.6028,567572.4097,455586.9073,26503.7173,424059.4764
2024,5,52,West,Strategic,459100.5319,648402.5003,601760.0622,36113.838,505593.7326
2024,5,52,Central,Strategic,312399.3484,457799.6075,438845.8462,33444.9625,468229.4745
2024,5,52,Central,Small & Medium,619351.7439,577733.2918,596975.5569,33725.7618,640789.4748
2024,5,52,Central,Strategic,538403.8493,443002.4013,291804.5016,31473.225,346205.4753
2024,5,52,West,Strategic,612553.0597,259905.1151,437726.2576,30429.7583,456446.3752
2024,5,52,East,Strategic,359912.5626,462120.1433,353446.2884,33521.2065,402254.4785
2024,5,52,Central,Strategic,325512.8433,596906.1698,466170.7856,32008.8109,576158.5957
2024,5,52,West,Large,313864.2631,416228.7187,489008.3542,28740.4222,431106.3326
2024,5,52,East,Strategic,362031.3371,406405.5904,357083.0199,34442.3709,275538.9674
2024,5,52,Central,Large,323121.7245,412313.5574,436744.2528,26638.3738,452852.3542
2024,5,52,West,Small & Medium,562654.8236,710667.5183,223378.8685,31382.6454,376591.7452
2024,5,52,Central,Small & Medium,468257.0924,530533.8022,320241.8333,25676.933,359477.0618
2024,5,52,Central,Small & Medium,256733.1145,367521.7736,371562.0629,26362.1755,369070.4563
2024,5,52,East,Large,407178.0521,631286.6928,311320.7763,30594.0103,520098.1743
2024,5,52,East,Large,189787.1245,443088.522,473689.645,30862.4275,432073.9849
2024,5,52,East,Large,472893.1974,315488.2194,530072.2781,30790.2982,215532.0871
2024,5,52,East,Strategic,249750.183,410294.2707,203666.6951,34057.5634,578978.578
2024,5,52,West,Large,533116.5802,281464.5243,541844.4879,30828.2283,431595.1959
2024,5,52,Central,Large,640627.1029,292256.614,346626.2794,31927.878,446990.2918
2024,5,52,East,Strategic,317435.6869,473707.0552,532667.2675,29665.8116,326323.928
2024,5,52,West,Large,692888.9291,526813.0417,388942.7335,32039.3902,448551.4628
2024,5,52,West,Strategic,508685.6563,725848.9661,252511.9512,25357.5357,481793.1789
2024,5,52,East,Strategic,175859.3277,529659.184,573313.5514,26265.9887,577851.7511
2024,5,52,East,Strategic,504549.4151,563550.2657,326389.0068,29128.5634,582571.2676
2024,5,52,Central,Strategic,282232.9728,419850.9321,462957.9227,31665.4571,443316.3991
2024,5,52,East,Large,346999.7416,411532.5505,488502.3998,25754.5522,334809.178
2024,5,52,East,Large,408027.3266,202562.3434,578182.0091,31661.4784,601568.0899
2024,5,52,East,Large,513704.533,165987.9601,515550.3673,32304.1615,484562.4232
2024,5,52,East,Strategic,465520.7485,569936.047,295729.2047,29570.0357,502690.6072
2024,5,52,East,Strategic,604396.9034,765095.4005,474748.9439,33441.3987,601945.1768
2024,5,52,East,Large,378721.4034,496695.1315,548046.4227,29398.7374,293987.374
2024,5,52,East,Strategic,428240.9777,392771.1872,718401.899,35272.9799,670186.6188
2024,5,52,East,Small & Medium,352724.863,271327.5899,394542.201,25025.3707,300304.4478
2024,5,52,West,Strategic,584498.0415,588227.1283,369733.8177,35610.6145,427327.3743
2024,5,52,West,Small & Medium,514010.7971,478663.2318,641716.2966,34756.4788,451834.224
2024,5,52,East,Small & Medium,210525.3341,418304.1192,586251.3463,33753.8086,506307.1294
2024,5,52,East,Strategic,413991.9871,459107.572,290248.1193,33600.4126,235202.888
2024,5,52,East,Small & Medium,305721.3097,444265.7374,623022.8107,32971.175,560509.9756
2024,5,52,East,Small & Medium,413445.9074,417652.2259,675048.7023,30439.7237,334836.9605
2024,5,52,East,Small & Medium,454572.7061,554274.0447,236851.604,31942.8075,734684.5726
2024,5,52,East,Large,664849.5146,344862.6462,803320.6703,27791.561,611414.3415
2024,5,52,Central,Small & Medium,574360.3383,448325.6989,388960.7914,27233.1502,571896.1537
2024,5,52,Central,Strategic,320963.0456,605422.5604,528516.834,28342.1649,595185.4637
2024,5,52,Central,Large,620215.8083,505226.0222,334216.712,28527.5162,456440.2594
2024,5,52,West,Large,579648.3979,309537.992,397006.9519,34289.4486,411473.383
2024,5,52,Central,Strategic,308842.7789,516520.2517,170001.5077,35212.2099,704244.1985
2024,5,52,Central,Strategic,481433.445,581465.1291,382247.5054,30057.0226,390741.2934
2024,5,52,East,Large,499383.2027,307958.4234,578702.0016,29773.0413,327503.4542
2024,5,52,Central,Small & Medium,491727.531,531804.7839,328617.4487,26257.1429,183800.0004
2024,5,52,West,Large,574088.1539,391722.8418,432577.9251,29361.1947,352334.3363
2024,5,52,West,Large,406558.6555,272070.2009,197828.5749,31762.0594,476430.891
2024,5,52,East,Strategic,484570.6725,614810.0072,487297.9925,31554.256,410205.3276
2024,5,52,East,Strategic,373592.176,642387.5001,344876.215,29292.611,497974.3873
2024,5,52,East,Large,642736.1152,316672.0623,293386.1785,32613.6811,652273.6212
2024,5,52,West,Small & Medium,380729.5354,425805.0848,438231.3237,31468.5204,314685.2044
2024,5,52,Central,Small & Medium,496137.6434,513025.7069,529308.2377,32519.4562,552830.7556
2024,5,52,West,Large,238845.5539,481729.468,365355.8185,26151.1091,418417.7454
2024,5,52,West,Large,451207.7237,567719.0258,399604.5769,29627.2906,385154.7782
2024,5,52,West,Small & Medium,266517.6878,565161.349,517567.6536,27241.5231,653796.5532
2024,5,52,Central,Small & Medium,349025.965,753087.4132,331543.7973,30279.995,272519.9554
2024,5,52,East,Small & Medium,545918.9264,789128.2145,477191.5116,30795.3508,369544.2098
2024,5,52,West,Strategic,447477.0166,436390.8615,543800.2735,31738.022,476070.3293
2024,5,52,West,Small & Medium,597440.9435,468101.4685,537784.4842,31067.8337,528153.1733
2024,5,52,West,Small & Medium,227768.5916,597638.4916,350895.2738,29537.6966,354452.3595
2024,5,52,East,Large,319337.1596,264042.2027,502478.7744,32415.6156,486234.2343
2024,5,52,Central,Small & Medium,555739.1771,209307.3396,440627.8587,33552.6824,536842.9186
2024,5,52,West,Small & Medium,441011.5704,287196.4805,422298.3046,27706.6409,471012.8961
2024,5,52,East,Small & Medium,502938.8979,406645.8294,346377.0064,25426.8295,533963.4187
2024,5,52,West,Strategic,648843.3346,546628.954,398033.9913,31320.8687,501133.8991
2024,5,52,East,Strategic,398972.569,342338.2307,513302.5951,32568.3596,521093.7542
2024,5,52,Central,Large,394375.3182,698447.0604,450914.0094,31045.0391,403585.5081
2024,5,52,East,Large,384796.9293,478369.7231,366791.457,33575.9943,302183.9487
2024,5,52,West,Large,645455.8702,715066.5571,349793.4456,29517.3115,531311.6069
2024,5,52,West,Strategic,543554.3408,509148.5202,533732.5537,32183.3033,482749.5498
2024,5,52,East,Strategic,418656.1092,483485.2552,579184.9922,28601.3398,486222.7766
2024,5,52,East,Large,241706.3426,285821.4156,242373.417,31354.4906,344899.397
2024,5,52,Central,Strategic,526673.2055,573813.6719,553225.9992,34591.0193,761002.4251
2024,5,52,Central,Small & Medium,391967.8474,340576.5703,372083.7365,27547.2263,440755.6203
2024,5,52,Central,Strategic,704306.2784,427568.8972,345426.4246,32608.9062,456524.6868
2024,5,52,West,Small & Medium,439385.4097,428723.5232,472444.0114,30733.1341,522463.2797
2024,5,52,East,Large,525085.9476,420960.2353,260550.7888,32615.0279,521840.4465
2024,5,52,East,Strategic,161143.5506,312945.3538,294480.5934,30007.1348,300071.3483
2024,5,52,Central,Strategic,367560.1273,578100.1201,412139.4801,27381.245,465481.1646
2024,5,52,East,Large,379127.0159,258345.1309,568751.6331,31845.0236,477675.3535
2024,5,52,Central,Large,667901.6483,445360.6785,476989.4901,30069.6838,451045.2563
2024,5,52,West,Large,562263.9539,403360.5721,270412.9204,32180.9901,579257.821
2024,5,52,West,Small & Medium,418339.5818,640605.3665,569866.5865,35901.5107,502621.1495
2024,5,52,East,Strategic,602845.7599,590958.0093,779167.9876,29389.4512,411452.3174
2024,5,52,Central,Strategic,391343.4834,420403.7832,442477.103,26526.8205,291795.0258
2024,5,52,East,Strategic,305890.1444,622406.5889,430627.7806,38766.7809,503968.1523
2024,5,52,Central,Small & Medium,326910.7076,586726.1681,417177.9411,27938.0384,391132.5369
2024,5,52,West,Strategic,539405.0272,248171.6444,387485.4912,29185.2117,466963.3875
2024,5,52,Central,Small & Medium,455251.3003,410316.0292,678991.3757,30885.1466,617702.9321
2024,5,52,Central,Small & Medium,516560.4273,470429.6482,597187.9462,36863.0786,663535.4155
2024,5,52,West,Large,431247.9105,534782.5278,533390.3218,30705.7643,521997.9935
2024,5,52,East,Small & Medium,424734.645,371342.9532,622447.7374,37454.7659,561821.4884
2024,5,52,Central,Large,517200.5607,509586.907,566931.3348,34022.338,476312.7316
2024,5,52,West,Strategic,454220.5752,521674.3381,407887.4494,30928.4417,463926.6255
2024,5,52,East,Strategic,590239.4271,613153.6466,567434.1479,30849.6296,616992.5929
2024,5,52,Central,Strategic,515110.1782,622073.94,504101.1933,34596.9425,449760.2528
2024,5,52,Central,Strategic,397445.4594,409349.282,626626.4924,32578.7365,521259.7844
2024,5,52,East,Strategic,551223.7613,398818.1764,437847.4286,31157.5478,405048.122
2024,5,52,Central,Large,334109.5633,592801.8434,597062.19,26490.4963,370866.9476
2024,5,52,Central,Strategic,491982.1989,642900.1128,368820.3307,30268.0477,242144.3812
2024,5,52,West,Small & Medium,355702.4667,604236.56,399326.8584,35627.7465,570043.9447
2024,5,52,Central,Large,324939.2195,620097.7779,564562.3819,30522.041,427308.5739
2024,5,52,East,Strategic,639298.3344,538229.6445,485903.1136,33925.8559,373184.4146
2024,5,52,Central,Large,483078.6009,364572.0253,309087.6417,30427.234,486835.7437
2024,5,52,East,Strategic,273779.7646,195291.5506,549167.6857,34506.9006,483096.6083
2024,5,52,Central,Large,547148.9227,513026.8173,468587.4276,28453.6162,426804.2431
2024,5,52,Central,Large,506063.7335,412686.6708,588981.5821,26070.9677,312851.6118
2024,5,52,Central,Strategic,322121.3174,353696.1537,609451.2101,28755.148,431327.22
2024,5,52,Central,Strategic,556093.6355,392150.8776,429534.7786,33164.292,497464.3806
2024,5,52,West,Small & Medium,427708.0879,490739.2533,425058.2605,28648.2822,515669.0797
2024,5,52,Central,Strategic,520687.4066,589201.64,420347.4398,28366.3481,397128.8735
2024,5,52,Central,Small & Medium,631548.9187,475866.923,404539.512,25682.0696,410913.1128
2024,5,52,East,Strategic,364729.4809,459600.7765,344720.4262,33630.8881,538094.2101
2024,5,52,East,Strategic,305153.1985,477016.4654,337810.6512,27191.7111,353492.2449
2024,5,52,Central,Strategic,278806.6978,302223.9181,340305.3227,38589.7159,540256.0221
2024,5,52,Central,Large,484872.4012,455264.8543,405204.5589,23984.7801,263832.5814
2024,5,52,West,Large,418000.5566,544085.3104,552729.3322,28929.8663,636457.058
2024,5,52,Central,Large,533535.9309,515575.2011,412637.6593,30463.0246,456945.3689
2024,5,52,Central,Large,520506.6548,489783.9647,724500.7113,26991.7551,350892.8158
2024,5,52,Central,Strategic,482868.124,388644.9879,556568.7811,28210.7447,253896.7024
2024,5,52,Central,Small & Medium,451751.4955,616327.2329,398337.5707,26442.8111,343756.5442
2024,5,52,East,Large,295380.8464,403455.4548,505644.7783,30117.1367,602342.7332
2024,5,52,East,Large,328611.5774,491978.0453,467692.1179,34000.5237,340005.2365
2024,5,52,Central,Large,270286.1665,529589.6732,451229.5662,25514.7261,382720.8916
2024,5,52,East,Strategic,628936.946,440310.6945,454110.2077,28342.3945,453478.3118
2024,5,52,Central,Strategic,409558.8398,644233.248,449743.4021,28091.052,224728.4162
2024,5,52,Central,Large,395512.0291,566632.8356,686706.3731,36878.1573,442537.8873
2024,5,52,East,Strategic,460571.5084,523263.555,591992.496,28557.3439,399802.8139
2024,5,52,Central,Strategic,204735.3107,548420.1638,500642.9343,31817.4832,381809.7989
2024,5,52,Central,Large,471957.1567,439991.4428,359424.5087,34998.0794,909950.0647
2024,5,52,Central,Small & Medium,488105.0004,312624.6703,336450.458,28673.0426,487441.7246
2024,5,52,Central,Large,523362.125,417541.4362,294502.3505,29949.8995,419298.5936
2024,5,52,Central,Large,401578.1869,576274.7103,504243.1683,28741.1539,546081.924
2024,5,52,Central,Large,556195.0991,445340.0181,316243.0715,29649.0574,622630.2063
2024,5,52,Central,Small & Medium,316338.2909,333521.3023,666395.1477,29034.2336,406479.2708
2024,5,52,West,Large,375953.0743,389732.7437,453897.1607,34279.9381,342799.3807
2024,5,52,Central,Large,427407.4809,540357.7354,567980.9067,25821.9156,490616.3972
2024,5,52,Central,Strategic,360126.7832,584608.511,502081.7639,29942.0357,269478.3213
2024,5,52,Central,Strategic,587199.9198,476971.6112,519505.0003,34504.4006,448557.2073
2024,5,52,East,Strategic,364966.6328,601731.5322,673298.0574,30113.4795,481815.6721
2024,5,52,East,Small & Medium,329474.1054,567697.9685,487723.0675,31992.3807,447893.3299
2024,5,52,Central,Strategic,382545.0103,557911.4964,337263.8289,25905.6422,259056.4217
2024,5,52,Central,Strategic,430526.8471,432691.7199,340108.0609,28995.1038,289951.0382
2024,5,52,East,Small & Medium,468430.9396,390186.2872,388575.99,29830.8979,208816.2854
2024,5,52,Central,Small & Medium,603112.2054,408971.3277,724693.7541,24919.2943,348870.12
2024,5,52,East,Large,203533.7991,367409.6189,402404.2844,30889.1493,586893.8376
2024,5,52,East,Small & Medium,530073.9026,579683.1963,343532.7302,31590.1898,379082.2776
2024,5,52,East,Small & Medium,400443.1254,418850.2095,487852.4179,28106.3007,421594.5101
2024,6,53,Central,Strategic,225955.8819,247881.5458,340984.5894,21041.9703,147293.7923
2024,6,53,East,Strategic,524849.4228,366955.9982,304453.4255,30901.3456,370816.1471
2024,6,53,Central,Strategic,378592.3687,581282.811,520837.7628,32993.801,461913.2137
2024,6,53,West,Large,499446.7574,422669.445,267019.1248,30329.7355,394286.561
2024,6,53,Central,Large,373076.7164,458369.8344,649710.9724,26600.2362,399003.5426
2024,6,53,West,Strategic,639256.424,332810.7662,532561.9056,35041.4619,315373.1568
2024,6,53,East,Large,478302.1268,384469.8483,472853.506,32801.6135,721635.4973
2024,6,53,East,Large,320480.3792,348392.0534,460232.9768,26828.1361,295109.4973
2024,6,53,East,Small & Medium,213757.1739,498909.2513,403770.4614,28255.0236,536845.4486
2024,6,53,West,Strategic,515453.8014,447876.6355,604970.1045,29238.7615,467820.1846
2024,6,53,Central,Strategic,224007.5501,360931.1609,827789.3603,29612.8865,740322.1619
2024,6,53,Central,Strategic,468738.62,534241.4712,436431.3828,28107.6146,393506.6043
2024,6,53,East,Strategic,313746.5782,600343.5446,271050.0561,29759.6706,238077.3648
2024,6,53,West,Strategic,265628.8355,470960.2333,544835.3045,26277.0399,499263.7576
2024,6,53,West,Large,468804.598,330267.6001,520320.3813,24968.2455,299618.9463
2024,6,53,East,Strategic,467833.8755,520303.0098,171891.7826,27387.0652,246483.5865
2024,6,53,West,Strategic,394891.2054,614301.8422,375324.4911,29025.6747,493436.4702
2024,6,53,West,Strategic,513858.9476,409231.3449,519040.7432,28689.2374,516406.2724
2024,6,53,West,Large,350570.0245,546692.0181,405433.8342,31055.6849,248445.4792
2024,6,53,East,Large,488909.6213,531646.9147,250890.2114,29825.0552,536850.9927
2024,6,53,East,Strategic,536825.3468,382664.8122,700010.5008,28050.7256,448811.6094
2024,6,53,East,Small & Medium,434846.1299,413684.4059,483541.4303,34465.6117,585915.3996
2024,6,53,West,Small & Medium,411123.0149,526357.2486,444241.2847,33638.5016,437300.5202
2024,6,53,West,Strategic,551698.3968,435430.4835,510837.5577,26135.9334,339767.1344
2024,6,53,West,Large,581019.3741,329989.6776,249911.9861,30926.2803,494820.4853
2024,6,53,East,Small & Medium,448648.1377,420732.279,509899.8744,25808.7005,154852.2027
2024,6,53,East,Strategic,676985.9309,475814.1491,616879.0754,30188.35,543390.2999
2024,6,53,East,Small & Medium,535578.7264,382495.3093,609048.629,24663.8614,394621.7821
2024,6,53,West,Small & Medium,403622.54,381538.0579,428921.8388,36198.3881,723967.7612
2024,6,53,Central,Large,585821.6489,348882.8987,462661.9591,25779.5599,335134.2785
2024,6,53,West,Large,411151.5574,424409.8898,602386.297,27759.9388,471918.9594
2024,6,53,Central,Small & Medium,506737.3093,472324.549,409755.7666,29507.2047,383593.6609
2024,6,53,West,Strategic,695955.9944,295150.7585,638721.2532,27323.0849,437169.3587
2024,6,53,East,Small & Medium,374631.6307,478975.7058,386469.8062,28418.6131,483116.4235
2024,6,53,Central,Large,523405.0678,614065.4041,611213.777,31955.3332,383463.9988
2024,6,53,East,Small & Medium,449451.1302,384347.6221,455587.9278,37517.3033,825380.6717
2024,6,53,East,Small & Medium,524860.8074,296968.9735,478989.8038,32804.6012,590482.8223
2024,6,53,East,Small & Medium,516152.883,532706.0641,515123.9948,29134.7645,553560.5259
2024,6,53,East,Small & Medium,272073.136,538867.3942,412811.4354,28260.1855,536943.5252
2024,6,53,East,Small & Medium,265051.2542,329449.8499,629657.9136,33064.0738,297576.6639
2024,6,53,West,Small & Medium,490768.3451,398716.4217,610413.352,31789.0664,508625.0625
2024,6,53,East,Small & Medium,529190.8026,548034.2088,403666.2367,26233.138,288564.5181
2024,6,53,East,Small & Medium,460980.8688,534985.0386,340180.5245,30329.5327,515602.0554
2024,6,53,East,Small & Medium,418344.4685,582767.1003,377396.4047,33609.5113,302485.6016
2024,6,53,East,Large,423504.5204,656858.2205,265127.4488,33546.9483,436110.328
2024,6,53,East,Strategic,697917.9962,532912.7894,460584.0584,37649.0949,489438.2334
2024,6,53,East,Strategic,632657.9992,406306.8938,387156.9545,30318.0807,212226.5649
2024,6,53,East,Strategic,245034.3387,279265.3147,600212.2736,37770.4194,528785.8717
2024,6,53,East,Small & Medium,369022.8759,268478.722,284658.0235,27290.721,354779.3724
2024,6,53,East,Small & Medium,371521.448,584894.4538,260353.563,35959.1552,503428.1722
2024,6,53,East,Small & Medium,597527.6035,580666.0537,405855.2792,32499.6837,422495.888
2024,6,53,East,Small & Medium,219224.6593,337884.437,304521.4414,32587.0327,488805.4911
2024,6,53,East,Small & Medium,407328.5986,395234.5907,592399.2111,33144.735,563460.4944
2024,6,53,East,Small & Medium,707151.8513,418534.3724,445001.4333,29739.1333,416347.866
2024,6,53,East,Small & Medium,297562.1785,467280.5269,496812.6564,29636.5364,474184.5826
2024,6,53,East,Small & Medium,416783.0425,754971.1789,666293.8586,31561.4086,410298.3116
2024,6,53,East,Small & Medium,475930.5782,423739.2835,681064.8868,30352.7458,576702.1711
2024,6,53,East,Small & Medium,448201.8707,368240.5109,360309.9782,32947.9468,494219.2017
2024,6,53,Central,Small & Medium,423813.1907,333503.2119,355090.4418,32533.7419,292803.6769
2024,6,53,East,Small & Medium,605125.898,498498.0054,385072.7362,36468.9297,328220.3675
2024,6,53,Central,Small & Medium,324376.1277,509891.2554,533170.1269,32921.811,724279.8421
2024,6,53,East,Small & Medium,406317.9724,438280.913,581027.5901,28911.9212,318031.1327
2024,6,53,Central,Small & Medium,362687.1903,303394.2961,602680.0571,35132.4451,491854.2316
2024,6,53,East,Large,722056.0641,403382.012,376402.1242,30438.0946,426133.3242
2024,6,53,East,Strategic,450454.0496,415909.339,850939.1182,22269.6705,378584.399
2024,6,53,Central,Strategic,359249.6888,581728.1229,313221.7376,30618.4055,459276.0819
2024,6,53,West,Large,290934.8597,577041.9157,435604.8534,33234.7719,498521.579
2024,6,53,East,Large,299055.5524,187682.3917,484547.8506,30161.3908,361936.69
2024,6,53,Central,Small & Medium,574900.8269,394728.4549,393825.0433,27240.8204,299649.0244
2024,6,53,West,Large,430714.7674,207364.1093,656075.9512,35977.52,503685.2795
2024,6,53,Central,Small & Medium,414852.2666,517280.6337,494997.6118,29121.3709,524184.6762
2024,6,53,Central,Small & Medium,594922.2917,445862.5797,299624.0899,33000.7182,528011.4915
2024,6,53,East,Strategic,402818.1969,449779.5408,324226.971,28505.5045,285055.045
2024,6,53,West,Small & Medium,457322.4384,815612.4579,245589.6843,28381.1482,510860.6679
2024,6,53,Central,Small & Medium,512172.0263,300796.086,503710.1557,27935.7987,279357.9872
2024,6,53,West,Strategic,502914.5197,376617.6277,450717.221,38765.2238,465182.6851
2024,6,53,West,Strategic,630048.5044,469461.4433,518522.6771,29868.0691,627229.452
2024,6,53,Central,Small & Medium,551042.713,531978.4555,412687.8091,31146.9711,467204.567
2024,6,53,East,Strategic,447988.2676,328883.5142,583070.4161,28674.0566,458784.9059
2024,6,53,East,Large,359309.4487,672021.1489,620729.1186,32111.4749,481672.1228
2024,6,53,East,Small & Medium,584762.9272,518875.9325,483789.1426,28433.0294,398062.4114
2024,6,53,East,Small & Medium,383773.3087,643930.5525,494416.045,31377.8229,784445.5735
2024,6,53,Central,Large,447231.9174,536953.6187,464528.1683,28767.5591,546583.6231
2024,6,53,West,Large,481128.5895,453573.8606,770530.3845,29067.083,436006.2444
2024,6,53,West,Large,443012.0014,481948.4186,337952.2388,31198.4056,499174.4888
2024,6,53,Central,Strategic,472599.5562,306178.3027,487105.1616,30098.1983,541767.5697
2024,6,53,East,Strategic,304113.0868,338090.5476,421526.1878,28412.1454,340945.7442
2024,6,53,West,Large,231548.5368,699160.4326,493256.0864,30089.8648,421258.1065
2024,6,53,Central,Large,574079.6749,408072.2248,475728.2696,30349.1152,273142.0364
2024,6,53,East,Large,159447.7857,523518.1371,596317.9956,28096.6029,365255.8381
2024,6,53,Central,Large,309127.3638,510178.7376,366554.7186,28094.8264,533801.7019
2024,6,53,East,Large,574926.3654,563760.2845,409605.787,30628.7453,673832.3957
2024,6,53,Central,Small & Medium,430022.5485,664942.9097,516060.1843,33971.8716,577521.817
2024,6,53,East,Large,481616.7414,306628.7551,418367.8051,36276.4737,507870.6317
2024,6,53,Central,Small & Medium,296856.2661,355098.301,281535.1313,28440.1063,483481.8078
2024,6,53,Central,Small & Medium,455923.2824,559902.2189,626013.2631,27638.0839,221104.6711
2024,6,53,East,Small & Medium,207224.3151,387083.2006,106893.4085,29639.3472,355672.1661
2024,6,53,East,Large,358738.9684,335499.3926,530949.4105,30462.0769,426469.0766
2024,6,53,East,Strategic,372093.4904,307623.9273,370777.6781,30837.89,308378.9002
2024,6,53,Central,Strategic,624478.0639,512497.5037,254976.9046,25817.8069,258178.0685
2024,6,53,Central,Large,457885.639,416183.8258,591034.5103,29108.1797,349298.1562
2024,6,53,Central,Large,608749.1501,290000.1022,424647.5444,32630.8397,293677.5576
2024,6,53,Central,Large,611716.5864,535163.624,640611.2783,33350.1359,400201.6307
2024,6,53,Central,Large,193093.8338,489902.0561,597869.4998,28259.0268,452144.4295
2024,6,53,West,Strategic,469875.9143,490134.5312,473273.1911,32803.2108,688867.4265
2024,6,53,East,Large,350550.603,262354.6871,715323.9496,29335.3266,352023.9186
2024,6,53,Central,Small & Medium,471431.7992,513361.3444,364066.6578,30209.6737,271887.0631
2024,6,53,Central,Small & Medium,423005.1863,292734.5094,538578.2464,30507.9063,671173.9394
2024,6,53,East,Small & Medium,355015.3848,372470.9468,528623.6677,33675.5566,606160.0196
2024,6,53,Central,Strategic,423177.8626,420060.8072,655474.5518,30024.1484,480386.3743
2024,6,53,Central,Large,616903.6685,523310.8222,650425.2415,31155.6849,498490.9579
2024,6,53,Central,Small & Medium,384579.4835,436288.6353,387836.6139,31515.8074,630316.1478
2024,6,53,Central,Small & Medium,502974.6465,489474.734,436827.5026,35087.254,421047.0485
2024,6,53,Central,Strategic,423588.38,423249.4028,385170.2746,31261.8567,562713.421
2024,6,53,Central,Large,654968.9296,384349.1329,659198.3695,30188.838,332077.2182
2024,6,53,East,Small & Medium,496355.9424,445930.4302,421545.9637,26594.9258,265949.258
2024,6,53,East,Large,455314.5833,660311.9087,459826.6094,33129.7858,430687.2156
2024,6,53,Central,Strategic,316715.4025,305792.8335,561379.5929,29179.1332,554403.5307
2024,6,53,East,Strategic,453596.6867,527145.2558,819887.5682,32204.733,418661.5286
2024,6,53,East,Small & Medium,722244.9672,326235.4407,382484.7395,28577.3453,342928.1439
2024,6,53,East,Large,396715.9423,196941.8611,522134.6337,33230.7441,465230.4172
2024,6,53,Central,Strategic,313710.8606,518396.855,453073.9568,29529.1431,354349.7175
2024,6,53,East,Large,325046.0191,646148.2925,342661.3547,34774.7492,660720.2346
2024,6,53,East,Small & Medium,428991.545,507599.8468,328294.0883,24082.762,168579.3337
2024,6,53,Central,Strategic,412842.5419,438956.4956,430139.9452,29749.5144,505741.7456
2024,6,53,West,Large,326829.8938,360815.339,446813.8058,32817.2852,689162.9886
2024,6,53,East,Strategic,413590.1558,555248.0014,494783.7352,28557.0474,342684.5693
2024,6,53,West,Strategic,591806.5311,437245.2907,423195.4622,30467.4785,457012.1779
2024,6,53,West,Small & Medium,490854.4392,482109.4231,267573.4315,26429.2644,422868.2305
2024,6,53,West,Large,403940.6029,659413.8579,606653.7334,30574.3217,489189.1471
2024,6,53,East,Small & Medium,755110.3568,498348.7677,219759.2246,29712.0509,356544.611
2024,6,53,East,Large,511115.3358,501843.4343,688695.2624,22562.8264,293316.7438
2024,6,53,Central,Large,375204.3756,685054.2597,541814.2986,29583.7295,355004.7536
2024,6,53,East,Large,645712.0031,612810.5973,782021.6788,28272.5508,310998.0588
2024,6,53,East,Strategic,348767.3664,463755.0234,372825.6357,34918.6954,733292.603
2024,6,53,East,Strategic,500695.6723,579510.5219,614975.2169,38012.8078,342115.2703
2024,6,53,East,Large,364970.5659,550182.5586,509031.9262,28418.6211,312604.8319
2024,6,53,Central,Small & Medium,464752.4754,440869.5149,359668.2474,26044.9946,572989.8818
2024,6,53,Central,Small & Medium,456588.9619,417596.1319,610963.3276,31954.0501,543218.8519
2024,6,53,East,Strategic,304147.1299,514639.0851,417891.659,26113.7209,470046.9762
2024,6,53,East,Large,444883.8602,403408.225,626866.3166,34564.6806,380211.4863
2024,6,53,East,Large,513496.5157,349723.0541,411647.4825,33484.3277,535749.2428
2024,6,53,East,Strategic,383937.961,344910.7129,346681.9627,34253.819,445299.6465
2024,6,53,Central,Strategic,468534.6799,404800.0789,597351.9782,34150.3718,614706.693
2024,6,53,Central,Large,579728.8328,526469.4515,343423.9915,26908.8348,376723.6865
2024,6,53,West,Large,597493.0019,438629.2923,364296.935,27546.1898,440739.0362
2024,6,53,Central,Large,414498.5108,410938.1265,391702.9478,32913.9603,460795.4445
2024,6,53,East,Small & Medium,401718.337,533308.2165,748285.8803,28951.4978,347417.973
2024,6,53,West,Large,443430.3067,568559.6241,464191.579,29823.0517,536814.93
2024,6,53,West,Strategic,290564.0092,813647.4921,593221.9374,32175.532,418281.9165
2024,6,53,Central,Strategic,411317.6805,415726.3385,583992.3506,31577.9402,410513.2224
2024,6,53,Central,Strategic,280322.7972,404084.9616,616447.5713,34465.9736,689319.4719
2024,6,53,Central,Strategic,418104.4079,525888.1516,460481.9867,32615.3553,717537.8172
2024,6,53,Central,Strategic,481405.8301,269612.1324,506309.4596,38070.5577,418776.1348
2024,6,53,Central,Strategic,576757.9964,528030.718,748070.8331,31367.3246,439142.5446
2024,6,53,East,Strategic,395295.07,353272.9346,488712.3845,27201.257,408018.8556
2024,6,53,Central,Small & Medium,636778.075,504430.1483,442261.2307,31903.3338,350936.6713
2024,6,53,West,Strategic,750457.7691,494513.0633,406320.5037,30666.9108,705338.9486
2024,6,53,East,Small & Medium,340069.653,369973.7903,325165.8839,32264.0372,645280.7435
2024,6,53,Central,Small & Medium,534557.5616,571281.3938,279622.8439,31025.444,558457.9913
2024,6,53,East,Strategic,393957.0729,619750.3524,581813.4916,25664.754,230982.7859
2024,6,53,West,Small & Medium,430447.8241,552783.5388,435754.076,31074.8713,372898.4556
2024,6,53,Central,Strategic,398146.0757,617416.5446,487111.5387,25915.645,362819.0301
2024,6,53,East,Strategic,300793.9411,475564.3309,618871.8956,28249.7833,536745.8836
2024,6,53,East,Strategic,394812.3822,450317.8463,431422.5344,30249.01,574731.1896
2024,6,53,Central,Large,422733.2242,487311.1734,549779.9909,28828.9652,345947.5826
2024,6,53,East,Strategic,453657.7306,342848.1337,648356.443,28089.9908,337079.889
2024,6,53,East,Small & Medium,495057.8044,487592.2529,432924.9696,28756.7653,402594.7139
2024,6,53,East,Strategic,683560.6952,495558.6431,680619.0931,30828.1853,462422.7799
2024,6,53,Central,Strategic,371316.0662,794089.9576,510308.488,33015.8774,528254.0383
2024,6,53,East,Strategic,561191.9593,385797.4667,522090.0378,38880.1702,272161.1911
2024,6,53,West,Large,591138.665,467158.0116,382103.5775,34201.8942,376220.8359
2024,6,53,West,Large,681408.3589,241825.6618,445489.6426,31968.8118,415594.5539
2024,6,53,East,Large,491921.9638,575707.4267,446693.9501,27953.3437,447253.4999
2024,6,53,East,Strategic,322568.4795,216673.1135,647292.5433,30693.7132,552486.8376
2024,6,53,Central,Small & Medium,272568.0851,739715.2112,289316.3013,27791.6317,472457.7383
2024,6,53,West,Small & Medium,476457.6438,608983.9221,398034.6494,26102.9588,391544.3827
2024,6,53,Central,Small & Medium,505332.7864,515486.2966,415510.4615,29834.5404,447518.1063
2024,6,53,Central,Strategic,611678.6634,336698.9151,553484.1088,30982.0382,340802.4205
2024,6,53,East,Large,301519.4734,465242.2632,441920.6173,29385.3294,411394.6109
2024,6,53,West,Large,360170.8325,374042.0296,443227.3325,33356.8391,366925.2302
2024,6,53,West,Strategic,244043.0784,424624.6624,271476.2313,27881.8575,334582.2894
2024,6,53,West,Strategic,434545.5177,420113.6031,656420.1758,25009.4738,400151.5808
2024,6,53,West,Large,552612.1136,363086.9285,379275.1679,29777.2034,416880.8469
2024,6,53,West,Strategic,499682.9934,486088.9257,564347.7926,29310.8695,351730.4343
2024,6,53,East,Strategic,453633.2137,439800.2637,452022.5543,29492.1475,530858.6552
2024,6,53,East,Strategic,537102.7424,472201.6331,695868.7463,34524.6786,379771.4648
2024,6,53,East,Large,542973.0674,464479.5738,564089.7374,36057.1869,252400.3084
2024,6,53,East,Strategic,571950.9178,408661.1487,352604.9041,32738.4485,458338.2795
2024,6,53,West,Large,456921.3002,328962.9703,312335.2553,30946.7395,247573.9159
2024,6,53,East,Strategic,356267.7826,373630.5227,819325.6767,27841.3891,445462.2257
2024,6,53,East,Strategic,234813.477,413531.9544,435646.7739,34923.7899,628628.2175
2024,6,53,East,Strategic,536272.7011,700643.2965,484401.0608,35194.0057,422328.0678
2024,6,53,East,Strategic,318955.69,275735.8602,478206.176,32239.0437,451346.6114
2024,6,53,East,Strategic,391347.4352,450259.377,732931.5353,35971.154,503596.1556
2024,6,53,West,Large,318373.0623,550981.1514,745880.5687,28781.2244,431718.3656
2024,6,53,East,Large,348218.8294,673369.0398,478974.9575,28085.1693,421277.5391
2024,6,53,East,Large,444624.9172,602452.6812,534060.763,24197.242,387155.8724
2024,6,53,East,Strategic,495341.9229,455326.8496,592017.118,29337.019,498729.3232
2024,6,53,East,Large,427204.337,432815.9259,363837.1751,35481.4072,496739.7012
2024,6,53,East,Large,581674.962,380288.5115,399553.7705,34194.3815,444526.9589
2024,6,53,Central,Small & Medium,526471.5842,404569.9409,347373.3197,31260.468,500167.4876
2024,6,53,West,Large,590801.9721,366707.5739,353453.5506,29643.4339,563225.2446
2024,6,53,Central,Large,359995.217,451759.2994,270784.1054,31180.92,374171.0405
2024,6,53,East,Strategic,424059.4764,489329.6028,567572.4097,27720.1887,415802.8298
2024,6,53,West,Strategic,505593.7326,459100.5319,648402.5003,28650.6439,487060.9456
2024,6,53,Central,Strategic,468229.4745,312399.3484,457799.6075,28439.7446,341276.9356
2024,6,53,Central,Small & Medium,640789.4748,619351.7439,577733.2918,33096.1677,595731.0188
2024,6,53,Central,Strategic,346205.4753,538403.8493,443002.4013,34797.0183,487158.256
2024,6,53,West,Strategic,456446.3752,612553.0597,259905.1151,34787.9779,487031.6903
2024,6,53,East,Strategic,402254.4785,359912.5626,462120.1433,28487.6035,569752.0705
2024,6,53,Central,Strategic,576158.5957,325512.8433,596906.1698,32476.5477,844390.2407
2024,6,53,West,Large,431106.3326,313864.2631,416228.7187,32081.6315,352897.946
2024,6,53,East,Strategic,275538.9674,362031.3371,406405.5904,30782.0263,492512.4204
2024,6,53,Central,Large,452852.3542,323121.7245,412313.5574,26139.7956,313677.5475
2024,6,53,West,Small & Medium,376591.7452,562654.8236,710667.5183,28383.6681,567673.3615
2024,6,53,Central,Small & Medium,359477.0618,468257.0924,530533.8022,28027.6485,336331.7824
2024,6,53,Central,Small & Medium,369070.4563,256733.1145,367521.7736,27412.6495,328951.7944
2024,6,53,East,Large,520098.1743,407178.0521,631286.6928,32447.7285,584059.1122
2024,6,53,East,Large,432073.9849,189787.1245,443088.522,26989.5884,350864.6493
2024,6,53,East,Large,215532.0871,472893.1974,315488.2194,33454.917,535278.6724
2024,6,53,East,Strategic,578978.578,249750.183,410294.2707,31873.8797,318738.7972
2024,6,53,West,Large,431595.1959,533116.5802,281464.5243,27046.585,540931.7008
2024,6,53,Central,Large,446990.2918,640627.1029,292256.614,31471.3658,314713.6583
2024,6,53,East,Strategic,326323.928,317435.6869,473707.0552,25503.2829,204026.263
2024,6,53,West,Large,448551.4628,692888.9291,526813.0417,26042.8198,364599.4773
2024,6,53,West,Strategic,481793.1789,508685.6563,725848.9661,26463.0091,476334.1629
2024,6,53,East,Strategic,577851.7511,175859.3277,529659.184,29437.1929,353246.3151
2024,6,53,East,Strategic,582571.2676,504549.4151,563550.2657,32556.726,260453.8082
2024,6,53,Central,Strategic,443316.3991,282232.9728,419850.9321,33623.0107,369853.118
2024,6,53,East,Large,334809.178,346999.7416,411532.5505,35270.589,423247.0683
2024,6,53,East,Large,601568.0899,408027.3266,202562.3434,32851.7207,657034.4142
2024,6,53,East,Large,484562.4232,513704.533,165987.9601,30132.9111,512259.4892
2024,6,53,East,Strategic,502690.6072,465520.7485,569936.047,29457.439,382946.7073
2024,6,53,East,Strategic,601945.1768,604396.9034,765095.4005,36663.1969,329968.7725
2024,6,53,East,Large,293987.374,378721.4034,496695.1315,31174.9307,561148.7519
2024,6,53,East,Strategic,670186.6188,428240.9777,392771.1872,28070.7224,421060.8355
2024,6,53,East,Small & Medium,300304.4478,352724.863,271327.5899,29760.9766,476175.6249
2024,6,53,West,Strategic,427327.3743,584498.0415,588227.1283,34631.5723,519473.5846
2024,6,53,West,Small & Medium,451834.224,514010.7971,478663.2318,30823.5237,523999.9037
2024,6,53,East,Small & Medium,506307.1294,210525.3341,418304.1192,30509.9846,427139.7837
2024,6,53,East,Strategic,235202.888,413991.9871,459107.572,30516.7825,549302.0853
2024,6,53,East,Small & Medium,560509.9756,305721.3097,444265.7374,31465.1779,660768.7367
2024,6,53,East,Small & Medium,334836.9605,413445.9074,417652.2259,32801.0517,459214.7239
2024,6,53,East,Small & Medium,734684.5726,454572.7061,554274.0447,30426.6508,760666.2691
2024,6,53,East,Large,611414.3415,664849.5146,344862.6462,26846.1428,348999.8565
2024,6,53,Central,Small & Medium,571896.1537,574360.3383,448325.6989,25703.9448,385559.172
2024,6,53,Central,Strategic,595185.4637,320963.0456,605422.5604,36975.3101,480679.0311
2024,6,53,Central,Large,456440.2594,620215.8083,505226.0222,27886.7288,167320.373
2024,6,53,West,Large,411473.383,579648.3979,309537.992,27458.402,494251.2365
2024,6,53,Central,Strategic,704244.1985,308842.7789,516520.2517,28671.157,344053.8845
2024,6,53,Central,Strategic,390741.2934,481433.445,581465.1291,23708.7611,379340.1774
2024,6,53,East,Large,327503.4542,499383.2027,307958.4234,35871.1117,358711.1167
2024,6,53,Central,Small & Medium,183800.0004,491727.531,531804.7839,26024.7193,260247.1925
2024,6,53,West,Large,352334.3363,574088.1539,391722.8418,34739.0908,486347.2707
2024,6,53,West,Large,476430.891,406558.6555,272070.2009,28274.4275,452390.8395
2024,6,53,East,Strategic,410205.3276,484570.6725,614810.0072,30061.9487,571177.0244
2024,6,53,East,Strategic,497974.3873,373592.176,642387.5001,25775.4781,335081.2154
2024,6,53,East,Large,652273.6212,642736.1152,316672.0623,33153.694,397844.3281
2024,6,53,West,Small & Medium,314685.2044,380729.5354,425805.0848,25618.6823,384280.2345
2024,6,53,Central,Small & Medium,552830.7556,496137.6434,513025.7069,29802.2438,506638.1449
2024,6,53,West,Large,418417.7454,238845.5539,481729.468,27721.4782,498986.6068
2024,6,53,West,Large,385154.7782,451207.7237,567719.0258,27404.8093,274048.0926
2024,6,53,West,Small & Medium,653796.5532,266517.6878,565161.349,26480.8767,476655.7811
2024,6,53,Central,Small & Medium,272519.9554,349025.965,753087.4132,30390.0356,455850.5344
2024,6,53,East,Small & Medium,369544.2098,545918.9264,789128.2145,33205.2931,498079.3968
2024,6,53,West,Strategic,476070.3293,447477.0166,436390.8615,31732.3771,380788.5252
2024,6,53,West,Small & Medium,528153.1733,597440.9435,468101.4685,34892.4947,418709.9361
2024,6,53,West,Small & Medium,354452.3595,227768.5916,597638.4916,31289.1177,406758.5307
2024,6,53,East,Large,486234.2343,319337.1596,264042.2027,27006.5078,378091.1088
2024,6,53,Central,Small & Medium,536842.9186,555739.1771,209307.3396,30493.3653,457400.4796
2024,6,53,West,Small & Medium,471012.8961,441011.5704,287196.4805,32852.4639,558491.8871
2024,6,53,East,Small & Medium,533963.4187,502938.8979,406645.8294,27996.7739,531938.705
2024,6,53,West,Strategic,501133.8991,648843.3346,546628.954,30622.9629,459344.4442
2024,6,53,East,Strategic,521093.7542,398972.569,342338.2307,35679.5124,356795.1243
2024,6,53,Central,Large,403585.5081,394375.3182,698447.0604,23206.9905,301690.8763
2024,6,53,East,Large,302183.9487,384796.9293,478369.7231,27163.9543,570443.0397
2024,6,53,West,Large,531311.6069,645455.8702,715066.5571,23095.9204,184767.3635
2024,6,53,West,Strategic,482749.5498,543554.3408,509148.5202,34461.7117,654772.5231
2024,6,53,East,Strategic,486222.7766,418656.1092,483485.2552,29299.3758,351592.5097
2024,6,53,East,Large,344899.397,241706.3426,285821.4156,32654.2622,293888.3595
2024,6,53,Central,Strategic,761002.4251,526673.2055,573813.6719,28004.1435,532078.7269
2024,6,53,Central,Small & Medium,440755.6203,391967.8474,340576.5703,31001.1189,682024.6166
2024,6,53,Central,Strategic,456524.6868,704306.2784,427568.8972,32627.7079,750437.2814
2024,6,53,West,Small & Medium,522463.2797,439385.4097,428723.5232,27501.2128,577525.469
2024,6,53,East,Large,521840.4465,525085.9476,420960.2353,30133.1112,331464.2237
2024,6,53,East,Strategic,300071.3483,161143.5506,312945.3538,29749.5691,327245.2598
2024,6,53,Central,Strategic,465481.1646,367560.1273,578100.1201,34163.3638,444123.7292
2024,6,53,East,Large,477675.3535,379127.0159,258345.1309,35160.9987,808702.9691
2024,6,53,Central,Large,451045.2563,667901.6483,445360.6785,30661.2141,459918.2121
2024,6,53,West,Large,579257.821,562263.9539,403360.5721,33914.7058,508720.5877
2024,6,53,West,Small & Medium,502621.1495,418339.5818,640605.3665,26037.6307,364526.8302
2024,6,53,East,Strategic,411452.3174,602845.7599,590958.0093,33032.1436,429417.867
2024,6,53,Central,Strategic,291795.0258,391343.4834,420403.7832,30171.7834,241374.2672
2024,6,53,East,Strategic,503968.1523,305890.1444,622406.5889,35300.0169,529500.254
2024,6,53,Central,Small & Medium,391132.5369,326910.7076,586726.1681,28026.5014,392371.0189
2024,6,53,West,Strategic,466963.3875,539405.0272,248171.6444,27428.7328,466288.4569
2024,6,53,Central,Small & Medium,617702.9321,455251.3003,410316.0292,28148.8731,450381.969
2024,6,53,Central,Small & Medium,663535.4155,516560.4273,470429.6482,32955.9782,527295.6508
2024,6,53,West,Large,521997.9935,431247.9105,534782.5278,34604.7244,484466.1417
2024,6,53,East,Small & Medium,561821.4884,424734.645,371342.9532,28808.4167,547359.9168
2024,6,53,Central,Large,476312.7316,517200.5607,509586.907,36160.9744,542414.6156
2024,6,53,West,Strategic,463926.6255,454220.5752,521674.3381,27775.6894,388859.6513
2024,6,53,East,Strategic,616992.5929,590239.4271,613153.6466,24764.0557,396224.8919
2024,6,53,Central,Strategic,449760.2528,515110.1782,622073.94,30534.837,335883.207
2024,6,53,Central,Strategic,521259.7844,397445.4594,409349.282,31394.3154,565097.6775
2024,6,53,East,Strategic,405048.122,551223.7613,398818.1764,31680.764,538572.9883
2024,6,53,Central,Large,370866.9476,334109.5633,592801.8434,33053.5618,396642.7415
2024,6,53,Central,Strategic,242144.3812,491982.1989,642900.1128,23341.8333,326785.6658
2024,6,53,West,Small & Medium,570043.9447,355702.4667,604236.56,30049.1156,360589.387
2024,6,53,Central,Large,427308.5739,324939.2195,620097.7779,31587.7627,473816.4398
2024,6,53,East,Strategic,373184.4146,639298.3344,538229.6445,28790.9633,374282.5224
2024,6,53,Central,Large,486835.7437,483078.6009,364572.0253,27838.0121,250542.1089
2024,6,53,East,Strategic,483096.6083,273779.7646,195291.5506,35335.2269,530028.404
2024,6,53,Central,Large,426804.2431,547148.9227,513026.8173,30976.9246,371723.0952
2024,6,53,Central,Large,312851.6118,506063.7335,412686.6708,28274.3237,424114.8551
2024,6,53,Central,Strategic,431327.22,322121.3174,353696.1537,34264.5812,513968.7186
2024,6,53,Central,Strategic,497464.3806,556093.6355,392150.8776,30510.8028,335618.8313
2024,6,53,West,Small & Medium,515669.0797,427708.0879,490739.2533,31758.5577,381102.6921
2024,6,53,Central,Strategic,397128.8735,520687.4066,589201.64,27831.7682,445308.2909
2024,6,53,Central,Small & Medium,410913.1128,631548.9187,475866.923,32144.5296,353589.8252
2024,6,53,East,Strategic,538094.2101,364729.4809,459600.7765,25603.0956,384046.434
2024,6,53,East,Strategic,353492.2449,305153.1985,477016.4654,29621.6734,444325.1015
2024,6,53,Central,Strategic,540256.0221,278806.6978,302223.9181,29829.4237,507100.2036
2024,6,53,Central,Large,263832.5814,484872.4012,455264.8543,31306.859,532216.6027
2024,6,53,West,Large,636457.058,418000.5566,544085.3104,39559.3707,593390.5606
2024,6,53,Central,Large,456945.3689,533535.9309,515575.2011,30517.0738,457756.1065
2024,6,53,Central,Large,350892.8158,520506.6548,489783.9647,29533.4206,265800.7855
2024,6,53,Central,Strategic,253896.7024,482868.124,388644.9879,28063.216,533201.1049
2024,6,53,Central,Small & Medium,343756.5442,451751.4955,616327.2329,36917.9124,701440.3349
2024,6,53,East,Large,602342.7332,295380.8464,403455.4548,32734.4447,654688.8947
2024,6,53,East,Large,340005.2365,328611.5774,491978.0453,27945.1114,503012.0051
2024,6,53,Central,Large,382720.8916,270286.1665,529589.6732,27308.2735,355007.5551
2024,6,53,East,Strategic,453478.3118,628936.946,440310.6945,32397.2543,388767.0521
2024,6,53,Central,Strategic,224728.4162,409558.8398,644233.248,34570.1449,656832.7522
2024,6,53,Central,Large,442537.8873,395512.0291,566632.8356,31501.967,441027.538
2024,6,53,East,Strategic,399802.8139,460571.5084,523263.555,31599.0389,537183.6615
2024,6,53,Central,Strategic,381809.7989,204735.3107,548420.1638,27805.1902,305857.0927
2024,6,53,Central,Large,909950.0647,471957.1567,439991.4428,33407.6228,233853.3593
2024,6,53,Central,Small & Medium,487441.7246,488105.0004,312624.6703,30832.1177,493313.8828
2024,6,53,Central,Large,419298.5936,523362.125,417541.4362,26376.929,474784.7211
2024,6,53,Central,Large,546081.924,401578.1869,576274.7103,29334.9658,205344.7607
2024,6,53,Central,Large,622630.2063,556195.0991,445340.0181,30749.2368,461238.5522
2024,6,53,Central,Small & Medium,406479.2708,316338.2909,333521.3023,31681.9652,570275.3738
2024,6,53,West,Large,342799.3807,375953.0743,389732.7437,28731.8545,632100.798
2024,6,53,Central,Large,490616.3972,427407.4809,540357.7354,31719.9297,570958.7352
2024,6,53,Central,Strategic,269478.3213,360126.7832,584608.511,35371.6959,565947.1343
2024,6,53,Central,Strategic,448557.2073,587199.9198,476971.6112,28503.3605,513060.4886
2024,6,53,East,Strategic,481815.6721,364966.6328,601731.5322,26195.8165,550112.1457
2024,6,53,East,Small & Medium,447893.3299,329474.1054,567697.9685,30460.927,426452.9774
2024,6,53,Central,Strategic,259056.4217,382545.0103,557911.4964,30902.8834,370834.6003
2024,6,53,Central,Strategic,289951.0382,430526.8471,432691.7199,32869.9269,657398.5389
2024,6,53,East,Small & Medium,208816.2854,468430.9396,390186.2872,28717.2265,459475.624
2024,6,53,Central,Small & Medium,348870.12,603112.2054,408971.3277,33452.2378,434879.0919
2024,6,53,East,Large,586893.8376,203533.7991,367409.6189,29586.2946,621312.1874
2024,6,53,East,Small & Medium,379082.2776,530073.9026,579683.1963,33476.3775,502145.663
2024,6,53,East,Small & Medium,421594.5101,400443.1254,418850.2095,30424.8536,547647.3646
2024,7,54,Central,Strategic,147293.7923,225955.8819,247881.5458,27194.4769,217555.8153
2024,7,54,East,Strategic,370816.1471,524849.4228,366955.9982,27911.7478,446587.9655
2024,7,54,Central,Strategic,461913.2137,378592.3687,581282.811,31061.5517,621231.0335
2024,7,54,West,Large,394286.561,499446.7574,422669.445,30263.4923,423688.8927
2024,7,54,Central,Large,399003.5426,373076.7164,458369.8344,29673.8013,474780.8215
2024,7,54,West,Strategic,315373.1568,639256.424,332810.7662,31054.5458,465818.1863
2024,7,54,East,Large,721635.4973,478302.1268,384469.8483,25506.2784,535631.8464
2024,7,54,East,Large,295109.4973,320480.3792,348392.0534,25959.6699,285556.3686
2024,7,54,East,Small & Medium,536845.4486,213757.1739,498909.2513,30854.885,431968.3901
2024,7,54,West,Strategic,467820.1846,515453.8014,447876.6355,30706.7095,337773.8048
2024,7,54,Central,Strategic,740322.1619,224007.5501,360931.1609,29626.2701,503646.5921
2024,7,54,Central,Strategic,393506.6043,468738.62,534241.4712,32423.1398,551193.3767
2024,7,54,East,Strategic,238077.3648,313746.5782,600343.5446,29844.6291,537203.323
2024,7,54,West,Strategic,499263.7576,265628.8355,470960.2333,30891.0546,432474.7644
2024,7,54,West,Large,299618.9463,468804.598,330267.6001,26122.4515,417959.2235
2024,7,54,East,Strategic,246483.5865,467833.8755,520303.0098,30730.711,491691.3765
2024,7,54,West,Strategic,493436.4702,394891.2054,614301.8422,38498.3275,500478.2576
2024,7,54,West,Strategic,516406.2724,513858.9476,409231.3449,26424.0212,264240.2116
2024,7,54,West,Large,248445.4792,350570.0245,546692.0181,28591.074,371683.9626
2024,7,54,East,Large,536850.9927,488909.6213,531646.9147,31349.3493,721035.033
2024,7,54,East,Strategic,448811.6094,536825.3468,382664.8122,24225.9619,145355.7711
2024,7,54,East,Small & Medium,585915.3996,434846.1299,413684.4059,31408.8846,502542.1529
2024,7,54,West,Small & Medium,437300.5202,411123.0149,526357.2486,29918.3001,478692.8016
2024,7,54,West,Strategic,339767.1344,551698.3968,435430.4835,26992.5833,242933.2494
2024,7,54,West,Large,494820.4853,581019.3741,329989.6776,33856.3856,440133.0124
2024,7,54,East,Small & Medium,154852.2027,448648.1377,420732.279,34159.7565,409917.0779
2024,7,54,East,Strategic,543390.2999,676985.9309,475814.1491,27196.9513,462348.1717
2024,7,54,East,Small & Medium,394621.7821,535578.7264,382495.3093,32446.4718,292018.2463
2024,7,54,West,Small & Medium,723967.7612,403622.54,381538.0579,26652.5713,213220.5705
2024,7,54,Central,Large,335134.2785,585821.6489,348882.8987,32848.7095,459881.9323
2024,7,54,West,Large,471918.9594,411151.5574,424409.8898,30462.183,487394.9287
2024,7,54,Central,Small & Medium,383593.6609,506737.3093,472324.549,31166.1851,560991.3325
2024,7,54,West,Strategic,437169.3587,695955.9944,295150.7585,34083.1711,443081.2246
2024,7,54,East,Small & Medium,483116.4235,374631.6307,478975.7058,34243.6165,547897.8636
2024,7,54,Central,Large,383463.9988,523405.0678,614065.4041,27315.1196,382411.6743
2024,7,54,East,Small & Medium,825380.6717,449451.1302,384347.6221,32165.884,321658.8402
2024,7,54,East,Small & Medium,590482.8223,524860.8074,296968.9735,30296.7486,454451.2297
2024,7,54,East,Small & Medium,553560.5259,516152.883,532706.0641,31806.9492,604332.0355
2024,7,54,East,Small & Medium,536943.5252,272073.136,538867.3942,37666.2396,790991.0306
2024,7,54,East,Small & Medium,297576.6639,265051.2542,329449.8499,32037.8029,512604.8464
2024,7,54,West,Small & Medium,508625.0625,490768.3451,398716.4217,28353.3395,567066.7909
2024,7,54,East,Small & Medium,288564.5181,529190.8026,548034.2088,31824.0226,541008.3835
2024,7,54,East,Small & Medium,515602.0554,460980.8688,534985.0386,26736.2908,347571.781
2024,7,54,East,Small & Medium,302485.6016,418344.4685,582767.1003,28822.8944,345874.7325
2024,7,54,East,Large,436110.328,423504.5204,656858.2205,32468.1698,324681.6976
2024,7,54,East,Strategic,489438.2334,697917.9962,532912.7894,26941.4212,592711.266
2024,7,54,East,Strategic,212226.5649,632657.9992,406306.8938,37524.0935,450289.1216
2024,7,54,East,Strategic,528785.8717,245034.3387,279265.3147,31896.0531,542232.9024
2024,7,54,East,Small & Medium,354779.3724,369022.8759,268478.722,29186.5159,321051.6749
2024,7,54,East,Small & Medium,503428.1722,371521.448,584894.4538,33902.4405,440731.727
2024,7,54,East,Small & Medium,422495.888,597527.6035,580666.0537,24324.8954,267573.849
2024,7,54,East,Small & Medium,488805.4911,219224.6593,337884.437,25791.2813,232121.5318
2024,7,54,East,Small & Medium,563460.4944,407328.5986,395234.5907,27057.942,270579.4201
2024,7,54,East,Small & Medium,416347.866,707151.8513,418534.3724,31257.3655,468860.4821
2024,7,54,East,Small & Medium,474184.5826,297562.1785,467280.5269,26064.6824,417034.9176
2024,7,54,East,Small & Medium,410298.3116,416783.0425,754971.1789,32395.3607,485930.4103
2024,7,54,East,Small & Medium,576702.1711,475930.5782,423739.2835,29309.2113,439638.1697
2024,7,54,East,Small & Medium,494219.2017,448201.8707,368240.5109,29272.2192,409811.0683
2024,7,54,Central,Small & Medium,292803.6769,423813.1907,333503.2119,26493.8812,476889.8621
2024,7,54,East,Small & Medium,328220.3675,605125.898,498498.0054,27546.7361,247920.625
2024,7,54,Central,Small & Medium,724279.8421,324376.1277,509891.2554,32114.5997,481718.9956
2024,7,54,East,Small & Medium,318031.1327,406317.9724,438280.913,30834.2852,493348.5637
2024,7,54,Central,Small & Medium,491854.2316,362687.1903,303394.2961,33621.9487,571573.1275
2024,7,54,East,Large,426133.3242,722056.0641,403382.012,34336.1576,343361.5757
2024,7,54,East,Strategic,378584.399,450454.0496,415909.339,34433.7608,654241.4543
2024,7,54,Central,Strategic,459276.0819,359249.6888,581728.1229,30575.0211,580925.4018
2024,7,54,West,Large,498521.579,290934.8597,577041.9157,27443.5856,658646.0551
2024,7,54,East,Large,361936.69,299055.5524,187682.3917,24351.9882,340927.8345
2024,7,54,Central,Small & Medium,299649.0244,574900.8269,394728.4549,35049.9404,455649.2251
2024,7,54,West,Large,503685.2795,430714.7674,207364.1093,26365.8024,421852.8376
2024,7,54,Central,Small & Medium,524184.6762,414852.2666,517280.6337,29041.2231,435618.3471
2024,7,54,Central,Small & Medium,528011.4915,594922.2917,445862.5797,35185.6102,668526.5946
2024,7,54,East,Strategic,285055.045,402818.1969,449779.5408,28102.3591,337228.3087
2024,7,54,West,Small & Medium,510860.6679,457322.4384,815612.4579,32196.8471,740527.4836
2024,7,54,Central,Small & Medium,279357.9872,512172.0263,300796.086,35081.8057,420981.6685
2024,7,54,West,Strategic,465182.6851,502914.5197,376617.6277,27727.3751,277273.7509
2024,7,54,West,Strategic,627229.452,630048.5044,469461.4433,35195.0909,422341.0913
2024,7,54,Central,Small & Medium,467204.567,551042.713,531978.4555,28309.2347,452947.755
2024,7,54,East,Strategic,458784.9059,447988.2676,328883.5142,31337.6664,532740.3281
2024,7,54,East,Large,481672.1228,359309.4487,672021.1489,30457.7245,335034.9695
2024,7,54,East,Small & Medium,398062.4114,584762.9272,518875.9325,28906.1795,491405.0523
2024,7,54,East,Small & Medium,784445.5735,383773.3087,643930.5525,33494.7697,401937.2364
2024,7,54,Central,Large,546583.6231,447231.9174,536953.6187,28549.9746,485349.5686
2024,7,54,West,Large,436006.2444,481128.5895,453573.8606,27604.6784,248442.1058
2024,7,54,West,Large,499174.4888,443012.0014,481948.4186,31649.3916,443091.4828
2024,7,54,Central,Strategic,541767.5697,472599.5562,306178.3027,34572.1008,518581.5127
2024,7,54,East,Strategic,340945.7442,304113.0868,338090.5476,33871.717,677434.34
2024,7,54,West,Large,421258.1065,231548.5368,699160.4326,29486.737,353840.8443
2024,7,54,Central,Large,273142.0364,574079.6749,408072.2248,30830.2457,493283.9312
2024,7,54,East,Large,365255.8381,159447.7857,523518.1371,22585.1505,248436.655
2024,7,54,Central,Large,533801.7019,309127.3638,510178.7376,30077.3936,391006.1174
2024,7,54,East,Large,673832.3957,574926.3654,563760.2845,29117.6665,582353.3295
2024,7,54,Central,Small & Medium,577521.817,430022.5485,664942.9097,27405.7117,356274.2519
2024,7,54,East,Large,507870.6317,481616.7414,306628.7551,30621.0981,581800.8645
2024,7,54,Central,Small & Medium,483481.8078,296856.2661,355098.301,32365.2637,420748.4282
2024,7,54,Central,Small & Medium,221104.6711,455923.2824,559902.2189,29448.7828,353385.3936
2024,7,54,East,Small & Medium,355672.1661,207224.3151,387083.2006,28868.5091,433027.6363
2024,7,54,East,Large,426469.0766,358738.9684,335499.3926,26376.8224,395652.3364
2024,7,54,East,Strategic,308378.9002,372093.4904,307623.9273,33055.8079,528892.9271
2024,7,54,Central,Strategic,258178.0685,624478.0639,512497.5037,32199.4821,547391.1957
2024,7,54,Central,Large,349298.1562,457885.639,416183.8258,28267.4385,424011.577
2024,7,54,Central,Large,293677.5576,608749.1501,290000.1022,30324.493,788436.8187
2024,7,54,Central,Large,400201.6307,611716.5864,535163.624,30978.0012,650538.0254
2024,7,54,Central,Large,452144.4295,193093.8338,489902.0561,34962.8163,314665.3465
2024,7,54,West,Strategic,688867.4265,469875.9143,490134.5312,30034.6181,690796.2153
2024,7,54,East,Large,352023.9186,350550.603,262354.6871,30094.3465,481509.5447
2024,7,54,Central,Small & Medium,271887.0631,471431.7992,513361.3444,30586.6,428212.4
2024,7,54,Central,Small & Medium,671173.9394,423005.1863,292734.5094,27234.1634,381278.2875
2024,7,54,East,Small & Medium,606160.0196,355015.3848,372470.9468,33002.7958,429036.3453
2024,7,54,Central,Strategic,480386.3743,423177.8626,420060.8072,33575.3614,302178.2523
2024,7,54,Central,Large,498490.9579,616903.6685,523310.8222,28110.9138,393552.7931
2024,7,54,Central,Small & Medium,630316.1478,384579.4835,436288.6353,32127.1333,353398.4662
2024,7,54,Central,Small & Medium,421047.0485,502974.6465,489474.734,33279.5426,399354.5112
2024,7,54,Central,Strategic,562713.421,423588.38,423249.4028,31429.4407,597159.3737
2024,7,54,Central,Large,332077.2182,654968.9296,384349.1329,31612.0789,316120.7893
2024,7,54,East,Small & Medium,265949.258,496355.9424,445930.4302,31632.3198,664278.7157
2024,7,54,East,Large,430687.2156,455314.5833,660311.9087,32549.2622,520788.1953
2024,7,54,Central,Strategic,554403.5307,316715.4025,305792.8335,28449.0381,426735.5719
2024,7,54,East,Strategic,418661.5286,453596.6867,527145.2558,29928.4924,359141.9086
2024,7,54,East,Small & Medium,342928.1439,722244.9672,326235.4407,34988.8251,664787.677
2024,7,54,East,Large,465230.4172,396715.9423,196941.8611,26999.7496,323996.9946
2024,7,54,Central,Strategic,354349.7175,313710.8606,518396.855,34887.5938,418651.125
2024,7,54,East,Large,660720.2346,325046.0191,646148.2925,28078.3012,252704.711
2024,7,54,East,Small & Medium,168579.3337,428991.545,507599.8468,24054.3432,336760.8043
2024,7,54,Central,Strategic,505741.7456,412842.5419,438956.4956,28499.4254,427491.3806
2024,7,54,West,Large,689162.9886,326829.8938,360815.339,26917.9253,269179.2526
2024,7,54,East,Strategic,342684.5693,413590.1558,555248.0014,30275.1751,242201.4004
2024,7,54,West,Strategic,457012.1779,591806.5311,437245.2907,35633.975,320705.7748
2024,7,54,West,Small & Medium,422868.2305,490854.4392,482109.4231,26549.5256,451341.9356
2024,7,54,West,Large,489189.1471,403940.6029,659413.8579,32888.136,394657.6318
2024,7,54,East,Small & Medium,356544.611,755110.3568,498348.7677,29867.9623,477887.3971
2024,7,54,East,Large,293316.7438,511115.3358,501843.4343,37166.0386,520324.5403
2024,7,54,Central,Large,355004.7536,375204.3756,685054.2597,31931.3099,255450.4791
2024,7,54,East,Large,310998.0588,645712.0031,612810.5973,29105.374,523896.7315
2024,7,54,East,Strategic,733292.603,348767.3664,463755.0234,31337.8852,282040.9672
2024,7,54,East,Strategic,342115.2703,500695.6723,579510.5219,34467.456,620414.2081
2024,7,54,East,Large,312604.8319,364970.5659,550182.5586,26174.1179,575830.5947
2024,7,54,Central,Small & Medium,572989.8818,464752.4754,440869.5149,33669.6656,471375.3179
2024,7,54,Central,Small & Medium,543218.8519,456588.9619,417596.1319,28569.1372,399967.921
2024,7,54,East,Strategic,470046.9762,304147.1299,514639.0851,27710.9805,554219.6092
2024,7,54,East,Large,380211.4863,444883.8602,403408.225,35195.0249,527925.3732
2024,7,54,East,Large,535749.2428,513496.5157,349723.0541,32361.2239,420695.9109
2024,7,54,East,Strategic,445299.6465,383937.961,344910.7129,32817.0077,492255.115
2024,7,54,Central,Strategic,614706.693,468534.6799,404800.0789,27259.2367,272592.3671
2024,7,54,Central,Large,376723.6865,579728.8328,526469.4515,30604.7687,703909.68
2024,7,54,West,Large,440739.0362,597493.0019,438629.2923,33013.158,396157.896
2024,7,54,Central,Large,460795.4445,414498.5108,410938.1265,29902.0298,418628.4172
2024,7,54,East,Small & Medium,347417.973,401718.337,533308.2165,29519.2694,354231.2322
2024,7,54,West,Large,536814.93,443430.3067,568559.6241,31364.207,533191.5189
2024,7,54,West,Strategic,418281.9165,290564.0092,813647.4921,34892.6021,453603.8271
2024,7,54,Central,Strategic,410513.2224,411317.6805,415726.3385,30389.1431,577393.7184
2024,7,54,Central,Strategic,689319.4719,280322.7972,404084.9616,29964.1083,629246.2752
2024,7,54,Central,Strategic,717537.8172,418104.4079,525888.1516,31058.5558,527995.4487
2024,7,54,Central,Strategic,418776.1348,481405.8301,269612.1324,28121.8721,393706.2089
2024,7,54,Central,Strategic,439142.5446,576757.9964,528030.718,31033.8204,341372.0249
2024,7,54,East,Strategic,408018.8556,395295.07,353272.9346,25182.6318,302191.5815
2024,7,54,Central,Small & Medium,350936.6713,636778.075,504430.1483,28810.6812,403349.5369
2024,7,54,West,Strategic,705338.9486,750457.7691,494513.0633,34668.8802,416026.5622
2024,7,54,East,Small & Medium,645280.7435,340069.653,369973.7903,28469.4192,683266.06
2024,7,54,Central,Small & Medium,558457.9913,534557.5616,571281.3938,30998.7355,526978.503
2024,7,54,East,Strategic,230982.7859,393957.0729,619750.3524,29178.5473,437678.2099
2024,7,54,West,Small & Medium,372898.4556,430447.8241,552783.5388,33197.9866,497969.7996
2024,7,54,Central,Strategic,362819.0301,398146.0757,617416.5446,31060.4758,372725.7091
2024,7,54,East,Strategic,536745.8836,300793.9411,475564.3309,27759.7055,444155.2876
2024,7,54,East,Strategic,574731.1896,394812.3822,450317.8463,30224.0967,302240.9669
2024,7,54,Central,Large,345947.5826,422733.2242,487311.1734,32949.1485,428338.9302
2024,7,54,East,Strategic,337079.889,453657.7306,342848.1337,27662.001,359606.013
2024,7,54,East,Small & Medium,402594.7139,495057.8044,487592.2529,31146.206,373754.4716
2024,7,54,East,Strategic,462422.7799,683560.6952,495558.6431,27951.2126,335414.5516
2024,7,54,Central,Strategic,528254.0383,371316.0662,794089.9576,27911.8905,362854.5766
2024,7,54,East,Strategic,272161.1911,561191.9593,385797.4667,30957.8544,371494.2526
2024,7,54,West,Large,376220.8359,591138.665,467158.0116,32982.0025,626658.0482
2024,7,54,West,Large,415594.5539,681408.3589,241825.6618,31393.7971,470906.9569
2024,7,54,East,Large,447253.4999,491921.9638,575707.4267,34056.156,715179.2765
2024,7,54,East,Strategic,552486.8376,322568.4795,216673.1135,38296.2616,497851.4014
2024,7,54,Central,Small & Medium,472457.7383,272568.0851,739715.2112,30051.2615,450768.9229
2024,7,54,West,Small & Medium,391544.3827,476457.6438,608983.9221,30809.4628,801046.032
2024,7,54,Central,Small & Medium,447518.1063,505332.7864,515486.2966,24637.7225,271014.9472
2024,7,54,Central,Strategic,340802.4205,611678.6634,336698.9151,27748.0408,443968.6531
2024,7,54,East,Large,411394.6109,301519.4734,465242.2632,34868.9903,592772.8358
2024,7,54,West,Large,366925.2302,360170.8325,374042.0296,29847.8226,477565.1621
2024,7,54,West,Strategic,334582.2894,244043.0784,424624.6624,29905.174,448577.6104
2024,7,54,West,Strategic,400151.5808,434545.5177,420113.6031,24353.3687,243533.6873
2024,7,54,West,Large,416880.8469,552612.1136,363086.9285,30340.2279,455103.4185
2024,7,54,West,Strategic,351730.4343,499682.9934,486088.9257,32510.986,487664.7903
2024,7,54,East,Strategic,530858.6552,453633.2137,439800.2637,30848.792,555278.2566
2024,7,54,East,Strategic,379771.4648,537102.7424,472201.6331,24135.4005,482708.0107
2024,7,54,East,Large,252400.3084,542973.0674,464479.5738,36192.7818,723855.6351
2024,7,54,East,Strategic,458338.2795,571950.9178,408661.1487,27545.0788,523356.4967
2024,7,54,West,Large,247573.9159,456921.3002,328962.9703,32410.38,486155.7001
2024,7,54,East,Strategic,445462.2257,356267.7826,373630.5227,25603.3732,486464.0915
2024,7,54,East,Strategic,628628.2175,234813.477,413531.9544,27432.5639,329190.7672
2024,7,54,East,Strategic,422328.0678,536272.7011,700643.2965,30088.2733,391147.5525
2024,7,54,East,Strategic,451346.6114,318955.69,275735.8602,30159.9696,331759.666
2024,7,54,East,Strategic,503596.1556,391347.4352,450259.377,24584.9644,344189.5019
2024,7,54,West,Large,431718.3656,318373.0623,550981.1514,27823.1487,556462.9742
2024,7,54,East,Large,421277.5391,348218.8294,673369.0398,35971.9768,503607.6758
2024,7,54,East,Large,387155.8724,444624.9172,602452.6812,31162.7231,498603.5697
2024,7,54,East,Strategic,498729.3232,495341.9229,455326.8496,27993.0391,531867.7423
2024,7,54,East,Large,496739.7012,427204.337,432815.9259,32850.6684,394208.0206
2024,7,54,East,Large,444526.9589,581674.962,380288.5115,29586.1719,384620.2345
2024,7,54,Central,Small & Medium,500167.4876,526471.5842,404569.9409,27428.8177,521147.5356
2024,7,54,West,Large,563225.2446,590801.9721,366707.5739,36502.4119,365024.119
2024,7,54,Central,Large,374171.0405,359995.217,451759.2994,31617.718,600736.6422
2024,7,54,East,Strategic,415802.8298,424059.4764,489329.6028,33321.0922,333210.9222
2024,7,54,West,Strategic,487060.9456,505593.7326,459100.5319,34152.6749,443984.7736
2024,7,54,Central,Strategic,341276.9356,468229.4745,312399.3484,34736.7514,521051.2703
2024,7,54,Central,Small & Medium,595731.0188,640789.4748,619351.7439,30956.8578,464352.867
2024,7,54,Central,Strategic,487158.256,346205.4753,538403.8493,32115.1408,417496.8306
2024,7,54,West,Strategic,487031.6903,456446.3752,612553.0597,30596.3313,458944.9694
2024,7,54,East,Strategic,569752.0705,402254.4785,359912.5626,33664.9355,437644.1611
2024,7,54,Central,Strategic,844390.2407,576158.5957,325512.8433,29645.1514,415032.1195
2024,7,54,West,Large,352897.946,431106.3326,313864.2631,23422.14,304487.8197
2024,7,54,East,Strategic,492512.4204,275538.9674,362031.3371,28788.4337,633345.5411
2024,7,54,Central,Large,313677.5475,452852.3542,323121.7245,33362.8583,366991.4418
2024,7,54,West,Small & Medium,567673.3615,376591.7452,562654.8236,34161.8802,341618.8016
2024,7,54,Central,Small & Medium,336331.7824,359477.0618,468257.0924,28562.9652,199940.7563
2024,7,54,Central,Small & Medium,328951.7944,369070.4563,256733.1145,30007.4651,480119.4414
2024,7,54,East,Large,584059.1122,520098.1743,407178.0521,30006.0338,570114.643
2024,7,54,East,Large,350864.6493,432073.9849,189787.1245,25619.9098,435538.4673
2024,7,54,East,Large,535278.6724,215532.0871,472893.1974,33915.6978,542651.1655
2024,7,54,East,Strategic,318738.7972,578978.578,249750.183,26322.9435,289552.3787
2024,7,54,West,Large,540931.7008,431595.1959,533116.5802,29797.3532,387365.5919
2024,7,54,Central,Large,314713.6583,446990.2918,640627.1029,32121.6263,417581.1418
2024,7,54,East,Strategic,204026.263,326323.928,317435.6869,32108.1256,385297.507
2024,7,54,West,Large,364599.4773,448551.4628,692888.9291,31872.0248,605568.4704
2024,7,54,West,Strategic,476334.1629,481793.1789,508685.6563,27272.3095,354540.0233
2024,7,54,East,Strategic,353246.3151,577851.7511,175859.3277,35826.1019,465739.3248
2024,7,54,East,Strategic,260453.8082,582571.2676,504549.4151,22232.1981,244554.179
2024,7,54,Central,Strategic,369853.118,443316.3991,282232.9728,27596.5502,524334.4544
2024,7,54,East,Large,423247.0683,334809.178,346999.7416,27755.9523,444095.2363
2024,7,54,East,Large,657034.4142,601568.0899,408027.3266,26905.8648,376682.1075
2024,7,54,East,Large,512259.4892,484562.4232,513704.533,29271.2096,526881.7724
2024,7,54,East,Strategic,382946.7073,502690.6072,465520.7485,29406.7158,529320.8837
2024,7,54,East,Strategic,329968.7725,601945.1768,604396.9034,28530.9663,456495.4601
2024,7,54,East,Large,561148.7519,293987.374,378721.4034,26287.8731,394318.0972
2024,7,54,East,Strategic,421060.8355,670186.6188,428240.9777,35762.3964,393386.3608
2024,7,54,East,Small & Medium,476175.6249,300304.4478,352724.863,25349.1753,152095.0516
2024,7,54,West,Strategic,519473.5846,427327.3743,584498.0415,31235.5708,468533.5613
2024,7,54,West,Small & Medium,523999.9037,451834.224,514010.7971,35069.1206,631244.1706
2024,7,54,East,Small & Medium,427139.7837,506307.1294,210525.3341,28970.6767,463530.8275
2024,7,54,East,Strategic,549302.0853,235202.888,413991.9871,27187.2465,516557.684
2024,7,54,East,Small & Medium,660768.7367,560509.9756,305721.3097,32841.7723,525468.3567
2024,7,54,East,Small & Medium,459214.7239,334836.9605,413445.9074,30783.8678,523325.753
2024,7,54,East,Small & Medium,760666.2691,734684.5726,454572.7061,31573.7189,663048.0961
2024,7,54,East,Large,348999.8565,611414.3415,664849.5146,37718.6215,452623.458
2024,7,54,Central,Small & Medium,385559.172,571896.1537,574360.3383,27682.6102,249143.4917
2024,7,54,Central,Strategic,480679.0311,595185.4637,320963.0456,33000.7959,264006.3669
2024,7,54,Central,Large,167320.373,456440.2594,620215.8083,34160.2118,512403.1773
2024,7,54,West,Large,494251.2365,411473.383,579648.3979,27048.3299,324579.9588
2024,7,54,Central,Strategic,344053.8845,704244.1985,308842.7789,31480.0326,755520.783
2024,7,54,Central,Strategic,379340.1774,390741.2934,481433.445,30623.0931,551215.676
2024,7,54,East,Large,358711.1167,327503.4542,499383.2027,27130.1442,325561.7302
2024,7,54,Central,Small & Medium,260247.1925,183800.0004,491727.531,32857.4445,394289.3335
2024,7,54,West,Large,486347.2707,352334.3363,574088.1539,29795.3974,774680.3316
2024,7,54,West,Large,452390.8395,476430.891,406558.6555,35161.5881,668070.174
2024,7,54,East,Strategic,571177.0244,410205.3276,484570.6725,31473.5973,409156.7648
2024,7,54,East,Strategic,335081.2154,497974.3873,373592.176,31467.363,660814.6233
2024,7,54,East,Large,397844.3281,652273.6212,642736.1152,35543.394,604237.6976
2024,7,54,West,Small & Medium,384280.2345,314685.2044,380729.5354,29238.8022,584776.0438
2024,7,54,Central,Small & Medium,506638.1449,552830.7556,496137.6434,24333.7371,219003.6337
2024,7,54,West,Large,498986.6068,418417.7454,238845.5539,31534.1088,536079.8502
2024,7,54,West,Large,274048.0926,385154.7782,451207.7237,29310.868,234486.9441
2024,7,54,West,Small & Medium,476655.7811,653796.5532,266517.6878,33841.3269,473778.5765
2024,7,54,Central,Small & Medium,455850.5344,272519.9554,349025.965,31757.2997,539874.0951
2024,7,54,East,Small & Medium,498079.3968,369544.2098,545918.9264,31753.9433,381047.3201
2024,7,54,West,Strategic,380788.5252,476070.3293,447477.0166,27603.0086,358839.1112
2024,7,54,West,Small & Medium,418709.9361,528153.1733,597440.9435,34003.2561,442042.329
2024,7,54,West,Small & Medium,406758.5307,354452.3595,227768.5916,25835.0698,490866.3258
2024,7,54,East,Large,378091.1088,486234.2343,319337.1596,26546.4351,504382.2674
2024,7,54,Central,Small & Medium,457400.4796,536842.9186,555739.1771,29817.1351,327988.4862
2024,7,54,West,Small & Medium,558491.8871,471012.8961,441011.5704,30957.4609,340532.0704
2024,7,54,East,Small & Medium,531938.705,533963.4187,502938.8979,30369.932,364439.1841
2024,7,54,West,Strategic,459344.4442,501133.8991,648843.3346,25504.226,408067.6167
2024,7,54,East,Strategic,356795.1243,521093.7542,398972.569,28243.6527,677847.664
2024,7,54,Central,Large,301690.8763,403585.5081,394375.3182,27191.3006,380678.2085
2024,7,54,East,Large,570443.0397,302183.9487,384796.9293,36574.8143,402322.9568
2024,7,54,West,Large,184767.3635,531311.6069,645455.8702,26715.4478,400731.7174
2024,7,54,West,Strategic,654772.5231,482749.5498,543554.3408,26485.2693,423764.3089
2024,7,54,East,Strategic,351592.5097,486222.7766,418656.1092,31260.4784,500167.6547
2024,7,54,East,Large,293888.3595,344899.397,241706.3426,31269.2685,750462.4444
2024,7,54,Central,Strategic,532078.7269,761002.4251,526673.2055,27539.5547,578330.648
2024,7,54,Central,Small & Medium,682024.6166,440755.6203,391967.8474,29904.3342,358852.0105
2024,7,54,Central,Strategic,750437.2814,456524.6868,704306.2784,31214.8367,593081.8971
2024,7,54,West,Small & Medium,577525.469,522463.2797,439385.4097,33476.5916,636055.2412
2024,7,54,East,Large,331464.2237,521840.4465,525085.9476,34653.4087,450494.3126
2024,7,54,East,Strategic,327245.2598,300071.3483,161143.5506,30256.9134,151284.5668
2024,7,54,Central,Strategic,444123.7292,465481.1646,367560.1273,28209.902,310308.9221
2024,7,54,East,Large,808702.9691,477675.3535,379127.0159,29615.9121,503470.5053
2024,7,54,Central,Large,459918.2121,451045.2563,667901.6483,21531.8361,258382.0335
2024,7,54,West,Large,508720.5877,579257.821,562263.9539,37617.7309,601883.6947
2024,7,54,West,Small & Medium,364526.8302,502621.1495,418339.5818,28994.4706,579889.4126
2024,7,54,East,Strategic,429417.867,411452.3174,602845.7599,27547.1396,358112.8154
2024,7,54,Central,Strategic,241374.2672,291795.0258,391343.4834,35860.7106,645492.7909
2024,7,54,East,Strategic,529500.254,503968.1523,305890.1444,33930.3895,441095.0633
2024,7,54,Central,Small & Medium,392371.0189,391132.5369,326910.7076,29944.9966,449174.9484
2024,7,54,West,Strategic,466288.4569,466963.3875,539405.0272,25261.1954,505223.9082
2024,7,54,Central,Small & Medium,450381.969,617702.9321,455251.3003,33409.6574,334096.5743
2024,7,54,Central,Small & Medium,527295.6508,663535.4155,516560.4273,29586.4954,562143.4132
2024,7,54,West,Large,484466.1417,521997.9935,431247.9105,36362.8512,654531.321
2024,7,54,East,Small & Medium,547359.9168,561821.4884,424734.645,30351.9894,667743.7672
2024,7,54,Central,Large,542414.6156,476312.7316,517200.5607,29093.0377,552767.717
2024,7,54,West,Strategic,388859.6513,463926.6255,454220.5752,31794.6571,445125.1996
2024,7,54,East,Strategic,396224.8919,616992.5929,590239.4271,30467.2632,426541.6846
2024,7,54,Central,Strategic,335883.207,449760.2528,515110.1782,27145.4936,325745.9232
2024,7,54,Central,Strategic,565097.6775,521259.7844,397445.4594,31629.3706,379552.4471
2024,7,54,East,Strategic,538572.9883,405048.122,551223.7613,36290.3491,544355.2362
2024,7,54,Central,Large,396642.7415,370866.9476,334109.5633,31934.3363,351277.6991
2024,7,54,Central,Strategic,326785.6658,242144.3812,491982.1989,30006.9641,300069.6405
2024,7,54,West,Small & Medium,360589.387,570043.9447,355702.4667,36126.1962,289009.5696
2024,7,54,Central,Large,473816.4398,427308.5739,324939.2195,32780.9616,393371.5388
2024,7,54,East,Strategic,374282.5224,373184.4146,639298.3344,31650.8907,569716.0326
2024,7,54,Central,Large,250542.1089,486835.7437,483078.6009,34546.1216,552737.9457
2024,7,54,East,Strategic,530028.404,483096.6083,273779.7646,29759.0353,386867.4593
2024,7,54,Central,Large,371723.0952,426804.2431,547148.9227,30571.8082,489148.9318
2024,7,54,Central,Large,424114.8551,312851.6118,506063.7335,32032.8717,416427.3319
2024,7,54,Central,Strategic,513968.7186,431327.22,322121.3174,30772.3502,615447.0037
2024,7,54,Central,Strategic,335618.8313,497464.3806,556093.6355,30115.8199,542084.7584
2024,7,54,West,Small & Medium,381102.6921,515669.0797,427708.0879,30765.9614,399957.498
2024,7,54,Central,Strategic,445308.2909,397128.8735,520687.4066,28470.2164,512463.8952
2024,7,54,Central,Small & Medium,353589.8252,410913.1128,631548.9187,23305.3778,279664.5331
2024,7,54,East,Strategic,384046.434,538094.2101,364729.4809,25831.0377,335803.4895
2024,7,54,East,Strategic,444325.1015,353492.2449,305153.1985,27158.5528,353061.1863
2024,7,54,Central,Strategic,507100.2036,540256.0221,278806.6978,31718.9654,570941.3775
2024,7,54,Central,Large,532216.6027,263832.5814,484872.4012,32102.8932,449440.5045
2024,7,54,West,Large,593390.5606,636457.058,418000.5566,33588.3805,738944.3718
2024,7,54,Central,Large,457756.1065,456945.3689,533535.9309,25843.6246,284279.8708
2024,7,54,Central,Large,265800.7855,350892.8158,520506.6548,28639.4122,515509.4202
2024,7,54,Central,Strategic,533201.1049,253896.7024,482868.124,28405.1677,539698.1864
2024,7,54,Central,Small & Medium,701440.3349,343756.5442,451751.4955,30058.3724,420817.214
2024,7,54,East,Large,654688.8947,602342.7332,295380.8464,28879.7563,519835.6136
2024,7,54,East,Large,503012.0051,340005.2365,328611.5774,29614.9446,533069.0025
2024,7,54,Central,Large,355007.5551,382720.8916,270286.1665,23264.3181,372229.0903
2024,7,54,East,Strategic,388767.0521,453478.3118,628936.946,34798.7565,313188.8081
2024,7,54,Central,Strategic,656832.7522,224728.4162,409558.8398,29086.4472,610815.392
2024,7,54,Central,Large,441027.538,442537.8873,395512.0291,30908.1534,432714.1475
2024,7,54,East,Strategic,537183.6615,399802.8139,460571.5084,36957.6038,665236.8688
2024,7,54,Central,Strategic,305857.0927,381809.7989,204735.3107,29504.8369,472077.3898
2024,7,54,Central,Large,233853.3593,909950.0647,471957.1567,35047.3966,665900.5361
2024,7,54,Central,Small & Medium,493313.8828,487441.7246,488105.0004,26445.6778,343793.8115
2024,7,54,Central,Large,474784.7211,419298.5936,523362.125,32215.8886,354374.7748
2024,7,54,Central,Large,205344.7607,546081.924,401578.1869,28239.0139,480063.2356
2024,7,54,Central,Large,461238.5522,622630.2063,556195.0991,27126.4666,406896.9995
2024,7,54,Central,Small & Medium,570275.3738,406479.2708,316338.2909,29958.2901,239666.3211
2024,7,54,West,Large,632100.798,342799.3807,375953.0743,33751.4065,641276.7233
2024,7,54,Central,Large,570958.7352,490616.3972,427407.4809,27617.6712,469500.41
2024,7,54,Central,Strategic,565947.1343,269478.3213,360126.7832,23450.271,211052.4387
2024,7,54,Central,Strategic,513060.4886,448557.2073,587199.9198,24302.2551,437440.592
2024,7,54,East,Strategic,550112.1457,481815.6721,364966.6328,35184.3688,844424.8521
2024,7,54,East,Small & Medium,426452.9774,447893.3299,329474.1054,29093.5697,320029.2664
2024,7,54,Central,Strategic,370834.6003,259056.4217,382545.0103,29474.9583,353699.4998
2024,7,54,Central,Strategic,657398.5389,289951.0382,430526.8471,30548.9868,427685.8147
2024,7,54,East,Small & Medium,459475.624,208816.2854,468430.9396,30673.9762,613479.5246
2024,7,54,Central,Small & Medium,434879.0919,348870.12,603112.2054,34116.6739,545866.7831
2024,7,54,East,Large,621312.1874,586893.8376,203533.7991,25642.4739,230782.2654
2024,7,54,East,Small & Medium,502145.663,379082.2776,530073.9026,29792.6798,387304.8378
2024,7,54,East,Small & Medium,547647.3646,421594.5101,400443.1254,26519.3303,477347.946
2024,8,55,Central,Strategic,217555.8153,147293.7923,225955.8819,32216.46,193298.7597
2024,8,55,East,Strategic,446587.9655,370816.1471,524849.4228,30121.0413,602420.825
2024,8,55,Central,Strategic,621231.0335,461913.2137,378592.3687,35872.0404,394592.4444
2024,8,55,West,Large,423688.8927,394286.561,499446.7574,25462.827,305553.9242
2024,8,55,Central,Large,474780.8215,399003.5426,373076.7164,27725.9974,471341.955
2024,8,55,West,Strategic,465818.1863,315373.1568,639256.424,32192.4831,450694.7638
2024,8,55,East,Large,535631.8464,721635.4973,478302.1268,33823.8933,304415.0397
2024,8,55,East,Large,285556.3686,295109.4973,320480.3792,33987.3081,475822.3135
2024,8,55,East,Small & Medium,431968.3901,536845.4486,213757.1739,28642.3666,458277.8651
2024,8,55,West,Strategic,337773.8048,467820.1846,515453.8014,31084.4901,435182.8614
2024,8,55,Central,Strategic,503646.5921,740322.1619,224007.5501,27554.4511,330653.4127
2024,8,55,Central,Strategic,551193.3767,393506.6043,468738.62,30595.095,550711.7101
2024,8,55,East,Strategic,537203.323,238077.3648,313746.5782,26272.2457,288994.7022
2024,8,55,West,Strategic,432474.7644,499263.7576,265628.8355,33462.189,501932.8354
2024,8,55,West,Large,417959.2235,299618.9463,468804.598,31199.601,561592.8184
2024,8,55,East,Strategic,491691.3765,246483.5865,467833.8755,25899.7823,336697.1696
2024,8,55,West,Strategic,500478.2576,493436.4702,394891.2054,27802.505,389235.0702
2024,8,55,West,Strategic,264240.2116,516406.2724,513858.9476,36598.8922,585582.2755
2024,8,55,West,Large,371683.9626,248445.4792,350570.0245,30649.2942,367791.5308
2024,8,55,East,Large,721035.033,536850.9927,488909.6213,27858.2337,334298.8044
2024,8,55,East,Strategic,145355.7711,448811.6094,536825.3468,31663.2872,443286.0206
2024,8,55,East,Small & Medium,502542.1529,585915.3996,434846.1299,28131.2726,506362.9073
2024,8,55,West,Small & Medium,478692.8016,437300.5202,411123.0149,30785.3814,307853.8143
2024,8,55,West,Strategic,242933.2494,339767.1344,551698.3968,31255.8676,375070.4107
2024,8,55,West,Large,440133.0124,494820.4853,581019.3741,32080.1335,449121.8684
2024,8,55,East,Small & Medium,409917.0779,154852.2027,448648.1377,29351.7845,264166.0609
2024,8,55,East,Strategic,462348.1717,543390.2999,676985.9309,32619.7283,456676.1964
2024,8,55,East,Small & Medium,292018.2463,394621.7821,535578.7264,27011.4753,540229.5063
2024,8,55,West,Small & Medium,213220.5705,723967.7612,403622.54,25611.9655,358567.5167
2024,8,55,Central,Large,459881.9323,335134.2785,585821.6489,31750.7548,444510.5675
2024,8,55,West,Large,487394.9287,471918.9594,411151.5574,31595.9069,410746.7898
2024,8,55,Central,Small & Medium,560991.3325,383593.6609,506737.3093,31654.1337,664736.8075
2024,8,55,West,Strategic,443081.2246,437169.3587,695955.9944,23657.6638,307549.6295
2024,8,55,East,Small & Medium,547897.8636,483116.4235,374631.6307,37362.3484,523072.877
2024,8,55,Central,Large,382411.6743,383463.9988,523405.0678,32262.6737,742041.4953
2024,8,55,East,Small & Medium,321658.8402,825380.6717,449451.1302,31499.4875,598490.2622
2024,8,55,East,Small & Medium,454451.2297,590482.8223,524860.8074,29755.0274,178530.1644
2024,8,55,East,Small & Medium,604332.0355,553560.5259,516152.883,28063.5118,449016.1894
2024,8,55,East,Small & Medium,790991.0306,536943.5252,272073.136,26972.8152,323673.7827
2024,8,55,East,Small & Medium,512604.8464,297576.6639,265051.2542,25545.1759,485358.3413
2024,8,55,West,Small & Medium,567066.7909,508625.0625,490768.3451,29792.8766,387307.3955
2024,8,55,East,Small & Medium,541008.3835,288564.5181,529190.8026,25703.3663,385550.4941
2024,8,55,East,Small & Medium,347571.781,515602.0554,460980.8688,34479.4744,724068.9614
2024,8,55,East,Small & Medium,345874.7325,302485.6016,418344.4685,29727.1857,653998.0844
2024,8,55,East,Large,324681.6976,436110.328,423504.5204,28971.8085,463548.9352
2024,8,55,East,Strategic,592711.266,489438.2334,697917.9962,30925.8532,402036.0921
2024,8,55,East,Strategic,450289.1216,212226.5649,632657.9992,29945.7134,449185.7015
2024,8,55,East,Strategic,542232.9024,528785.8717,245034.3387,23752.0597,427537.0738
2024,8,55,East,Small & Medium,321051.6749,354779.3724,369022.8759,26256.716,603904.4682
2024,8,55,East,Small & Medium,440731.727,503428.1722,371521.448,24242.1387,290905.6645
2024,8,55,East,Small & Medium,267573.849,422495.888,597527.6035,30089.7258,481435.6129
2024,8,55,East,Small & Medium,232121.5318,488805.4911,219224.6593,33059.7701,595075.8621
2024,8,55,East,Small & Medium,270579.4201,563460.4944,407328.5986,31508.937,535651.9295
2024,8,55,East,Small & Medium,468860.4821,416347.866,707151.8513,35090.464,561447.424
2024,8,55,East,Small & Medium,417034.9176,474184.5826,297562.1785,29237.7011,263139.3098
2024,8,55,East,Small & Medium,485930.4103,410298.3116,416783.0425,31735.9004,920341.1117
2024,8,55,East,Small & Medium,439638.1697,576702.1711,475930.5782,30299.0243,636279.5105
2024,8,55,East,Small & Medium,409811.0683,494219.2017,448201.8707,28106.8669,534030.4712
2024,8,55,Central,Small & Medium,476889.8621,292803.6769,423813.1907,26617.7833,292795.6164
2024,8,55,East,Small & Medium,247920.625,328220.3675,605125.898,29347.7992,440216.9875
2024,8,55,Central,Small & Medium,481718.9956,724279.8421,324376.1277,30973.9786,309739.7856
2024,8,55,East,Small & Medium,493348.5637,318031.1327,406317.9724,30340.3435,303403.4349
2024,8,55,Central,Small & Medium,571573.1275,491854.2316,362687.1903,27889.3214,334671.8562
2024,8,55,East,Large,343361.5757,426133.3242,722056.0641,28816.4998,316981.498
2024,8,55,East,Strategic,654241.4543,378584.399,450454.0496,30585.614,458784.2098
2024,8,55,Central,Strategic,580925.4018,459276.0819,359249.6888,31042.5709,372510.8508
2024,8,55,West,Large,658646.0551,498521.579,290934.8597,30986.5323,464797.9848
2024,8,55,East,Large,340927.8345,361936.69,299055.5524,31739.5334,634790.6673
2024,8,55,Central,Small & Medium,455649.2251,299649.0244,574900.8269,37946.549,417412.0387
2024,8,55,West,Large,421852.8376,503685.2795,430714.7674,33162.9696,331629.6964
2024,8,55,Central,Small & Medium,435618.3471,524184.6762,414852.2666,30834.7903,431687.0648
2024,8,55,Central,Small & Medium,668526.5946,528011.4915,594922.2917,30252.113,484033.808
2024,8,55,East,Strategic,337228.3087,285055.045,402818.1969,31107.0572,528819.9718
2024,8,55,West,Small & Medium,740527.4836,510860.6679,457322.4384,28797.9471,345575.3654
2024,8,55,Central,Small & Medium,420981.6685,279357.9872,512172.0263,22787.7543,341816.3144
2024,8,55,West,Strategic,277273.7509,465182.6851,502914.5197,30877.866,586679.4547
2024,8,55,West,Strategic,422341.0913,627229.452,630048.5044,24430.7723,390892.3573
2024,8,55,Central,Small & Medium,452947.755,467204.567,551042.713,28920.2189,404883.0651
2024,8,55,East,Strategic,532740.3281,458784.9059,447988.2676,27549.6657,523443.6481
2024,8,55,East,Large,335034.9695,481672.1228,359309.4487,27483.4646,412251.9684
2024,8,55,East,Small & Medium,491405.0523,398062.4114,584762.9272,32363.7171,809092.9271
2024,8,55,East,Small & Medium,401937.2364,784445.5735,383773.3087,31392.2338,439491.2733
2024,8,55,Central,Large,485349.5686,546583.6231,447231.9174,28088.5573,393239.8021
2024,8,55,West,Large,248442.1058,436006.2444,481128.5895,31013.3041,558239.4737
2024,8,55,West,Large,443091.4828,499174.4888,443012.0014,30431.4564,395608.9336
2024,8,55,Central,Strategic,518581.5127,541767.5697,472599.5562,28208.3454,507750.2165
2024,8,55,East,Strategic,677434.34,340945.7442,304113.0868,31274.999,500399.9836
2024,8,55,West,Large,353840.8443,421258.1065,231548.5368,34221.8901,479106.461
2024,8,55,Central,Large,493283.9312,273142.0364,574079.6749,26346.3761,368849.266
2024,8,55,East,Large,248436.655,365255.8381,159447.7857,35888.847,322999.6231
2024,8,55,Central,Large,391006.1174,533801.7019,309127.3638,32920.4396,460886.1537
2024,8,55,East,Large,582353.3295,673832.3957,574926.3654,28634.9352,400889.0922
2024,8,55,Central,Small & Medium,356274.2519,577521.817,430022.5485,31164.5298,592126.0653
2024,8,55,East,Large,581800.8645,507870.6317,481616.7414,36167.4215,434009.0579
2024,8,55,Central,Small & Medium,420748.4282,483481.8078,296856.2661,29089.2196,465427.5136
2024,8,55,Central,Small & Medium,353385.3936,221104.6711,455923.2824,34779.3628,452131.7168
2024,8,55,East,Small & Medium,433027.6363,355672.1661,207224.3151,28748.4337,287484.3366
2024,8,55,East,Large,395652.3364,426469.0766,358738.9684,28949.6829,492144.6086
2024,8,55,East,Strategic,528892.9271,308378.9002,372093.4904,30014.7723,390192.0405
2024,8,55,Central,Strategic,547391.1957,258178.0685,624478.0639,35432.9617,708659.2342
2024,8,55,Central,Large,424011.577,349298.1562,457885.639,29433.3452,441500.1781
2024,8,55,Central,Large,788436.8187,293677.5576,608749.1501,32030.7046,384368.4554
2024,8,55,Central,Large,650538.0254,400201.6307,611716.5864,30033.2574,570631.8905
2024,8,55,Central,Large,314665.3465,452144.4295,193093.8338,32065.3722,384784.4666
2024,8,55,West,Strategic,690796.2153,688867.4265,469875.9143,29833.8534,537009.3611
2024,8,55,East,Large,481509.5447,352023.9186,350550.603,33500.4308,335004.3082
2024,8,55,Central,Small & Medium,428212.4,271887.0631,471431.7992,32303.0115,516848.1837
2024,8,55,Central,Small & Medium,381278.2875,671173.9394,423005.1863,28838.2682,519088.8276
2024,8,55,East,Small & Medium,429036.3453,606160.0196,355015.3848,34420.1992,688403.9844
2024,8,55,Central,Strategic,302178.2523,480386.3743,423177.8626,29895.4609,388640.9911
2024,8,55,Central,Large,393552.7931,498490.9579,616903.6685,29585.7616,443786.4233
2024,8,55,Central,Small & Medium,353398.4662,630316.1478,384579.4835,32592.1443,619250.7409
2024,8,55,Central,Small & Medium,399354.5112,421047.0485,502974.6465,28744.0455,402416.6373
2024,8,55,Central,Strategic,597159.3737,562713.421,423588.38,27450.9783,356862.7176
2024,8,55,Central,Large,316120.7893,332077.2182,654968.9296,28700.9548,602720.0498
2024,8,55,East,Small & Medium,664278.7157,265949.258,496355.9424,27988.4386,419826.5785
2024,8,55,East,Large,520788.1953,430687.2156,455314.5833,33788.1758,506822.6366
2024,8,55,Central,Strategic,426735.5719,554403.5307,316715.4025,29073.2309,494244.9254
2024,8,55,East,Strategic,359141.9086,418661.5286,453596.6867,33658.2671,437557.4722
2024,8,55,East,Small & Medium,664787.677,342928.1439,722244.9672,27611.135,524611.5657
2024,8,55,East,Large,323996.9946,465230.4172,396715.9423,29196.3073,671515.068
2024,8,55,Central,Strategic,418651.125,354349.7175,313710.8606,37476.6788,599626.8615
2024,8,55,East,Large,252704.711,660720.2346,325046.0191,35087.2301,666657.3723
2024,8,55,East,Small & Medium,336760.8043,168579.3337,428991.545,24115.8839,289390.6066
2024,8,55,Central,Strategic,427491.3806,505741.7456,412842.5419,28729.1413,229833.1301
2024,8,55,West,Large,269179.2526,689162.9886,326829.8938,36538.6087,511540.5223
2024,8,55,East,Strategic,242201.4004,342684.5693,413590.1558,29659.5962,385574.7509
2024,8,55,West,Strategic,320705.7748,457012.1779,591806.5311,33603.8589,369642.4481
2024,8,55,West,Small & Medium,451341.9356,422868.2305,490854.4392,27050.2941,324603.5294
2024,8,55,West,Large,394657.6318,489189.1471,403940.6029,26993.017,566853.3567
2024,8,55,East,Small & Medium,477887.3971,356544.611,755110.3568,34157.4682,546519.4908
2024,8,55,East,Large,520324.5403,293316.7438,511115.3358,31717.2952,539194.0189
2024,8,55,Central,Large,255450.4791,355004.7536,375204.3756,27577.9273,248201.3459
2024,8,55,East,Large,523896.7315,310998.0588,645712.0031,27080.1529,216641.2231
2024,8,55,East,Strategic,282040.9672,733292.603,348767.3664,32092.4328,353016.7611
2024,8,55,East,Strategic,620414.2081,342115.2703,500695.6723,27198.6345,353582.2481
2024,8,55,East,Large,575830.5947,312604.8319,364970.5659,32279.3869,387352.6427
2024,8,55,Central,Small & Medium,471375.3179,572989.8818,464752.4754,30020.8302,630437.4338
2024,8,55,Central,Small & Medium,399967.921,543218.8519,456588.9619,27902.6567,446442.5076
2024,8,55,East,Strategic,554219.6092,470046.9762,304147.1299,33814.235,473399.2897
2024,8,55,East,Large,527925.3732,380211.4863,444883.8602,29621.1806,296211.806
2024,8,55,East,Large,420695.9109,535749.2428,513496.5157,25698.7148,179891.0034
2024,8,55,East,Strategic,492255.115,445299.6465,383937.961,28732.9631,488460.3727
2024,8,55,Central,Strategic,272592.3671,614706.693,468534.6799,23997.4168,407956.0857
2024,8,55,Central,Large,703909.68,376723.6865,579728.8328,27013.1343,513249.5511
2024,8,55,West,Large,396157.896,440739.0362,597493.0019,29679.1159,415507.622
2024,8,55,Central,Large,418628.4172,460795.4445,414498.5108,29580.6085,473289.7364
2024,8,55,East,Small & Medium,354231.2322,347417.973,401718.337,30416.6409,486666.254
2024,8,55,West,Large,533191.5189,536814.93,443430.3067,27702.1598,498638.8756
2024,8,55,West,Strategic,453603.8271,418281.9165,290564.0092,27113.0383,298243.4218
2024,8,55,Central,Strategic,577393.7184,410513.2224,411317.6805,34755.3577,451819.6503
2024,8,55,Central,Strategic,629246.2752,689319.4719,280322.7972,36022.7215,396249.9369
2024,8,55,Central,Strategic,527995.4487,717537.8172,418104.4079,28039.5461,420593.191
2024,8,55,Central,Strategic,393706.2089,418776.1348,481405.8301,27172.6805,353244.8462
2024,8,55,Central,Strategic,341372.0249,439142.5446,576757.9964,24810.9961,248109.961
2024,8,55,East,Strategic,302191.5815,408018.8556,395295.07,26399.5241,607189.0547
2024,8,55,Central,Small & Medium,403349.5369,350936.6713,636778.075,33116.9821,364286.8026
2024,8,55,West,Strategic,416026.5622,705338.9486,750457.7691,31239.574,468593.6107
2024,8,55,East,Small & Medium,683266.06,645280.7435,340069.653,28298.5346,509373.6223
2024,8,55,Central,Small & Medium,526978.503,558457.9913,534557.5616,31124.8087,560246.5567
2024,8,55,East,Strategic,437678.2099,230982.7859,393957.0729,28567.2,371373.6002
2024,8,55,West,Small & Medium,497969.7996,372898.4556,430447.8241,36726.9075,330542.1673
2024,8,55,Central,Strategic,372725.7091,362819.0301,398146.0757,27269.0006,436304.009
2024,8,55,East,Strategic,444155.2876,536745.8836,300793.9411,32441.198,648823.9593
2024,8,55,East,Strategic,302240.9669,574731.1896,394812.3822,33729.1543,404749.8511
2024,8,55,Central,Large,428338.9302,345947.5826,422733.2242,31970.1605,575462.8896
2024,8,55,East,Strategic,359606.013,337079.889,453657.7306,38241.872,382418.7201
2024,8,55,East,Small & Medium,373754.4716,402594.7139,495057.8044,26506.1882,397592.8224
2024,8,55,East,Strategic,335414.5516,462422.7799,683560.6952,32678.5136,294106.622
2024,8,55,Central,Strategic,362854.5766,528254.0383,371316.0662,30114.0554,210798.3875
2024,8,55,East,Strategic,371494.2526,272161.1911,561191.9593,25624.4651,409991.441
2024,8,55,West,Large,626658.0482,376220.8359,591138.665,30472.6026,426616.4367
2024,8,55,West,Large,470906.9569,415594.5539,681408.3589,31585.387,442195.4177
2024,8,55,East,Large,715179.2765,447253.4999,491921.9638,33985.8934,645731.9751
2024,8,55,East,Strategic,497851.4014,552486.8376,322568.4795,28852.0549,317372.6037
2024,8,55,Central,Small & Medium,450768.9229,472457.7383,272568.0851,26783.3004,321399.6044
2024,8,55,West,Small & Medium,801046.032,391544.3827,476457.6438,30689.6422,398965.349
2024,8,55,Central,Small & Medium,271014.9472,447518.1063,505332.7864,27481.8647,302300.5115
2024,8,55,Central,Strategic,443968.6531,340802.4205,611678.6634,31829.9183,445618.8555
2024,8,55,East,Large,592772.8358,411394.6109,301519.4734,33220.2118,597963.8116
2024,8,55,West,Large,477565.1621,366925.2302,360170.8325,37184.8347,334663.5127
2024,8,55,West,Strategic,448577.6104,334582.2894,244043.0784,31066.9063,403869.7825
2024,8,55,West,Strategic,243533.6873,400151.5808,434545.5177,35316.9259,565070.8138
2024,8,55,West,Large,455103.4185,416880.8469,552612.1136,32194.5782,547307.8293
2024,8,55,West,Strategic,487664.7903,351730.4343,499682.9934,31511.8102,346629.9119
2024,8,55,East,Strategic,555278.2566,530858.6552,453633.2137,35260.18,282081.4399
2024,8,55,East,Strategic,482708.0107,379771.4648,537102.7424,28744.096,287440.9599
2024,8,55,East,Large,723855.6351,252400.3084,542973.0674,29500.7458,531013.4238
2024,8,55,East,Strategic,523356.4967,458338.2795,571950.9178,31053.4333,434748.0656
2024,8,55,West,Large,486155.7001,247573.9159,456921.3002,34590.5901,242134.1304
2024,8,55,East,Strategic,486464.0915,445462.2257,356267.7826,32490.7375,519851.7999
2024,8,55,East,Strategic,329190.7672,628628.2175,234813.477,32592.3939,554070.6964
2024,8,55,East,Strategic,391147.5525,422328.0678,536272.7011,33005.3999,726118.7988
2024,8,55,East,Strategic,331759.666,451346.6114,318955.69,30562.4427,366749.3126
2024,8,55,East,Strategic,344189.5019,503596.1556,391347.4352,33106.7834,430388.1842
2024,8,55,West,Large,556462.9742,431718.3656,318373.0623,31735.9018,253887.2141
2024,8,55,East,Large,503607.6758,421277.5391,348218.8294,35153.2834,386686.1179
2024,8,55,East,Large,498603.5697,387155.8724,444624.9172,33937.0463,441181.6017
2024,8,55,East,Strategic,531867.7423,498729.3232,495341.9229,33320.2546,666405.0911
2024,8,55,East,Large,394208.0206,496739.7012,427204.337,31965.0908,479476.3617
2024,8,55,East,Large,384620.2345,444526.9589,581674.962,27034.2286,459581.8867
2024,8,55,Central,Small & Medium,521147.5356,500167.4876,526471.5842,30147.9411,452219.1171
2024,8,55,West,Large,365024.119,563225.2446,590801.9721,28448.0223,512064.4019
2024,8,55,Central,Large,600736.6422,374171.0405,359995.217,29031.4614,464503.3822
2024,8,55,East,Strategic,333210.9222,415802.8298,424059.4764,27202.6752,544053.5031
2024,8,55,West,Strategic,443984.7736,487060.9456,505593.7326,31349.9854,564299.737
2024,8,55,Central,Strategic,521051.2703,341276.9356,468229.4745,33206.0654,464884.9156
2024,8,55,Central,Small & Medium,464352.867,595731.0188,640789.4748,33500.1181,335001.1807
2024,8,55,Central,Strategic,417496.8306,487158.256,346205.4753,33310.6842,832767.1059
2024,8,55,West,Strategic,458944.9694,487031.6903,456446.3752,29118.8717,582377.4344
2024,8,55,East,Strategic,437644.1611,569752.0705,402254.4785,31254.8319,468822.4784
2024,8,55,Central,Strategic,415032.1195,844390.2407,576158.5957,32737.8366,491067.5484
2024,8,55,West,Large,304487.8197,352897.946,431106.3326,33222.2494,431889.242
2024,8,55,East,Strategic,633345.5411,492512.4204,275538.9674,29323.1153,469169.8443
2024,8,55,Central,Large,366991.4418,313677.5475,452852.3542,31949.3895,575089.0104
2024,8,55,West,Small & Medium,341618.8016,567673.3615,376591.7452,35834.7611,537521.4166
2024,8,55,Central,Small & Medium,199940.7563,336331.7824,359477.0618,32758.0723,655161.4462
2024,8,55,Central,Small & Medium,480119.4414,328951.7944,369070.4563,30900.0099,339900.1087
2024,8,55,East,Large,570114.643,584059.1122,520098.1743,33818.2532,574910.3041
2024,8,55,East,Large,435538.4673,350864.6493,432073.9849,26240.7696,524815.3916
2024,8,55,East,Large,542651.1655,535278.6724,215532.0871,32006.3459,352069.8054
2024,8,55,East,Strategic,289552.3787,318738.7972,578978.578,25239.356,277632.916
2024,8,55,West,Large,387365.5919,540931.7008,431595.1959,28678.3693,372818.8005
2024,8,55,Central,Large,417581.1418,314713.6583,446990.2918,33514.0715,402168.8576
2024,8,55,East,Strategic,385297.507,204026.263,326323.928,33767.205,371439.2552
2024,8,55,West,Large,605568.4704,364599.4773,448551.4628,35896.2644,394858.9087
2024,8,55,West,Strategic,354540.0233,476334.1629,481793.1789,35573.7772,569180.4352
2024,8,55,East,Strategic,465739.3248,353246.3151,577851.7511,31801.0611,508816.9779
2024,8,55,East,Strategic,244554.179,260453.8082,582571.2676,23577.0116,235770.1161
2024,8,55,Central,Strategic,524334.4544,369853.118,443316.3991,35541.5444,462040.0769
2024,8,55,East,Large,444095.2363,423247.0683,334809.178,31919.7214,542635.2639
2024,8,55,East,Large,376682.1075,657034.4142,601568.0899,29856.608,686701.9848
2024,8,55,East,Large,526881.7724,512259.4892,484562.4232,32049.5247,320495.2471
2024,8,55,East,Strategic,529320.8837,382946.7073,502690.6072,28087.6997,393227.7953
2024,8,55,East,Strategic,456495.4601,329968.7725,601945.1768,31019.2881,434270.0331
2024,8,55,East,Large,394318.0972,561148.7519,293987.374,29647.8818,504013.9905
2024,8,55,East,Strategic,393386.3608,421060.8355,670186.6188,31226.2464,562072.4344
2024,8,55,East,Small & Medium,152095.0516,476175.6249,300304.4478,38633.5973,424969.5704
2024,8,55,West,Strategic,468533.5613,519473.5846,427327.3743,25735.9689,360303.5647
2024,8,55,West,Small & Medium,631244.1706,523999.9037,451834.224,26450.0504,502550.9569
2024,8,55,East,Small & Medium,463530.8275,427139.7837,506307.1294,28555.1301,371216.6908
2024,8,55,East,Strategic,516557.684,549302.0853,235202.888,30594.8945,367138.734
2024,8,55,East,Small & Medium,525468.3567,660768.7367,560509.9756,18597.4628,92987.3139
2024,8,55,East,Small & Medium,523325.753,459214.7239,334836.9605,27101.9321,352325.1169
2024,8,55,East,Small & Medium,663048.0961,760666.2691,734684.5726,29756.3514,446345.2711
2024,8,55,East,Large,452623.458,348999.8565,611414.3415,29828.0809,447421.213
2024,8,55,Central,Small & Medium,249143.4917,385559.172,571896.1537,27623.3301,386726.622
2024,8,55,Central,Strategic,264006.3669,480679.0311,595185.4637,30522.1798,427310.5172
2024,8,55,Central,Large,512403.1773,167320.373,456440.2594,30062.4379,360749.2546
2024,8,55,West,Large,324579.9588,494251.2365,411473.383,34015.8037,510237.0562
2024,8,55,Central,Strategic,755520.783,344053.8845,704244.1985,29228.035,526104.6307
2024,8,55,Central,Strategic,551215.676,379340.1774,390741.2934,32611.3156,391335.7866
2024,8,55,East,Large,325561.7302,358711.1167,327503.4542,30180.3852,422525.393
2024,8,55,Central,Small & Medium,394289.3335,260247.1925,183800.0004,31663.6297,443290.8153
2024,8,55,West,Large,774680.3316,486347.2707,352334.3363,30606.5119,673343.2609
2024,8,55,West,Large,668070.174,452390.8395,476430.891,35998.8776,647979.7962
2024,8,55,East,Strategic,409156.7648,571177.0244,410205.3276,33388.2438,300494.1944
2024,8,55,East,Strategic,660814.6233,335081.2154,497974.3873,28811.8615,259306.7537
2024,8,55,East,Large,604237.6976,397844.3281,652273.6212,32936.1287,461105.8018
2024,8,55,West,Small & Medium,584776.0438,384280.2345,314685.2044,34741.3343,451637.3463
2024,8,55,Central,Small & Medium,219003.6337,506638.1449,552830.7556,30067.1255,360805.506
2024,8,55,West,Large,536079.8502,498986.6068,418417.7454,26962.7309,350515.5017
2024,8,55,West,Large,234486.9441,274048.0926,385154.7782,28275.7303,339308.764
2024,8,55,West,Small & Medium,473778.5765,476655.7811,653796.5532,30189.0168,573591.3193
2024,8,55,Central,Small & Medium,539874.0951,455850.5344,272519.9554,30395.4619,425536.4672
2024,8,55,East,Small & Medium,381047.3201,498079.3968,369544.2098,31086.3926,528468.6738
2024,8,55,West,Strategic,358839.1112,380788.5252,476070.3293,32107.7077,353184.7842
2024,8,55,West,Small & Medium,442042.329,418709.9361,528153.1733,23259.0236,302367.3065
2024,8,55,West,Small & Medium,490866.3258,406758.5307,354452.3595,30154.4848,512626.2413
2024,8,55,East,Large,504382.2674,378091.1088,486234.2343,32759.6816,687953.3132
2024,8,55,Central,Small & Medium,327988.4862,457400.4796,536842.9186,35308.4117,317775.7051
2024,8,55,West,Small & Medium,340532.0704,558491.8871,471012.8961,27462.9298,329555.1574
2024,8,55,East,Small & Medium,364439.1841,531938.705,533963.4187,32792.6164,426304.0138
2024,8,55,West,Strategic,408067.6167,459344.4442,501133.8991,30525.9517,457889.2751
2024,8,55,East,Strategic,677847.664,356795.1243,521093.7542,29937.0596,419118.8343
2024,8,55,Central,Large,380678.2085,301690.8763,403585.5081,33347.7642,366825.4066
2024,8,55,East,Large,402322.9568,570443.0397,302183.9487,27303.5472,218428.3777
2024,8,55,West,Large,400731.7174,184767.3635,531311.6069,28248.1169,395473.6363
2024,8,55,West,Strategic,423764.3089,654772.5231,482749.5498,28590.2102,428853.1535
2024,8,55,East,Strategic,500167.6547,351592.5097,486222.7766,30266.2163,272395.9465
2024,8,55,East,Large,750462.4444,293888.3595,344899.397,28465.6678,227725.3422
2024,8,55,Central,Strategic,578330.648,532078.7269,761002.4251,30448.8608,487181.7726
2024,8,55,Central,Small & Medium,358852.0105,682024.6166,440755.6203,34284.1269,582830.1575
2024,8,55,Central,Strategic,593081.8971,750437.2814,456524.6868,29194.0211,233552.1686
2024,8,55,West,Small & Medium,636055.2412,577525.469,522463.2797,29565.1484,325216.6326
2024,8,55,East,Large,450494.3126,331464.2237,521840.4465,29372.2666,469956.2655
2024,8,55,East,Strategic,151284.5668,327245.2598,300071.3483,29643.0912,266787.8211
2024,8,55,Central,Strategic,310308.9221,444123.7292,465481.1646,32046.4647,384557.5765
2024,8,55,East,Large,503470.5053,808702.9691,477675.3535,29301.7383,205112.168
2024,8,55,Central,Large,258382.0335,459918.2121,451045.2563,18788.2654,187882.6536
2024,8,55,West,Large,601883.6947,508720.5877,579257.821,35628.0013,748188.0269
2024,8,55,West,Small & Medium,579889.4126,364526.8302,502621.1495,20929.2123,209292.1234
2024,8,55,East,Strategic,358112.8154,429417.867,411452.3174,32232.9901,580193.8223
2024,8,55,Central,Strategic,645492.7909,241374.2672,291795.0258,32958.577,461420.0777
2024,8,55,East,Strategic,441095.0633,529500.254,503968.1523,29044.4219,580888.4377
2024,8,55,Central,Small & Medium,449174.9484,392371.0189,391132.5369,29204.0524,408856.7336
2024,8,55,West,Strategic,505223.9082,466288.4569,466963.3875,23239.8447,278878.1369
2024,8,55,Central,Small & Medium,334096.5743,450381.969,617702.9321,25981.2552,363737.5726
2024,8,55,Central,Small & Medium,562143.4132,527295.6508,663535.4155,31629.2829,664214.9407
2024,8,55,West,Large,654531.321,484466.1417,521997.9935,34791.5329,904579.855
2024,8,55,East,Small & Medium,667743.7672,547359.9168,561821.4884,26908.2692,376715.7689
2024,8,55,Central,Large,552767.717,542414.6156,476312.7316,34614.4981,415373.9774
2024,8,55,West,Strategic,445125.1996,388859.6513,463926.6255,26601.2322,399018.4836
2024,8,55,East,Strategic,426541.6846,396224.8919,616992.5929,31089.0232,404157.3019
2024,8,55,Central,Strategic,325745.9232,335883.207,449760.2528,29456.7926,412395.0958
2024,8,55,Central,Strategic,379552.4471,565097.6775,521259.7844,32738.8431,327388.4314
2024,8,55,East,Strategic,544355.2362,538572.9883,405048.122,23735.9384,332303.1379
2024,8,55,Central,Large,351277.6991,396642.7415,370866.9476,34268.883,479764.3618
2024,8,55,Central,Strategic,300069.6405,326785.6658,242144.3812,27806.988,333683.8558
2024,8,55,West,Small & Medium,289009.5696,360589.387,570043.9447,31075.2692,590430.1146
2024,8,55,Central,Large,393371.5388,473816.4398,427308.5739,30655.7852,245246.2816
2024,8,55,East,Strategic,569716.0326,374282.5224,373184.4146,35579.327,213475.9617
2024,8,55,Central,Large,552737.9457,250542.1089,486835.7437,31678.256,380139.0724
2024,8,55,East,Strategic,386867.4593,530028.404,483096.6083,28238.5415,254146.8737
2024,8,55,Central,Large,489148.9318,371723.0952,426804.2431,30987.8568,619757.1356
2024,8,55,Central,Large,416427.3319,424114.8551,312851.6118,29531.8487,649700.6712
2024,8,55,Central,Strategic,615447.0037,513968.7186,431327.22,30938.5588,371262.7055
2024,8,55,Central,Strategic,542084.7584,335618.8313,497464.3806,37198.4439,297587.5514
2024,8,55,West,Small & Medium,399957.498,381102.6921,515669.0797,30030.937,300309.3702
2024,8,55,Central,Strategic,512463.8952,445308.2909,397128.8735,24309.6643,291715.9715
2024,8,55,Central,Small & Medium,279664.5331,353589.8252,410913.1128,28788.0148,431820.2223
2024,8,55,East,Strategic,335803.4895,384046.434,538094.2101,27095.6784,433530.8541
2024,8,55,East,Strategic,353061.1863,444325.1015,353492.2449,28062.6351,617377.9724
2024,8,55,Central,Strategic,570941.3775,507100.2036,540256.0221,28477.986,626515.6928
2024,8,55,Central,Large,449440.5045,532216.6027,263832.5814,25214.787,353007.018
2024,8,55,West,Large,738944.3718,593390.5606,636457.058,30564.3335,550158.0021
2024,8,55,Central,Large,284279.8708,457756.1065,456945.3689,33247.9902,432223.8722
2024,8,55,Central,Large,515509.4202,265800.7855,350892.8158,30441.541,517506.1978
2024,8,55,Central,Strategic,539698.1864,533201.1049,253896.7024,30510.1665,671223.6621
2024,8,55,Central,Small & Medium,420817.214,701440.3349,343756.5442,28806.2332,547318.431
2024,8,55,East,Large,519835.6136,654688.8947,602342.7332,31202.5557,499240.8908
2024,8,55,East,Large,533069.0025,503012.0051,340005.2365,39329.1268,471949.5216
2024,8,55,Central,Large,372229.0903,355007.5551,382720.8916,26722.9531,507736.1089
2024,8,55,East,Strategic,313188.8081,388767.0521,453478.3118,28813.9806,316953.7871
2024,8,55,Central,Strategic,610815.392,656832.7522,224728.4162,28802.506,374432.5776
2024,8,55,Central,Large,432714.1475,441027.538,442537.8873,27329.1129,300620.2423
2024,8,55,East,Strategic,665236.8688,537183.6615,399802.8139,25421.9863,330485.8214
2024,8,55,Central,Strategic,472077.3898,305857.0927,381809.7989,29970.1973,359642.3681
2024,8,55,Central,Large,665900.5361,233853.3593,909950.0647,32291.2407,322912.4065
2024,8,55,Central,Small & Medium,343793.8115,493313.8828,487441.7246,25925.9941,414815.9057
2024,8,55,Central,Large,354374.7748,474784.7211,419298.5936,26524.446,185671.1223
2024,8,55,Central,Large,480063.2356,205344.7607,546081.924,32822.0568,492330.8521
2024,8,55,Central,Large,406896.9995,461238.5522,622630.2063,31048.213,527819.6215
2024,8,55,Central,Small & Medium,239666.3211,570275.3738,406479.2708,28346.5824,226772.6588
2024,8,55,West,Large,641276.7233,632100.798,342799.3807,38681.4571,386814.571
2024,8,55,Central,Large,469500.41,570958.7352,490616.3972,30480.4142,426725.7982
2024,8,55,Central,Strategic,211052.4387,565947.1343,269478.3213,33355.5409,567044.1953
2024,8,55,Central,Strategic,437440.592,513060.4886,448557.2073,29847.7384,358172.8613
2024,8,55,East,Strategic,844424.8521,550112.1457,481815.6721,27538.8213,330465.8557
2024,8,55,East,Small & Medium,320029.2664,426452.9774,447893.3299,29723.4677,356681.6122
2024,8,55,Central,Strategic,353699.4998,370834.6003,259056.4217,33330.3435,633276.5258
2024,8,55,Central,Strategic,427685.8147,657398.5389,289951.0382,31241.8005,406143.406
2024,8,55,East,Small & Medium,613479.5246,459475.624,208816.2854,37082.1812,519150.5365
2024,8,55,Central,Small & Medium,545866.7831,434879.0919,348870.12,24338.4112,219045.7007
2024,8,55,East,Large,230782.2654,621312.1874,586893.8376,36396.4738,545947.1077
2024,8,55,East,Small & Medium,387304.8378,502145.663,379082.2776,28346.9683,396857.5557
2024,8,55,East,Small & Medium,477347.946,547647.3646,421594.5101,28124.8351,365622.8557
2024,9,56,Central,Strategic,193298.7597,217555.8153,147293.7923,35498.3429,283986.7431
2024,9,56,East,Strategic,602420.825,446587.9655,370816.1471,26735.4196,347560.4546
2024,9,56,Central,Strategic,394592.4444,621231.0335,461913.2137,33722.283,573278.8109
2024,9,56,West,Large,305553.9242,423688.8927,394286.561,31270.9026,594147.1503
2024,9,56,Central,Large,471341.955,474780.8215,399003.5426,27638.8538,331666.2454
2024,9,56,West,Strategic,450694.7638,465818.1863,315373.1568,38727.997,542191.9585
2024,9,56,East,Large,304415.0397,535631.8464,721635.4973,26629.4258,372811.9615
2024,9,56,East,Large,475822.3135,285556.3686,295109.4973,30860.2625,432043.675
2024,9,56,East,Small & Medium,458277.8651,431968.3901,536845.4486,28791.3308,431869.9615
2024,9,56,West,Strategic,435182.8614,337773.8048,467820.1846,33037.5234,495562.8513
2024,9,56,Central,Strategic,330653.4127,503646.5921,740322.1619,31019.9711,403259.6237
2024,9,56,Central,Strategic,550711.7101,551193.3767,393506.6043,33047.0671,396564.8053
2024,9,56,East,Strategic,288994.7022,537203.323,238077.3648,31180.8578,561255.4403
2024,9,56,West,Strategic,501932.8354,432474.7644,499263.7576,31721.8685,475828.0272
2024,9,56,West,Large,561592.8184,417959.2235,299618.9463,33599.5389,369594.9274
2024,9,56,East,Strategic,336697.1696,491691.3765,246483.5865,31486.9969,440817.9564
2024,9,56,West,Strategic,389235.0702,500478.2576,493436.4702,30228.5831,574343.0792
2024,9,56,West,Strategic,585582.2755,264240.2116,516406.2724,31193.356,530287.0514
2024,9,56,West,Large,367791.5308,371683.9626,248445.4792,27240.4439,435847.1023
2024,9,56,East,Large,334298.8044,721035.033,536850.9927,32309.9592,323099.5921
2024,9,56,East,Strategic,443286.0206,145355.7711,448811.6094,27356.2732,547125.4641
2024,9,56,East,Small & Medium,506362.9073,502542.1529,585915.3996,26739.1893,347609.4606
2024,9,56,West,Small & Medium,307853.8143,478692.8016,437300.5202,29483.7402,471739.8433
2024,9,56,West,Strategic,375070.4107,242933.2494,339767.1344,36292.2819,580676.5108
2024,9,56,West,Large,449121.8684,440133.0124,494820.4853,36243.5101,579896.1619
2024,9,56,East,Small & Medium,264166.0609,409917.0779,154852.2027,27416.1814,411242.7217
2024,9,56,East,Strategic,456676.1964,462348.1717,543390.2999,35061.9228,560990.7643
2024,9,56,East,Small & Medium,540229.5063,292018.2463,394621.7821,26359.3028,342670.9359
2024,9,56,West,Small & Medium,358567.5167,213220.5705,723967.7612,29205.4871,408876.8197
2024,9,56,Central,Large,444510.5675,459881.9323,335134.2785,34512.2735,483171.8285
2024,9,56,West,Large,410746.7898,487394.9287,471918.9594,32357.756,388293.0724
2024,9,56,Central,Small & Medium,664736.8075,560991.3325,383593.6609,33132.589,364458.4794
2024,9,56,West,Strategic,307549.6295,443081.2246,437169.3587,29216.9569,555122.1818
2024,9,56,East,Small & Medium,523072.877,547897.8636,483116.4235,27462.8554,576719.9625
2024,9,56,Central,Large,742041.4953,382411.6743,383463.9988,27193.2835,435092.5361
2024,9,56,East,Small & Medium,598490.2622,321658.8402,825380.6717,29103.0823,494752.3996
2024,9,56,East,Small & Medium,178530.1644,454451.2297,590482.8223,33915.0902,373065.9918
2024,9,56,East,Small & Medium,449016.1894,604332.0355,553560.5259,35151.3358,562421.373
2024,9,56,East,Small & Medium,323673.7827,790991.0306,536943.5252,37071.1779,481925.3127
2024,9,56,East,Small & Medium,485358.3413,512604.8464,297576.6639,32158.7925,643175.8503
2024,9,56,West,Small & Medium,387307.3955,567066.7909,508625.0625,22569.6839,383684.627
2024,9,56,East,Small & Medium,385550.4941,541008.3835,288564.5181,29102.818,436542.2698
2024,9,56,East,Small & Medium,724068.9614,347571.781,515602.0554,34854.6965,487965.7506
2024,9,56,East,Small & Medium,653998.0844,345874.7325,302485.6016,30426.2857,365115.4287
2024,9,56,East,Large,463548.9352,324681.6976,436110.328,31700.1213,697402.6689
2024,9,56,East,Strategic,402036.0921,592711.266,489438.2334,29621.2476,385076.2185
2024,9,56,East,Strategic,449185.7015,450289.1216,212226.5649,33376.0042,600768.0759
2024,9,56,East,Strategic,427537.0738,542232.9024,528785.8717,31058.8288,528000.0894
2024,9,56,East,Small & Medium,603904.4682,321051.6749,354779.3724,27505.46,302560.0602
2024,9,56,East,Small & Medium,290905.6645,440731.727,503428.1722,27579.7592,579174.9441
2024,9,56,East,Small & Medium,481435.6129,267573.849,422495.888,36128.0848,541921.2724
2024,9,56,East,Small & Medium,595075.8621,232121.5318,488805.4911,28783.8493,518109.2882
2024,9,56,East,Small & Medium,535651.9295,270579.4201,563460.4944,29728.0304,386464.3946
2024,9,56,East,Small & Medium,561447.424,468860.4821,416347.866,30384.0925,212688.6472
2024,9,56,East,Small & Medium,263139.3098,417034.9176,474184.5826,37079.5905,519114.2664
2024,9,56,East,Small & Medium,920341.1117,485930.4103,410298.3116,30305.5225,697027.0169
2024,9,56,East,Small & Medium,636279.5105,439638.1697,576702.1711,23420.3668,257624.0348
2024,9,56,East,Small & Medium,534030.4712,409811.0683,494219.2017,23136.3972,300773.1634
2024,9,56,Central,Small & Medium,292795.6164,476889.8621,292803.6769,29904.9853,388764.8086
2024,9,56,East,Small & Medium,440216.9875,247920.625,328220.3675,27410.5541,493389.9729
2024,9,56,Central,Small & Medium,309739.7856,481718.9956,724279.8421,28181.1621,422717.4314
2024,9,56,East,Small & Medium,303403.4349,493348.5637,318031.1327,35049.8198,455647.6576
2024,9,56,Central,Small & Medium,334671.8562,571573.1275,491854.2316,27979.0043,419685.0644
2024,9,56,East,Large,316981.498,343361.5757,426133.3242,31210.2893,655416.076
2024,9,56,East,Strategic,458784.2098,654241.4543,378584.399,29563.9524,384331.381
2024,9,56,Central,Strategic,372510.8508,580925.4018,459276.0819,32024.4625,576440.3244
2024,9,56,West,Large,464797.9848,658646.0551,498521.579,27738.2334,221905.8673
2024,9,56,East,Large,634790.6673,340927.8345,361936.69,26345.635,447875.7947
2024,9,56,Central,Small & Medium,417412.0387,455649.2251,299649.0244,32136.2982,514180.771
2024,9,56,West,Large,331629.6964,421852.8376,503685.2795,36026.4975,540397.4619
2024,9,56,Central,Small & Medium,431687.0648,435618.3471,524184.6762,30812.6001,493001.6018
2024,9,56,Central,Small & Medium,484033.808,668526.5946,528011.4915,31994.5709,607896.8464
2024,9,56,East,Strategic,528819.9718,337228.3087,285055.045,31264.2727,406435.5451
2024,9,56,West,Small & Medium,345575.3654,740527.4836,510860.6679,34615.0484,415380.5807
2024,9,56,Central,Small & Medium,341816.3144,420981.6685,279357.9872,31122.8268,280105.4409
2024,9,56,West,Strategic,586679.4547,277273.7509,465182.6851,32211.5931,450962.3037
2024,9,56,West,Strategic,390892.3573,422341.0913,627229.452,35456.7963,496395.1484
2024,9,56,Central,Small & Medium,404883.0651,452947.755,467204.567,24570.8566,343991.9918
2024,9,56,East,Strategic,523443.6481,532740.3281,458784.9059,36583.8948,402422.8431
2024,9,56,East,Large,412251.9684,335034.9695,481672.1228,34058.3358,544933.3729
2024,9,56,East,Small & Medium,809092.9271,491405.0523,398062.4114,30451.2286,548122.1156
2024,9,56,East,Small & Medium,439491.2733,401937.2364,784445.5735,34176.3137,307586.8229
2024,9,56,Central,Large,393239.8021,485349.5686,546583.6231,30856.3891,401133.058
2024,9,56,West,Large,558239.4737,248442.1058,436006.2444,30145.8508,542625.3143
2024,9,56,West,Large,395608.9336,443091.4828,499174.4888,29252.1808,672800.1573
2024,9,56,Central,Strategic,507750.2165,518581.5127,541767.5697,28012.559,532238.6214
2024,9,56,East,Strategic,500399.9836,677434.34,340945.7442,25925.5249,388882.8741
2024,9,56,West,Large,479106.461,353840.8443,421258.1065,27728.809,332745.7082
2024,9,56,Central,Large,368849.266,493283.9312,273142.0364,25654.161,307849.9315
2024,9,56,East,Large,322999.6231,248436.655,365255.8381,31546.6351,694025.9728
2024,9,56,Central,Large,460886.1537,391006.1174,533801.7019,31782.0157,476730.2349
2024,9,56,East,Large,400889.0922,582353.3295,673832.3957,27022.367,540447.3409
2024,9,56,Central,Small & Medium,592126.0653,356274.2519,577521.817,30135.0526,482160.8422
2024,9,56,East,Large,434009.0579,581800.8645,507870.6317,27008.6865,432138.9842
2024,9,56,Central,Small & Medium,465427.5136,420748.4282,483481.8078,33517.5542,703868.6392
2024,9,56,Central,Small & Medium,452131.7168,353385.3936,221104.6711,28282.6503,311109.1531
2024,9,56,East,Small & Medium,287484.3366,433027.6363,355672.1661,31235.2708,343587.9785
2024,9,56,East,Large,492144.6086,395652.3364,426469.0766,23701.8088,308123.514
2024,9,56,East,Strategic,390192.0405,528892.9271,308378.9002,27519.3037,275193.0371
2024,9,56,Central,Strategic,708659.2342,547391.1957,258178.0685,34224.6761,616044.1705
2024,9,56,Central,Large,441500.1781,424011.577,349298.1562,28288.9894,396045.8519
2024,9,56,Central,Large,384368.4554,788436.8187,293677.5576,29186.8823,350242.5871
2024,9,56,Central,Large,570631.8905,650538.0254,400201.6307,30059.6304,480954.0862
2024,9,56,Central,Large,384784.4666,314665.3465,452144.4295,35091.2664,596551.5285
2024,9,56,West,Strategic,537009.3611,690796.2153,688867.4265,28011.9259,476202.741
2024,9,56,East,Large,335004.3082,481509.5447,352023.9186,31900.7281,446610.1932
2024,9,56,Central,Small & Medium,516848.1837,428212.4,271887.0631,31924.095,478861.4255
2024,9,56,Central,Small & Medium,519088.8276,381278.2875,671173.9394,27428.7761,301716.5375
2024,9,56,East,Small & Medium,688403.9844,429036.3453,606160.0196,31493.9969,409421.9592
2024,9,56,Central,Strategic,388640.9911,302178.2523,480386.3743,26542.9541,318515.4497
2024,9,56,Central,Large,443786.4233,393552.7931,498490.9579,32478.9297,454705.0164
2024,9,56,Central,Small & Medium,619250.7409,353398.4662,630316.1478,30884.303,617686.0604
2024,9,56,Central,Small & Medium,402416.6373,399354.5112,421047.0485,31171.8643,561093.5578
2024,9,56,Central,Strategic,356862.7176,597159.3737,562713.421,29519.8916,442798.3746
2024,9,56,Central,Large,602720.0498,316120.7893,332077.2182,31256.5652,593874.7386
2024,9,56,East,Small & Medium,419826.5785,664278.7157,265949.258,28189.4874,422842.3105
2024,9,56,East,Large,506822.6366,520788.1953,430687.2156,27561.1807,385856.5298
2024,9,56,Central,Strategic,494244.9254,426735.5719,554403.5307,27479.1455,357228.8915
2024,9,56,East,Strategic,437557.4722,359141.9086,418661.5286,32628.3675,326283.6753
2024,9,56,East,Small & Medium,524611.5657,664787.677,342928.1439,34613.8475,484593.8652
2024,9,56,East,Large,671515.068,323996.9946,465230.4172,32748.4354,589471.838
2024,9,56,Central,Strategic,599626.8615,418651.125,354349.7175,30661.9417,582576.8914
2024,9,56,East,Large,666657.3723,252704.711,660720.2346,29360.0249,352320.2987
2024,9,56,East,Small & Medium,289390.6066,336760.8043,168579.3337,31200.0498,468000.7476
2024,9,56,Central,Strategic,229833.1301,427491.3806,505741.7456,29604.4089,503274.9505
2024,9,56,West,Large,511540.5223,269179.2526,689162.9886,31189.7336,467846.0047
2024,9,56,East,Strategic,385574.7509,242201.4004,342684.5693,27789.0917,444625.4677
2024,9,56,West,Strategic,369642.4481,320705.7748,457012.1779,35955.0442,287640.3538
2024,9,56,West,Small & Medium,324603.5294,451341.9356,422868.2305,35036.5137,525547.7052
2024,9,56,West,Large,566853.3567,394657.6318,489189.1471,26881.8167,349463.6171
2024,9,56,East,Small & Medium,546519.4908,477887.3971,356544.611,31009.1951,310091.9506
2024,9,56,East,Large,539194.0189,520324.5403,293316.7438,30678.9117,582899.3231
2024,9,56,Central,Large,248201.3459,255450.4791,355004.7536,32462.9759,714185.4707
2024,9,56,East,Large,216641.2231,523896.7315,310998.0588,29949.5469,658890.0322
2024,9,56,East,Strategic,353016.7611,282040.9672,733292.603,30755.9243,768898.1065
2024,9,56,East,Strategic,353582.2481,620414.2081,342115.2703,36151.6795,361516.795
2024,9,56,East,Large,387352.6427,575830.5947,312604.8319,28410.8457,426162.6853
2024,9,56,Central,Small & Medium,630437.4338,471375.3179,572989.8818,33309.0657,532945.0519
2024,9,56,Central,Small & Medium,446442.5076,399967.921,543218.8519,28159.653,281596.5298
2024,9,56,East,Strategic,473399.2897,554219.6092,470046.9762,29987.0323,569753.6145
2024,9,56,East,Large,296211.806,527925.3732,380211.4863,26513.0005,265130.0048
2024,9,56,East,Large,179891.0034,420695.9109,535749.2428,23156.0631,324184.883
2024,9,56,East,Strategic,488460.3727,492255.115,445299.6465,34247.0123,684940.2468
2024,9,56,Central,Strategic,407956.0857,272592.3671,614706.693,26926.2083,646228.9998
2024,9,56,Central,Large,513249.5511,703909.68,376723.6865,35680.9715,356809.7148
2024,9,56,West,Large,415507.622,396157.896,440739.0362,27537.2799,468133.7586
2024,9,56,Central,Large,473289.7364,418628.4172,460795.4445,32067.424,705483.3281
2024,9,56,East,Small & Medium,486666.254,354231.2322,347417.973,26355.533,237199.7974
2024,9,56,West,Large,498638.8756,533191.5189,536814.93,30900.7512,772518.7795
2024,9,56,West,Strategic,298243.4218,453603.8271,418281.9165,28783.0003,374179.004
2024,9,56,Central,Strategic,451819.6503,577393.7184,410513.2224,36119.6644,541794.9661
2024,9,56,Central,Strategic,396249.9369,629246.2752,689319.4719,26126.2988,287389.2872
2024,9,56,Central,Strategic,420593.191,527995.4487,717537.8172,31828.2503,636565.0059
2024,9,56,Central,Strategic,353244.8462,393706.2089,418776.1348,33264.3883,498965.8243
2024,9,56,Central,Strategic,248109.961,341372.0249,439142.5446,31207.839,249662.7122
2024,9,56,East,Strategic,607189.0547,302191.5815,408018.8556,29642.5867,503923.9736
2024,9,56,Central,Small & Medium,364286.8026,403349.5369,350936.6713,28250.1896,649754.3614
2024,9,56,West,Strategic,468593.6107,416026.5622,705338.9486,26068.8129,338894.5675
2024,9,56,East,Small & Medium,509373.6223,683266.06,645280.7435,28630.1944,286301.9441
2024,9,56,Central,Small & Medium,560246.5567,526978.503,558457.9913,26339.0738,316068.8854
2024,9,56,East,Strategic,371373.6002,437678.2099,230982.7859,18900.4199,113402.5192
2024,9,56,West,Small & Medium,330542.1673,497969.7996,372898.4556,31531.3724,567564.7023
2024,9,56,Central,Strategic,436304.009,372725.7091,362819.0301,27690.9154,359981.8999
2024,9,56,East,Strategic,648823.9593,444155.2876,536745.8836,29353.8808,440308.2127
2024,9,56,East,Strategic,404749.8511,302240.9669,574731.1896,38934.5829,545084.16
2024,9,56,Central,Large,575462.8896,428338.9302,345947.5826,34993.6389,664879.1382
2024,9,56,East,Strategic,382418.7201,359606.013,337079.889,32298.4969,516775.95
2024,9,56,East,Small & Medium,397592.8224,373754.4716,402594.7139,25462.9272,305555.1258
2024,9,56,East,Strategic,294106.622,335414.5516,462422.7799,26291.0768,420657.2292
2024,9,56,Central,Strategic,210798.3875,362854.5766,528254.0383,32917.803,427931.4387
2024,9,56,East,Strategic,409991.441,371494.2526,272161.1911,31732.5683,475988.5249
2024,9,56,West,Large,426616.4367,626658.0482,376220.8359,31236.3892,499782.2279
2024,9,56,West,Large,442195.4177,470906.9569,415594.5539,26227.7344,681921.0937
2024,9,56,East,Large,645731.9751,715179.2765,447253.4999,25327.5091,303930.1088
2024,9,56,East,Strategic,317372.6037,497851.4014,552486.8376,32339.205,355731.2552
2024,9,56,Central,Small & Medium,321399.6044,450768.9229,472457.7383,28405.4311,511297.7598
2024,9,56,West,Small & Medium,398965.349,801046.032,391544.3827,22134.2909,177074.327
2024,9,56,Central,Small & Medium,302300.5115,271014.9472,447518.1063,32975.9663,428687.5621
2024,9,56,Central,Strategic,445618.8555,443968.6531,340802.4205,29917.6283,269258.6547
2024,9,56,East,Large,597963.8116,592772.8358,411394.6109,28640.3092,515525.566
2024,9,56,West,Large,334663.5127,477565.1621,366925.2302,36467.9832,619955.7136
2024,9,56,West,Strategic,403869.7825,448577.6104,334582.2894,28197.9478,592156.9047
2024,9,56,West,Strategic,565070.8138,243533.6873,400151.5808,24553.5077,319195.5996
2024,9,56,West,Large,547307.8293,455103.4185,416880.8469,32078.2065,384938.478
2024,9,56,West,Strategic,346629.9119,487664.7903,351730.4343,25750.932,360513.0479
2024,9,56,East,Strategic,282081.4399,555278.2566,530858.6552,30604.7802,581490.8232
2024,9,56,East,Strategic,287440.9599,482708.0107,379771.4648,26543.1371,238888.2339
2024,9,56,East,Large,531013.4238,723855.6351,252400.3084,30970.9835,495535.7366
2024,9,56,East,Strategic,434748.0656,523356.4967,458338.2795,30226.9351,544084.8324
2024,9,56,West,Large,242134.1304,486155.7001,247573.9159,29997.0235,419958.3294
2024,9,56,East,Strategic,519851.7999,486464.0915,445462.2257,30796.4897,431150.8562
2024,9,56,East,Strategic,554070.6964,329190.7672,628628.2175,31173.1862,529944.1647
2024,9,56,East,Strategic,726118.7988,391147.5525,422328.0678,29948.7718,389334.0333
2024,9,56,East,Strategic,366749.3126,331759.666,451346.6114,33663.582,639608.0581
2024,9,56,East,Strategic,430388.1842,344189.5019,503596.1556,33103.3263,496549.8945
2024,9,56,West,Large,253887.2141,556462.9742,431718.3656,28923.6715,491702.416
2024,9,56,East,Large,386686.1179,503607.6758,421277.5391,32874.6164,427370.0129
2024,9,56,East,Large,441181.6017,498603.5697,387155.8724,29739.7838,594795.6752
2024,9,56,East,Strategic,666405.0911,531867.7423,498729.3232,34738.1179,416857.4149
2024,9,56,East,Large,479476.3617,394208.0206,496739.7012,31923.5715,510777.1447
2024,9,56,East,Large,459581.8867,384620.2345,444526.9589,34582.2694,380404.9632
2024,9,56,Central,Small & Medium,452219.1171,521147.5356,500167.4876,26085.2193,365193.07
2024,9,56,West,Large,512064.4019,365024.119,563225.2446,33184.7659,895988.6782
2024,9,56,Central,Large,464503.3822,600736.6422,374171.0405,35145.1023,667756.9434
2024,9,56,East,Strategic,544053.5031,333210.9222,415802.8298,28897.5039,317872.5434
2024,9,56,West,Strategic,564299.737,443984.7736,487060.9456,26688.678,320264.136
2024,9,56,Central,Strategic,464884.9156,521051.2703,341276.9356,31048.9396,248391.5168
2024,9,56,Central,Small & Medium,335001.1807,464352.867,595731.0188,32203.3954,386440.7443
2024,9,56,Central,Strategic,832767.1059,417496.8306,487158.256,29789.2765,506417.6997
2024,9,56,West,Strategic,582377.4344,458944.9694,487031.6903,27619.0551,303809.6059
2024,9,56,East,Strategic,468822.4784,437644.1611,569752.0705,33584.7738,503771.6076
2024,9,56,Central,Strategic,491067.5484,415032.1195,844390.2407,30532.727,519056.3595
2024,9,56,West,Large,431889.242,304487.8197,352897.946,29557.1587,650257.4904
2024,9,56,East,Strategic,469169.8443,633345.5411,492512.4204,34148.1157,409777.3889
2024,9,56,Central,Large,575089.0104,366991.4418,313677.5475,29392.0004,440880.0064
2024,9,56,West,Small & Medium,537521.4166,341618.8016,567673.3615,31045.6693,620913.3868
2024,9,56,Central,Small & Medium,655161.4462,199940.7563,336331.7824,29415.5813,500064.8818
2024,9,56,Central,Small & Medium,339900.1087,480119.4414,328951.7944,34367.9331,481151.0629
2024,9,56,East,Large,574910.3041,570114.643,584059.1122,36447.9621,838303.1279
2024,9,56,East,Large,524815.3916,435538.4673,350864.6493,29945.0604,419230.8455
2024,9,56,East,Large,352069.8054,542651.1655,535278.6724,25884.5752,362384.0526
2024,9,56,East,Strategic,277632.916,289552.3787,318738.7972,33127.4515,430656.8699
2024,9,56,West,Large,372818.8005,387365.5919,540931.7008,26132.1314,391981.9714
2024,9,56,Central,Large,402168.8576,417581.1418,314713.6583,31642.7775,253142.2197
2024,9,56,East,Strategic,371439.2552,385297.507,204026.263,32239.3286,580307.9153
2024,9,56,West,Large,394858.9087,605568.4704,364599.4773,32365.6351,517850.1617
2024,9,56,West,Strategic,569180.4352,354540.0233,476334.1629,37224.0345,483912.4485
2024,9,56,East,Strategic,508816.9779,465739.3248,353246.3151,28090.2688,617985.9131
2024,9,56,East,Strategic,235770.1161,244554.179,260453.8082,28454.0137,312994.1509
2024,9,56,Central,Strategic,462040.0769,524334.4544,369853.118,30008.1856,270073.6707
2024,9,56,East,Large,542635.2639,444095.2363,423247.0683,32214.7682,483221.523
2024,9,56,East,Large,686701.9848,376682.1075,657034.4142,25012.8586,450231.4554
2024,9,56,East,Large,320495.2471,526881.7724,512259.4892,28293.3509,424400.2633
2024,9,56,East,Strategic,393227.7953,529320.8837,382946.7073,34726.7762,416721.3145
2024,9,56,East,Strategic,434270.0331,456495.4601,329968.7725,29415.6178,558896.7383
2024,9,56,East,Large,504013.9905,394318.0972,561148.7519,30481.9424,396265.2514
2024,9,56,East,Strategic,562072.4344,393386.3608,421060.8355,24374.147,365612.2057
2024,9,56,East,Small & Medium,424969.5704,152095.0516,476175.6249,30411.5775,425762.0852
2024,9,56,West,Strategic,360303.5647,468533.5613,519473.5846,28484.3554,370296.62
2024,9,56,West,Small & Medium,502550.9569,631244.1706,523999.9037,27880.7924,529735.0561
2024,9,56,East,Small & Medium,371216.6908,463530.8275,427139.7837,30797.5731,369570.8768
2024,9,56,East,Strategic,367138.734,516557.684,549302.0853,28423.1652,483193.8087
2024,9,56,East,Small & Medium,92987.3139,525468.3567,660768.7367,23989.4276,239894.2763
2024,9,56,East,Small & Medium,352325.1169,523325.753,459214.7239,30602.2419,703851.5627
2024,9,56,East,Small & Medium,446345.2711,663048.0961,760666.2691,29793.0282,536274.5074
2024,9,56,East,Large,447421.213,452623.458,348999.8565,31054.2438,652139.1198
2024,9,56,Central,Small & Medium,386726.622,249143.4917,385559.172,30856.6985,462850.4775
2024,9,56,Central,Strategic,427310.5172,264006.3669,480679.0311,32117.2903,513876.6452
2024,9,56,Central,Large,360749.2546,512403.1773,167320.373,30815.1521,585487.8891
2024,9,56,West,Large,510237.0562,324579.9588,494251.2365,25924.1353,337013.7583
2024,9,56,Central,Strategic,526104.6307,755520.783,344053.8845,26939.2192,431027.5079
2024,9,56,Central,Strategic,391335.7866,551215.676,379340.1774,31561.0333,441854.466
2024,9,56,East,Large,422525.393,325561.7302,358711.1167,29943.1648,239545.3184
2024,9,56,Central,Small & Medium,443290.8153,394289.3335,260247.1925,27125.7412,488263.3407
2024,9,56,West,Large,673343.2609,774680.3316,486347.2707,21079.3713,274031.8269
2024,9,56,West,Large,647979.7962,668070.174,452390.8395,26895.4428,349640.7565
2024,9,56,East,Strategic,300494.1944,409156.7648,571177.0244,30000.8945,450013.4173
2024,9,56,East,Strategic,259306.7537,660814.6233,335081.2154,25825.1455,387377.1821
2024,9,56,East,Large,461105.8018,604237.6976,397844.3281,25748.8272,334734.7531
2024,9,56,West,Small & Medium,451637.3463,584776.0438,384280.2345,33966.3181,509494.7709
2024,9,56,Central,Small & Medium,360805.506,219003.6337,506638.1449,27847.9422,445567.0752
2024,9,56,West,Large,350515.5017,536079.8502,498986.6068,27793.7198,500286.957
2024,9,56,West,Large,339308.764,234486.9441,274048.0926,33679.2093,404150.5121
2024,9,56,West,Small & Medium,573591.3193,473778.5765,476655.7811,27534.8275,302883.1026
2024,9,56,Central,Small & Medium,425536.4672,539874.0951,455850.5344,33762.9479,540207.1665
2024,9,56,East,Small & Medium,528468.6738,381047.3201,498079.3968,24020.2222,192161.7778
2024,9,56,West,Strategic,353184.7842,358839.1112,380788.5252,34288.4876,548615.8017
2024,9,56,West,Small & Medium,302367.3065,442042.329,418709.9361,27411.6453,356351.3888
2024,9,56,West,Small & Medium,512626.2413,490866.3258,406758.5307,31979.1881,479687.8221
2024,9,56,East,Large,687953.3132,504382.2674,378091.1088,33598.8937,436785.6175
2024,9,56,Central,Small & Medium,317775.7051,327988.4862,457400.4796,30846.5495,493544.7925
2024,9,56,West,Small & Medium,329555.1574,340532.0704,558491.8871,31527.2808,693600.1782
2024,9,56,East,Small & Medium,426304.0138,364439.1841,531938.705,30320.2292,667045.0432
2024,9,56,West,Strategic,457889.2751,408067.6167,459344.4442,34215.5746,581664.7689
2024,9,56,East,Strategic,419118.8343,677847.664,356795.1243,30376.3279,486021.2468
2024,9,56,Central,Large,366825.4066,380678.2085,301690.8763,29829.1009,447436.5135
2024,9,56,East,Large,218428.3777,402322.9568,570443.0397,29761.0333,386893.4331
2024,9,56,West,Large,395473.6363,400731.7174,184767.3635,29925.3939,389030.1201
2024,9,56,West,Strategic,428853.1535,423764.3089,654772.5231,23656.8606,260225.4662
2024,9,56,East,Strategic,272395.9465,500167.6547,351592.5097,30632.9994,490127.9909
2024,9,56,East,Large,227725.3422,750462.4444,293888.3595,29618.9065,473902.5036
2024,9,56,Central,Strategic,487181.7726,578330.648,532078.7269,31138.6639,404802.631
2024,9,56,Central,Small & Medium,582830.1575,358852.0105,682024.6166,33002.2947,330022.9467
2024,9,56,Central,Strategic,233552.1686,593081.8971,750437.2814,29916.5549,329082.1036
2024,9,56,West,Small & Medium,325216.6326,636055.2412,577525.469,31967.5814,511481.3026
2024,9,56,East,Large,469956.2655,450494.3126,331464.2237,26967.8466,431485.5448
2024,9,56,East,Strategic,266787.8211,151284.5668,327245.2598,32969.1667,230784.167
2024,9,56,Central,Strategic,384557.5765,310308.9221,444123.7292,31240.1861,437362.6057
2024,9,56,East,Large,205112.168,503470.5053,808702.9691,28717.6964,459483.1417
2024,9,56,Central,Large,187882.6536,258382.0335,459918.2121,31500.5461,378006.5532
2024,9,56,West,Large,748188.0269,601883.6947,508720.5877,22922.8665,206305.7984
2024,9,56,West,Small & Medium,209292.1234,579889.4126,364526.8302,32542.6379,553224.8437
2024,9,56,East,Strategic,580193.8223,358112.8154,429417.867,31125.8169,404635.6191
2024,9,56,Central,Strategic,461420.0777,645492.7909,241374.2672,30817.9257,431450.9595
2024,9,56,East,Strategic,580888.4377,441095.0633,529500.254,32400.7476,550812.71
2024,9,56,Central,Small & Medium,408856.7336,449174.9484,392371.0189,32780.396,458925.5442
2024,9,56,West,Strategic,278878.1369,505223.9082,466288.4569,32680.1267,718962.7875
2024,9,56,Central,Small & Medium,363737.5726,334096.5743,450381.969,28104.8849,421573.2742
2024,9,56,Central,Small & Medium,664214.9407,562143.4132,527295.6508,27328.5627,327942.7525
2024,9,56,West,Large,904579.855,654531.321,484466.1417,31096.2991,621925.9813
2024,9,56,East,Small & Medium,376715.7689,667743.7672,547359.9168,25354.0429,354956.601
2024,9,56,Central,Large,415373.9774,552767.717,542414.6156,32427.114,389125.3679
2024,9,56,West,Strategic,399018.4836,445125.1996,388859.6513,31648.4123,411429.3603
2024,9,56,East,Strategic,404157.3019,426541.6846,396224.8919,28229.3048,310522.3533
2024,9,56,Central,Strategic,412395.0958,325745.9232,335883.207,26742.3759,294166.1347
2024,9,56,Central,Strategic,327388.4314,379552.4471,565097.6775,37252.847,260769.9292
2024,9,56,East,Strategic,332303.1379,544355.2362,538572.9883,40259.5433,442854.9763
2024,9,56,Central,Large,479764.3618,351277.6991,396642.7415,25470.9106,356592.7481
2024,9,56,Central,Strategic,333683.8558,300069.6405,326785.6658,27270.9638,436335.4209
2024,9,56,West,Small & Medium,590430.1146,289009.5696,360589.387,28464.6214,227716.9715
2024,9,56,Central,Large,245246.2816,393371.5388,473816.4398,28695.2674,631295.8821
2024,9,56,East,Strategic,213475.9617,569716.0326,374282.5224,35569.2504,569108.0058
2024,9,56,Central,Large,380139.0724,552737.9457,250542.1089,33916.6015,373082.6168
2024,9,56,East,Strategic,254146.8737,386867.4593,530028.404,35932.2237,646780.0268
2024,9,56,Central,Large,619757.1356,489148.9318,371723.0952,29949.048,479184.7678
2024,9,56,Central,Large,649700.6712,416427.3319,424114.8551,28177.3052,450836.8834
2024,9,56,Central,Strategic,371262.7055,615447.0037,513968.7186,31680.5201,380166.2407
2024,9,56,Central,Strategic,297587.5514,542084.7584,335618.8313,29241.428,467862.8473
2024,9,56,West,Small & Medium,300309.3702,399957.498,381102.6921,31494.3675,598392.983
2024,9,56,Central,Strategic,291715.9715,512463.8952,445308.2909,38548.1609,539674.2519
2024,9,56,Central,Small & Medium,431820.2223,279664.5331,353589.8252,31184.8682,436588.1545
2024,9,56,East,Strategic,433530.8541,335803.4895,384046.434,29878.5645,388421.338
2024,9,56,East,Strategic,617377.9724,353061.1863,444325.1015,29756.2464,446343.6953
2024,9,56,Central,Strategic,626515.6928,570941.3775,507100.2036,29066.8147,610403.1078
2024,9,56,Central,Large,353007.018,449440.5045,532216.6027,31600.5612,505608.9784
2024,9,56,West,Large,550158.0021,738944.3718,593390.5606,33343.6733,600186.1196
2024,9,56,Central,Large,432223.8722,284279.8708,457756.1065,31704.3705,443861.1864
2024,9,56,Central,Large,517506.1978,515509.4202,265800.7855,36468.1887,401150.0757
2024,9,56,Central,Strategic,671223.6621,539698.1864,533201.1049,31186.6728,561360.1111
2024,9,56,Central,Small & Medium,547318.431,420817.214,701440.3349,23973.7062,263710.7683
2024,9,56,East,Large,499240.8908,519835.6136,654688.8947,27953.7697,447260.3152
2024,9,56,East,Large,471949.5216,533069.0025,503012.0051,32012.118,352133.2975
2024,9,56,Central,Large,507736.1089,372229.0903,355007.5551,29992.6649,509875.3036
2024,9,56,East,Strategic,316953.7871,313188.8081,388767.0521,29827.7765,238622.2122
2024,9,56,Central,Strategic,374432.5776,610815.392,656832.7522,28660.4753,401246.6543
2024,9,56,Central,Large,300620.2423,432714.1475,441027.538,25732.9701,463193.4624
2024,9,56,East,Strategic,330485.8214,665236.8688,537183.6615,29334.6683,469354.6928
2024,9,56,Central,Strategic,359642.3681,472077.3898,305857.0927,35306.3138,600207.3339
2024,9,56,Central,Large,322912.4065,665900.5361,233853.3593,35818.4736,537277.1033
2024,9,56,Central,Small & Medium,414815.9057,343793.8115,493313.8828,29007.9103,261071.1925
2024,9,56,Central,Large,185671.1223,354374.7748,474784.7211,31729.4369,571129.8649
2024,9,56,Central,Large,492330.8521,480063.2356,205344.7607,32348.1949,744008.4837
2024,9,56,Central,Large,527819.6215,406896.9995,461238.5522,29855.8488,447837.732
2024,9,56,Central,Small & Medium,226772.6588,239666.3211,570275.3738,32589.6669,586614.004
2024,9,56,West,Large,386814.571,641276.7233,632100.798,26797.6903,321572.2834
2024,9,56,Central,Large,426725.7982,469500.41,570958.7352,37188.9205,520644.8876
2024,9,56,Central,Strategic,567044.1953,211052.4387,565947.1343,31742.775,539627.1758
2024,9,56,Central,Strategic,358172.8613,437440.592,513060.4886,28383.6007,340603.2082
2024,9,56,East,Strategic,330465.8557,844424.8521,550112.1457,34786.4905,347864.9052
2024,9,56,East,Small & Medium,356681.6122,320029.2664,426452.9774,28140.1389,309541.528
2024,9,56,Central,Strategic,633276.5258,353699.4998,370834.6003,31124.7219,497995.5501
2024,9,56,Central,Strategic,406143.406,427685.8147,657398.5389,25352.5928,278878.5205
2024,9,56,East,Small & Medium,519150.5365,613479.5246,459475.624,29722.8454,237782.763
2024,9,56,Central,Small & Medium,219045.7007,545866.7831,434879.0919,31501.9431,630038.8618
2024,9,56,East,Large,545947.1077,230782.2654,621312.1874,25496.3376,305956.0513
2024,9,56,East,Small & Medium,396857.5557,387304.8378,502145.663,31923.7478,510779.9648
2024,9,56,East,Small & Medium,365622.8557,477347.946,547647.3646,26216.5546,445681.4288
2024,10,57,Central,Strategic,283986.7431,193298.7597,217555.8153,28813.5561,259322.0048
2024,10,57,East,Strategic,347560.4546,602420.825,446587.9655,23158.1504,347372.2556
2024,10,57,Central,Strategic,573278.8109,394592.4444,621231.0335,29885.8455,358630.1464
2024,10,57,West,Large,594147.1503,305553.9242,423688.8927,31966.8706,575403.6713
2024,10,57,Central,Large,331666.2454,471341.955,474780.8215,31367.3654,501877.8463
2024,10,57,West,Strategic,542191.9585,450694.7638,465818.1863,28708.775,373214.075
2024,10,57,East,Large,372811.9615,304415.0397,535631.8464,26776.1067,374865.4933
2024,10,57,East,Large,432043.675,475822.3135,285556.3686,32891.2519,394695.0227
2024,10,57,East,Small & Medium,431869.9615,458277.8651,431968.3901,30950.2702,526154.5932
2024,10,57,West,Strategic,495562.8513,435182.8614,337773.8048,25147.9453,377219.1789
2024,10,57,Central,Strategic,403259.6237,330653.4127,503646.5921,33451.2274,535219.6389
2024,10,57,Central,Strategic,396564.8053,550711.7101,551193.3767,32375.1717,420877.2321
2024,10,57,East,Strategic,561255.4403,288994.7022,537203.323,34219.6643,513294.964
2024,10,57,West,Strategic,475828.0272,501932.8354,432474.7644,34610.035,622980.6305
2024,10,57,West,Large,369594.9274,561592.8184,417959.2235,27840.7602,445452.1626
2024,10,57,East,Strategic,440817.9564,336697.1696,491691.3765,25641.1994,333335.5925
2024,10,57,West,Strategic,574343.0792,389235.0702,500478.2576,34304.7918,720400.6282
2024,10,57,West,Strategic,530287.0514,585582.2755,264240.2116,27360.8001,465133.6016
2024,10,57,West,Large,435847.1023,367791.5308,371683.9626,31706.8851,539017.0471
2024,10,57,East,Large,323099.5921,334298.8044,721035.033,33132.723,530123.5685
2024,10,57,East,Strategic,547125.4641,443286.0206,145355.7711,32805.9777,688925.5309
2024,10,57,East,Small & Medium,347609.4606,506362.9073,502542.1529,26142.8549,392142.8238
2024,10,57,West,Small & Medium,471739.8433,307853.8143,478692.8016,30069.4408,571319.3745
2024,10,57,West,Strategic,580676.5108,375070.4107,242933.2494,37940.7033,493229.1435
2024,10,57,West,Large,579896.1619,449121.8684,440133.0124,28769.7756,316467.5318
2024,10,57,East,Small & Medium,411242.7217,264166.0609,409917.0779,38438.6922,384386.9224
2024,10,57,East,Strategic,560990.7643,456676.1964,462348.1717,30506.2206,457593.3094
2024,10,57,East,Small & Medium,342670.9359,540229.5063,292018.2463,31417.3742,314173.7423
2024,10,57,West,Small & Medium,408876.8197,358567.5167,213220.5705,29485.9141,294859.1406
2024,10,57,Central,Large,483171.8285,444510.5675,459881.9323,33973.8476,577555.4092
2024,10,57,West,Large,388293.0724,410746.7898,487394.9287,25006.8886,300082.663
2024,10,57,Central,Small & Medium,364458.4794,664736.8075,560991.3325,29756.9974,416597.9642
2024,10,57,West,Strategic,555122.1818,307549.6295,443081.2246,32634.3735,717956.2177
2024,10,57,East,Small & Medium,576719.9625,523072.877,547897.8636,29116.0443,378508.5762
2024,10,57,Central,Large,435092.5361,742041.4953,382411.6743,30391.0419,334301.4609
2024,10,57,East,Small & Medium,494752.3996,598490.2622,321658.8402,27867.448,473746.6158
2024,10,57,East,Small & Medium,373065.9918,178530.1644,454451.2297,29700.5124,534609.2223
2024,10,57,East,Small & Medium,562421.373,449016.1894,604332.0355,27556.4681,385790.5532
2024,10,57,East,Small & Medium,481925.3127,323673.7827,790991.0306,28182.2484,366369.2288
2024,10,57,East,Small & Medium,643175.8503,485358.3413,512604.8464,26936.0342,484848.6162
2024,10,57,West,Small & Medium,383684.627,387307.3955,567066.7909,32269.7153,645394.3057
2024,10,57,East,Small & Medium,436542.2698,385550.4941,541008.3835,27163.5022,353125.5288
2024,10,57,East,Small & Medium,487965.7506,724068.9614,347571.781,31663.5816,411626.5603
2024,10,57,East,Small & Medium,365115.4287,653998.0844,345874.7325,33196.3111,663926.2224
2024,10,57,East,Large,697402.6689,463548.9352,324681.6976,32874.2315,657484.63
2024,10,57,East,Strategic,385076.2185,402036.0921,592711.266,24280.5318,315646.9135
2024,10,57,East,Strategic,600768.0759,449185.7015,450289.1216,30788.9526,431045.337
2024,10,57,East,Strategic,528000.0894,427537.0738,542232.9024,35393.6691,672479.7123
2024,10,57,East,Small & Medium,302560.0602,603904.4682,321051.6749,29006.3527,377082.5847
2024,10,57,East,Small & Medium,579174.9441,290905.6645,440731.727,30923.5315,494776.5037
2024,10,57,East,Small & Medium,541921.2724,481435.6129,267573.849,24681.3291,394901.2653
2024,10,57,East,Small & Medium,518109.2882,595075.8621,232121.5318,29549.9946,472799.9135
2024,10,57,East,Small & Medium,386464.3946,535651.9295,270579.4201,28592.3555,514662.3994
2024,10,57,East,Small & Medium,212688.6472,561447.424,468860.4821,23385.4727,280625.6719
2024,10,57,East,Small & Medium,519114.2664,263139.3098,417034.9176,25465.8742,331056.3652
2024,10,57,East,Small & Medium,697027.0169,920341.1117,485930.4103,31810.6279,477159.4191
2024,10,57,East,Small & Medium,257624.0348,636279.5105,439638.1697,33299.1879,399590.2553
2024,10,57,East,Small & Medium,300773.1634,534030.4712,409811.0683,26323.0794,394846.1904
2024,10,57,Central,Small & Medium,388764.8086,292795.6164,476889.8621,27174.3263,461963.5464
2024,10,57,East,Small & Medium,493389.9729,440216.9875,247920.625,25242.189,378632.8349
2024,10,57,Central,Small & Medium,422717.4314,309739.7856,481718.9956,32943.1619,296488.4571
2024,10,57,East,Small & Medium,455647.6576,303403.4349,493348.5637,28450.5345,625911.7585
2024,10,57,Central,Small & Medium,419685.0644,334671.8562,571573.1275,31199.193,592784.6666
2024,10,57,East,Large,655416.076,316981.498,343361.5757,28495.8028,427437.042
2024,10,57,East,Strategic,384331.381,458784.2098,654241.4543,25677.5639,282453.2027
2024,10,57,Central,Strategic,576440.3244,372510.8508,580925.4018,23615.5328,401464.0581
2024,10,57,West,Large,221905.8673,464797.9848,658646.0551,31123.4014,560221.225
2024,10,57,East,Large,447875.7947,634790.6673,340927.8345,33361.5243,700592.0111
2024,10,57,Central,Small & Medium,514180.771,417412.0387,455649.2251,28278.5873,452457.3975
2024,10,57,West,Large,540397.4619,331629.6964,421852.8376,33719.1337,640663.5405
2024,10,57,Central,Small & Medium,493001.6018,431687.0648,435618.3471,39315.3439,314522.7513
2024,10,57,Central,Small & Medium,607896.8464,484033.808,668526.5946,31278.1467,500450.3467
2024,10,57,East,Strategic,406435.5451,528819.9718,337228.3087,30907.6982,679969.361
2024,10,57,West,Small & Medium,415380.5807,345575.3654,740527.4836,27923.2778,502618.9996
2024,10,57,Central,Small & Medium,280105.4409,341816.3144,420981.6685,38688.6007,502951.8097
2024,10,57,West,Strategic,450962.3037,586679.4547,277273.7509,30349.6895,273147.2058
2024,10,57,West,Strategic,496395.1484,390892.3573,422341.0913,28343.0912,425146.3686
2024,10,57,Central,Small & Medium,343991.9918,404883.0651,452947.755,33351.6804,600330.2464
2024,10,57,East,Strategic,402422.8431,523443.6481,532740.3281,38193.3886,534707.4408
2024,10,57,East,Large,544933.3729,412251.9684,335034.9695,33437.8266,702194.3593
2024,10,57,East,Small & Medium,548122.1156,809092.9271,491405.0523,28234.2493,677621.9838
2024,10,57,East,Small & Medium,307586.8229,439491.2733,401937.2364,36244.536,434934.4318
2024,10,57,Central,Large,401133.058,393239.8021,485349.5686,27714.0772,387997.0804
2024,10,57,West,Large,542625.3143,558239.4737,248442.1058,35987.674,575802.7833
2024,10,57,West,Large,672800.1573,395608.9336,443091.4828,29883.5049,508019.5832
2024,10,57,Central,Strategic,532238.6214,507750.2165,518581.5127,28456.5848,540675.1119
2024,10,57,East,Strategic,388882.8741,500399.9836,677434.34,26161.2341,287773.5749
2024,10,57,West,Large,332745.7082,479106.461,353840.8443,31582.6255,378991.5061
2024,10,57,Central,Large,307849.9315,368849.266,493283.9312,31720.4626,539247.8636
2024,10,57,East,Large,694025.9728,322999.6231,248436.655,28993.6082,405910.5144
2024,10,57,Central,Large,476730.2349,460886.1537,391006.1174,29436.1757,353234.1087
2024,10,57,East,Large,540447.3409,400889.0922,582353.3295,24357.7007,146146.2044
2024,10,57,Central,Small & Medium,482160.8422,592126.0653,356274.2519,33826.0126,744172.2773
2024,10,57,East,Large,432138.9842,434009.0579,581800.8645,31652.3743,284871.3686
2024,10,57,Central,Small & Medium,703868.6392,465427.5136,420748.4282,28182.9015,338194.8184
2024,10,57,Central,Small & Medium,311109.1531,452131.7168,353385.3936,21252.1943,276278.5258
2024,10,57,East,Small & Medium,343587.9785,287484.3366,433027.6363,28345.1143,226760.9142
2024,10,57,East,Large,308123.514,492144.6086,395652.3364,31321.217,501139.472
2024,10,57,East,Strategic,275193.0371,390192.0405,528892.9271,29410.5974,411748.3641
2024,10,57,Central,Strategic,616044.1705,708659.2342,547391.1957,27200.6233,516811.8425
2024,10,57,Central,Large,396045.8519,441500.1781,424011.577,24808.1588,322506.065
2024,10,57,Central,Large,350242.5871,384368.4554,788436.8187,30256.4508,363077.4101
2024,10,57,Central,Large,480954.0862,570631.8905,650538.0254,25756.1381,334829.7951
2024,10,57,Central,Large,596551.5285,384784.4666,314665.3465,31513.526,378162.3114
2024,10,57,West,Strategic,476202.741,537009.3611,690796.2153,33247.8789,565213.9414
2024,10,57,East,Large,446610.1932,335004.3082,481509.5447,25828.1577,258281.5769
2024,10,57,Central,Small & Medium,478861.4255,516848.1837,428212.4,39058.02,507754.2597
2024,10,57,Central,Small & Medium,301716.5375,519088.8276,381278.2875,34930.7249,768475.9473
2024,10,57,East,Small & Medium,409421.9592,688403.9844,429036.3453,29410.3292,294103.2917
2024,10,57,Central,Strategic,318515.4497,388640.9911,302178.2523,29021.1625,464338.5998
2024,10,57,Central,Large,454705.0164,443786.4233,393552.7931,31914.9123,446808.7725
2024,10,57,Central,Small & Medium,617686.0604,619250.7409,353398.4662,32179.2101,547046.5716
2024,10,57,Central,Small & Medium,561093.5578,402416.6373,399354.5112,37313.5587,522389.8217
2024,10,57,Central,Strategic,442798.3746,356862.7176,597159.3737,27823.6131,445177.8095
2024,10,57,Central,Large,593874.7386,602720.0498,316120.7893,29055.1645,522992.9604
2024,10,57,East,Small & Medium,422842.3105,419826.5785,664278.7157,26919.6859,296116.5453
2024,10,57,East,Large,385856.5298,506822.6366,520788.1953,26997.9131,539958.261
2024,10,57,Central,Strategic,357228.8915,494244.9254,426735.5719,32824.6336,426720.2368
2024,10,57,East,Strategic,326283.6753,437557.4722,359141.9086,30140.9002,452113.5028
2024,10,57,East,Small & Medium,484593.8652,524611.5657,664787.677,34167.1883,717510.9539
2024,10,57,East,Large,589471.838,671515.068,323996.9946,30969.2809,619385.6185
2024,10,57,Central,Strategic,582576.8914,599626.8615,418651.125,28337.2561,283372.561
2024,10,57,East,Large,352320.2987,666657.3723,252704.711,28994.0786,753846.0435
2024,10,57,East,Small & Medium,468000.7476,289390.6066,336760.8043,24321.7566,486435.132
2024,10,57,Central,Strategic,503274.9505,229833.1301,427491.3806,33403.483,467648.7625
2024,10,57,West,Large,467846.0047,511540.5223,269179.2526,31829.756,572935.6087
2024,10,57,East,Strategic,444625.4677,385574.7509,242201.4004,29547.7948,561408.1005
2024,10,57,West,Strategic,287640.3538,369642.4481,320705.7748,35184.0356,703680.7118
2024,10,57,West,Small & Medium,525547.7052,324603.5294,451341.9356,31264.07,500225.1203
2024,10,57,West,Large,349463.6171,566853.3567,394657.6318,31432.9352,408628.1578
2024,10,57,East,Small & Medium,310091.9506,546519.4908,477887.3971,28904.4238,520279.629
2024,10,57,East,Large,582899.3231,539194.0189,520324.5403,33428.1465,635134.7837
2024,10,57,Central,Large,714185.4707,248201.3459,255450.4791,26750.1298,535002.5959
2024,10,57,East,Large,658890.0322,216641.2231,523896.7315,26431.2001,422899.2015
2024,10,57,East,Strategic,768898.1065,353016.7611,282040.9672,35433.5505,814971.6626
2024,10,57,East,Strategic,361516.795,353582.2481,620414.2081,30772.548,492360.7684
2024,10,57,East,Large,426162.6853,387352.6427,575830.5947,31788.4462,540403.5855
2024,10,57,Central,Small & Medium,532945.0519,630437.4338,471375.3179,28929.0987,318220.0853
2024,10,57,Central,Small & Medium,281596.5298,446442.5076,399967.921,27827.2769,584372.8147
2024,10,57,East,Strategic,569753.6145,473399.2897,554219.6092,27502.3234,522544.145
2024,10,57,East,Large,265130.0048,296211.806,527925.3732,29665.5758,474649.2123
2024,10,57,East,Large,324184.883,179891.0034,420695.9109,31505.6005,441078.4066
2024,10,57,East,Strategic,684940.2468,488460.3727,492255.115,38479.0231,538706.3231
2024,10,57,Central,Strategic,646228.9998,407956.0857,272592.3671,28366.8694,397136.171
2024,10,57,Central,Large,356809.7148,513249.5511,703909.68,31587.0692,600154.3141
2024,10,57,West,Large,468133.7586,415507.622,396157.896,27986.2708,503752.8742
2024,10,57,Central,Large,705483.3281,473289.7364,418628.4172,23382.0208,210438.1869
2024,10,57,East,Small & Medium,237199.7974,486666.254,354231.2322,26693.2024,240238.8217
2024,10,57,West,Large,772518.7795,498638.8756,533191.5189,30186.3773,482982.0367
2024,10,57,West,Strategic,374179.004,298243.4218,453603.8271,30915.0162,587385.3085
2024,10,57,Central,Strategic,541794.9661,451819.6503,577393.7184,25584.5004,255845.0042
2024,10,57,Central,Strategic,287389.2872,396249.9369,629246.2752,28014.3075,448228.9206
2024,10,57,Central,Strategic,636565.0059,420593.191,527995.4487,27751.2877,416269.3162
2024,10,57,Central,Strategic,498965.8243,353244.8462,393706.2089,29372.7916,352473.4991
2024,10,57,Central,Strategic,249662.7122,248109.961,341372.0249,27304.6248,300350.8732
2024,10,57,East,Strategic,503923.9736,607189.0547,302191.5815,29154.6139,495628.4365
2024,10,57,Central,Small & Medium,649754.3614,364286.8026,403349.5369,30000.7431,450011.1463
2024,10,57,West,Strategic,338894.5675,468593.6107,416026.5622,26654.3542,373160.9581
2024,10,57,East,Small & Medium,286301.9441,509373.6223,683266.06,34081.1872,238568.3104
2024,10,57,Central,Small & Medium,316068.8854,560246.5567,526978.503,31577.7145,536821.1466
2024,10,57,East,Strategic,113402.5192,371373.6002,437678.2099,31996.4624,287968.1617
2024,10,57,West,Small & Medium,567564.7023,330542.1673,497969.7996,29699.8452,504897.3691
2024,10,57,Central,Strategic,359981.8999,436304.009,372725.7091,30658.8165,306588.1645
2024,10,57,East,Strategic,440308.2127,648823.9593,444155.2876,32010.3377,416134.3906
2024,10,57,East,Strategic,545084.16,404749.8511,302240.9669,29049.8876,435748.3141
2024,10,57,Central,Large,664879.1382,575462.8896,428338.9302,33762.6077,641489.5455
2024,10,57,East,Strategic,516775.95,382418.7201,359606.013,16302.406,130419.2478
2024,10,57,East,Small & Medium,305555.1258,397592.8224,373754.4716,31285.0742,656986.5588
2024,10,57,East,Strategic,420657.2292,294106.622,335414.5516,29343.3159,557523.0018
2024,10,57,Central,Strategic,427931.4387,210798.3875,362854.5766,28226.3349,423395.0241
2024,10,57,East,Strategic,475988.5249,409991.441,371494.2526,26955.5797,350422.5364
2024,10,57,West,Large,499782.2279,426616.4367,626658.0482,33538.3555,871997.243
2024,10,57,West,Large,681921.0937,442195.4177,470906.9569,29147.577,524656.3863
2024,10,57,East,Large,303930.1088,645731.9751,715179.2765,31772.2586,413039.3619
2024,10,57,East,Strategic,355731.2552,317372.6037,497851.4014,33200.6209,332006.209
2024,10,57,Central,Small & Medium,511297.7598,321399.6044,450768.9229,32455.8228,519293.1648
2024,10,57,West,Small & Medium,177074.327,398965.349,801046.032,29000.2569,493004.3675
2024,10,57,Central,Small & Medium,428687.5621,302300.5115,271014.9472,31693.3054,285239.7485
2024,10,57,Central,Strategic,269258.6547,445618.8555,443968.6531,28007.8956,616173.703
2024,10,57,East,Large,515525.566,597963.8116,592772.8358,28893.5711,520084.2798
2024,10,57,West,Large,619955.7136,334663.5127,477565.1621,34169.8365,444207.875
2024,10,57,West,Strategic,592156.9047,403869.7825,448577.6104,35008.6392,735181.4237
2024,10,57,West,Strategic,319195.5996,565070.8138,243533.6873,28637.5174,458200.2791
2024,10,57,West,Large,384938.478,547307.8293,455103.4185,30229.0434,574351.8242
2024,10,57,West,Strategic,360513.0479,346629.9119,487664.7903,28606.527,228852.2161
2024,10,57,East,Strategic,581490.8232,282081.4399,555278.2566,31015.4709,651324.8899
2024,10,57,East,Strategic,238888.2339,287440.9599,482708.0107,31322.891,595134.929
2024,10,57,East,Large,495535.7366,531013.4238,723855.6351,29108.2055,523947.6991
2024,10,57,East,Strategic,544084.8324,434748.0656,523356.4967,35041.5655,245290.9583
2024,10,57,West,Large,419958.3294,242134.1304,486155.7001,34822.4392,417869.2698
2024,10,57,East,Strategic,431150.8562,519851.7999,486464.0915,28182.8529,281828.5286
2024,10,57,East,Strategic,529944.1647,554070.6964,329190.7672,30268.3609,696172.3016
2024,10,57,East,Strategic,389334.0333,726118.7988,391147.5525,28933.6069,578672.1375
2024,10,57,East,Strategic,639608.0581,366749.3126,331759.666,28317.0945,453073.5126
2024,10,57,East,Strategic,496549.8945,430388.1842,344189.5019,31219.5535,343415.0886
2024,10,57,West,Large,491702.416,253887.2141,556462.9742,26897.3959,295871.3548
2024,10,57,East,Large,427370.0129,386686.1179,503607.6758,36608.8285,439305.9424
2024,10,57,East,Large,594795.6752,441181.6017,498603.5697,23591.6739,141550.0435
2024,10,57,East,Strategic,416857.4149,666405.0911,531867.7423,32441.8106,616394.401
2024,10,57,East,Large,510777.1447,479476.3617,394208.0206,29451.3682,647930.1011
2024,10,57,East,Large,380404.9632,459581.8867,384620.2345,31868.0728,478021.0913
2024,10,57,Central,Small & Medium,365193.07,452219.1171,521147.5356,32039.539,480593.0844
2024,10,57,West,Large,895988.6782,512064.4019,365024.119,34025.9317,510388.975
2024,10,57,Central,Large,667756.9434,464503.3822,600736.6422,29996.3371,389952.3823
2024,10,57,East,Strategic,317872.5434,544053.5031,333210.9222,30244.5371,362934.4456
2024,10,57,West,Strategic,320264.136,564299.737,443984.7736,31546.5048,662476.6011
2024,10,57,Central,Strategic,248391.5168,464884.9156,521051.2703,26276.0402,499244.7633
2024,10,57,Central,Small & Medium,386440.7443,335001.1807,464352.867,36339.1956,617766.3245
2024,10,57,Central,Strategic,506417.6997,832767.1059,417496.8306,30909.3286,370911.9432
2024,10,57,West,Strategic,303809.6059,582377.4344,458944.9694,29464.4851,383038.3067
2024,10,57,East,Strategic,503771.6076,468822.4784,437644.1611,30108.2926,541949.2667
2024,10,57,Central,Strategic,519056.3595,491067.5484,415032.1195,31836.3523,541217.9891
2024,10,57,West,Large,650257.4904,431889.242,304487.8197,33375.4068,333754.0681
2024,10,57,East,Strategic,409777.3889,469169.8443,633345.5411,31901.2573,319012.5729
2024,10,57,Central,Large,440880.0064,575089.0104,366991.4418,28872.2958,404212.1415
2024,10,57,West,Small & Medium,620913.3868,537521.4166,341618.8016,27611.1483,303722.6314
2024,10,57,Central,Small & Medium,500064.8818,655161.4462,199940.7563,31752.7286,508043.6579
2024,10,57,Central,Small & Medium,481151.0629,339900.1087,480119.4414,35261.6075,528924.1123
2024,10,57,East,Large,838303.1279,574910.3041,570114.643,30422.9015,395497.7195
2024,10,57,East,Large,419230.8455,524815.3916,435538.4673,34089.5361,681790.7223
2024,10,57,East,Large,362384.0526,352069.8054,542651.1655,31457.0536,534769.9111
2024,10,57,East,Strategic,430656.8699,277632.916,289552.3787,27079.3941,297873.3356
2024,10,57,West,Large,391981.9714,372818.8005,387365.5919,34983.5314,664687.097
2024,10,57,Central,Large,253142.2197,402168.8576,417581.1418,31932.727,734452.7216
2024,10,57,East,Strategic,580307.9153,371439.2552,385297.507,32232.6573,515722.5164
2024,10,57,West,Large,517850.1617,394858.9087,605568.4704,34987.5537,944663.9487
2024,10,57,West,Strategic,483912.4485,569180.4352,354540.0233,30826.8646,554883.5627
2024,10,57,East,Strategic,617985.9131,508816.9779,465739.3248,29536.7457,295367.4569
2024,10,57,East,Strategic,312994.1509,235770.1161,244554.179,27611.0526,248499.4731
2024,10,57,Central,Strategic,270073.6707,462040.0769,524334.4544,25883.2046,465897.6832
2024,10,57,East,Large,483221.523,542635.2639,444095.2363,30355.0246,303550.2457
2024,10,57,East,Large,450231.4554,686701.9848,376682.1075,26748.8907,454731.1422
2024,10,57,East,Large,424400.2633,320495.2471,526881.7724,23727.697,308460.0605
2024,10,57,East,Strategic,416721.3145,393227.7953,529320.8837,29608.948,414525.2721
2024,10,57,East,Strategic,558896.7383,434270.0331,456495.4601,29983.2444,269849.1997
2024,10,57,East,Large,396265.2514,504013.9905,394318.0972,30218.846,483501.5356
2024,10,57,East,Strategic,365612.2057,562072.4344,393386.3608,33465.8261,334658.2614
2024,10,57,East,Small & Medium,425762.0852,424969.5704,152095.0516,29779.9097,357358.916
2024,10,57,West,Strategic,370296.62,360303.5647,468533.5613,30025.3314,330278.6449
2024,10,57,West,Small & Medium,529735.0561,502550.9569,631244.1706,28419.1996,312611.1957
2024,10,57,East,Small & Medium,369570.8768,371216.6908,463530.8275,31790.5937,508649.4994
2024,10,57,East,Strategic,483193.8087,367138.734,516557.684,27734.6252,443754.0029
2024,10,57,East,Small & Medium,239894.2763,92987.3139,525468.3567,30832.9119,647491.1492
2024,10,57,East,Small & Medium,703851.5627,352325.1169,523325.753,27114.3539,379600.9544
2024,10,57,East,Small & Medium,536274.5074,446345.2711,663048.0961,33807.4457,439496.7944
2024,10,57,East,Large,652139.1198,447421.213,452623.458,26317.8261,184224.7825
2024,10,57,Central,Small & Medium,462850.4775,386726.622,249143.4917,32810.4757,656209.5133
2024,10,57,Central,Strategic,513876.6452,427310.5172,264006.3669,30315.6072,485049.7157
2024,10,57,Central,Large,585487.8891,360749.2546,512403.1773,27104.0587,298144.6457
2024,10,57,West,Large,337013.7583,510237.0562,324579.9588,31199.6516,374395.8189
2024,10,57,Central,Strategic,431027.5079,526104.6307,755520.783,31992.5922,447896.2901
2024,10,57,Central,Strategic,441854.466,391335.7866,551215.676,37938.3174,341444.8565
2024,10,57,East,Large,239545.3184,422525.393,325561.7302,32460.855,421991.1147
2024,10,57,Central,Small & Medium,488263.3407,443290.8153,394289.3335,25742.2089,463359.761
2024,10,57,West,Large,274031.8269,673343.2609,774680.3316,31069.7873,434977.0215
2024,10,57,West,Large,349640.7565,647979.7962,668070.174,29761.3633,624988.6298
2024,10,57,East,Strategic,450013.4173,300494.1944,409156.7648,25895.9321,595606.4387
2024,10,57,East,Strategic,387377.1821,259306.7537,660814.6233,29298.0777,292980.7771
2024,10,57,East,Large,334734.7531,461105.8018,604237.6976,32801.8917,656037.8348
2024,10,57,West,Small & Medium,509494.7709,451637.3463,584776.0438,32025.8494,512413.5896
2024,10,57,Central,Small & Medium,445567.0752,360805.506,219003.6337,32663.6575,293972.9171
2024,10,57,West,Large,500286.957,350515.5017,536079.8502,36826.2076,773350.3592
2024,10,57,West,Large,404150.5121,339308.764,234486.9441,25573.7669,409180.2699
2024,10,57,West,Small & Medium,302883.1026,573591.3193,473778.5765,28357.5394,453720.6297
2024,10,57,Central,Small & Medium,540207.1665,425536.4672,539874.0951,34511.9244,310607.3198
2024,10,57,East,Small & Medium,192161.7778,528468.6738,381047.3201,36132.9002,686525.1033
2024,10,57,West,Strategic,548615.8017,353184.7842,358839.1112,29230.8205,321539.0259
2024,10,57,West,Small & Medium,356351.3888,302367.3065,442042.329,36506.9581,547604.371
2024,10,57,West,Small & Medium,479687.8221,512626.2413,490866.3258,34265.8273,342658.2726
2024,10,57,East,Large,436785.6175,687953.3132,504382.2674,26304.0323,447168.5498
2024,10,57,Central,Small & Medium,493544.7925,317775.7051,327988.4862,28613.4258,600881.9409
2024,10,57,West,Small & Medium,693600.1782,329555.1574,340532.0704,27916.5511,251248.9597
2024,10,57,East,Small & Medium,667045.0432,426304.0138,364439.1841,31560.9713,504975.5408
2024,10,57,West,Strategic,581664.7689,457889.2751,408067.6167,27972.286,335667.4321
2024,10,57,East,Strategic,486021.2468,419118.8343,677847.664,34527.0192,379797.2111
2024,10,57,Central,Large,447436.5135,366825.4066,380678.2085,24273.4485,218461.0363
2024,10,57,East,Large,386893.4331,218428.3777,402322.9568,28660.7731,601876.2353
2024,10,57,West,Large,389030.1201,395473.6363,400731.7174,30546.8313,427655.6376
2024,10,57,West,Strategic,260225.4662,428853.1535,423764.3089,28227.7574,423416.3606
2024,10,57,East,Strategic,490127.9909,272395.9465,500167.6547,27595.2332,331142.7989
2024,10,57,East,Large,473902.5036,227725.3422,750462.4444,29074.6782,261672.1035
2024,10,57,Central,Strategic,404802.631,487181.7726,578330.648,32298.4123,484476.1851
2024,10,57,Central,Small & Medium,330022.9467,582830.1575,358852.0105,32879.2847,558947.8394
2024,10,57,Central,Strategic,329082.1036,233552.1686,593081.8971,28442.6756,341312.1068
2024,10,57,West,Small & Medium,511481.3026,325216.6326,636055.2412,27916.4909,502496.8365
2024,10,57,East,Large,431485.5448,469956.2655,450494.3126,31847.3076,286625.7682
2024,10,57,East,Strategic,230784.167,266787.8211,151284.5668,30716.2028,215013.4194
2024,10,57,Central,Strategic,437362.6057,384557.5765,310308.9221,30360.1312,455401.9673
2024,10,57,East,Large,459483.1417,205112.168,503470.5053,31100.6941,342107.6356
2024,10,57,Central,Large,378006.5532,187882.6536,258382.0335,31661.9652,601577.3381
2024,10,57,West,Large,206305.7984,748188.0269,601883.6947,34744.1594,555906.5502
2024,10,57,West,Small & Medium,553224.8437,209292.1234,579889.4126,30554.8446,366658.1347
2024,10,57,East,Strategic,404635.6191,580193.8223,358112.8154,31992.3187,575861.736
2024,10,57,Central,Strategic,431450.9595,461420.0777,645492.7909,35247.948,704958.9604
2024,10,57,East,Strategic,550812.71,580888.4377,441095.0633,31737.3308,539534.6228
2024,10,57,Central,Small & Medium,458925.5442,408856.7336,449174.9484,26233.8602,288572.462
2024,10,57,West,Strategic,718962.7875,278878.1369,505223.9082,30686.7021,460300.5313
2024,10,57,Central,Small & Medium,421573.2742,363737.5726,334096.5743,28439.6795,398155.5132
2024,10,57,Central,Small & Medium,327942.7525,664214.9407,562143.4132,27212.2223,353758.8894
2024,10,57,West,Large,621925.9813,904579.855,654531.321,32113.3184,706493.0038
2024,10,57,East,Small & Medium,354956.601,376715.7689,667743.7672,36459.3563,510430.9878
2024,10,57,Central,Large,389125.3679,415373.9774,552767.717,29807.5201,298075.2008
2024,10,57,West,Strategic,411429.3603,399018.4836,445125.1996,28475.6507,341707.8082
2024,10,57,East,Strategic,310522.3533,404157.3019,426541.6846,32485.1798,617218.4156
2024,10,57,Central,Strategic,294166.1347,412395.0958,325745.9232,28693.7598,373018.8775
2024,10,57,Central,Strategic,260769.9292,327388.4314,379552.4471,29111.9159,436678.7388
2024,10,57,East,Strategic,442854.9763,332303.1379,544355.2362,31125.1059,653627.2249
2024,10,57,Central,Large,356592.7481,479764.3618,351277.6991,30108.1701,451622.5511
2024,10,57,Central,Strategic,436335.4209,333683.8558,300069.6405,30604.6377,489674.2039
2024,10,57,West,Small & Medium,227716.9715,590430.1146,289009.5696,33885.1505,542162.408
2024,10,57,Central,Large,631295.8821,245246.2816,393371.5388,37428.2247,336854.022
2024,10,57,East,Strategic,569108.0058,213475.9617,569716.0326,34015.7836,408189.4027
2024,10,57,Central,Large,373082.6168,380139.0724,552737.9457,31181.1732,779529.3309
2024,10,57,East,Strategic,646780.0268,254146.8737,386867.4593,32857.4422,427146.7491
2024,10,57,Central,Large,479184.7678,619757.1356,489148.9318,32645.0292,326450.2921
2024,10,57,Central,Large,450836.8834,649700.6712,416427.3319,33573.3751,570747.3771
2024,10,57,Central,Strategic,380166.2407,371262.7055,615447.0037,30526.448,518949.6161
2024,10,57,Central,Strategic,467862.8473,297587.5514,542084.7584,29755.5906,386822.6772
2024,10,57,West,Small & Medium,598392.983,300309.3702,399957.498,30351.9445,333871.3899
2024,10,57,Central,Strategic,539674.2519,291715.9715,512463.8952,27637.1612,442194.5798
2024,10,57,Central,Small & Medium,436588.1545,431820.2223,279664.5331,27137.3271,434197.234
2024,10,57,East,Strategic,388421.338,433530.8541,335803.4895,26878.1934,456929.288
2024,10,57,East,Strategic,446343.6953,617377.9724,353061.1863,28588.0039,257292.0353
2024,10,57,Central,Strategic,610403.1078,626515.6928,570941.3775,33975.1481,373726.6296
2024,10,57,Central,Large,505608.9784,353007.018,449440.5045,25377.8104,431422.776
2024,10,57,West,Large,600186.1196,550158.0021,738944.3718,35255.0558,493570.7812
2024,10,57,Central,Large,443861.1864,432223.8722,284279.8708,29548.1963,531867.5339
2024,10,57,Central,Large,401150.0757,517506.1978,515509.4202,36854.8066,405402.8721
2024,10,57,Central,Strategic,561360.1111,671223.6621,539698.1864,29513.2015,472211.2247
2024,10,57,Central,Small & Medium,263710.7683,547318.431,420817.214,30170.3303,482725.2848
2024,10,57,East,Large,447260.3152,499240.8908,519835.6136,32346.7299,452854.2182
2024,10,57,East,Large,352133.2975,471949.5216,533069.0025,26492.8646,582843.0208
2024,10,57,Central,Large,509875.3036,507736.1089,372229.0903,29362.8209,675344.8797
2024,10,57,East,Strategic,238622.2122,316953.7871,313188.8081,32262.3462,451672.8473
2024,10,57,Central,Strategic,401246.6543,374432.5776,610815.392,33542.263,637302.9969
2024,10,57,Central,Large,463193.4624,300620.2423,432714.1475,25638.8794,333305.432
2024,10,57,East,Strategic,469354.6928,330485.8214,665236.8688,35196.4563,492750.3883
2024,10,57,Central,Strategic,600207.3339,359642.3681,472077.3898,32592.2705,684437.6809
2024,10,57,Central,Large,537277.1033,322912.4065,665900.5361,27691.1816,470750.0876
2024,10,57,Central,Small & Medium,261071.1925,414815.9057,343793.8115,32101.2486,385214.9832
2024,10,57,Central,Large,571129.8649,185671.1223,354374.7748,30444.298,578441.6614
2024,10,57,Central,Large,744008.4837,492330.8521,480063.2356,27483.642,274836.4202
2024,10,57,Central,Large,447837.732,527819.6215,406896.9995,30824.2172,400714.8232
2024,10,57,Central,Small & Medium,586614.004,226772.6588,239666.3211,33011.8258,495177.387
2024,10,57,West,Large,321572.2834,386814.571,641276.7233,33172.1618,497582.4263
2024,10,57,Central,Large,520644.8876,426725.7982,469500.41,31907.056,478605.8403
2024,10,57,Central,Strategic,539627.1758,567044.1953,211052.4387,28179.5534,253615.9808
2024,10,57,Central,Strategic,340603.2082,358172.8613,437440.592,31879.795,478196.9251
2024,10,57,East,Strategic,347864.9052,330465.8557,844424.8521,30604.7043,520279.973
2024,10,57,East,Small & Medium,309541.528,356681.6122,320029.2664,32430.5539,583749.9708
2024,10,57,Central,Strategic,497995.5501,633276.5258,353699.4998,32185.1067,418406.3872
2024,10,57,Central,Strategic,278878.5205,406143.406,427685.8147,32486.7302,389840.7619
2024,10,57,East,Small & Medium,237782.763,519150.5365,613479.5246,34922.2323,419066.7874
2024,10,57,Central,Small & Medium,630038.8618,219045.7007,545866.7831,32155.7754,514492.406
2024,10,57,East,Large,305956.0513,545947.1077,230782.2654,31983.6505,447771.1073
2024,10,57,East,Small & Medium,510779.9648,396857.5557,387304.8378,28355.7402,510403.3228
2024,10,57,East,Small & Medium,445681.4288,365622.8557,477347.946,33649.3879,538390.2065
2024,11,58,Central,Strategic,259322.0048,283986.7431,193298.7597,33643.2777,201859.6662
2024,11,58,East,Strategic,347372.2556,347560.4546,602420.825,29710.7747,564504.7184
2024,11,58,Central,Strategic,358630.1464,573278.8109,394592.4444,26401.5271,422424.4329
2024,11,58,West,Large,575403.6713,594147.1503,305553.9242,25587.519,511750.3804
2024,11,58,Central,Large,501877.8463,331666.2454,471341.955,28669.6261,458714.0183
2024,11,58,West,Strategic,373214.075,542191.9585,450694.7638,26438.9253,396583.8795
2024,11,58,East,Large,374865.4933,372811.9615,304415.0397,28755.0045,373815.0586
2024,11,58,East,Large,394695.0227,432043.675,475822.3135,37449.8545,561747.8182
2024,11,58,East,Small & Medium,526154.5932,431869.9615,458277.8651,28978.3747,463653.9955
2024,11,58,West,Strategic,377219.1789,495562.8513,435182.8614,26957.3451,458274.8675
2024,11,58,Central,Strategic,535219.6389,403259.6237,330653.4127,26256.9139,183798.3971
2024,11,58,Central,Strategic,420877.2321,396564.8053,550711.7101,29658.2609,355899.131
2024,11,58,East,Strategic,513294.964,561255.4403,288994.7022,29688.1865,415634.6107
2024,11,58,West,Strategic,622980.6305,475828.0272,501932.8354,33271.5753,399258.904
2024,11,58,West,Large,445452.1626,369594.9274,561592.8184,31130.5338,529219.075
2024,11,58,East,Strategic,333335.5925,440817.9564,336697.1696,30700.0267,460500.4011
2024,11,58,West,Strategic,720400.6282,574343.0792,389235.0702,26925.2437,430803.8986
2024,11,58,West,Strategic,465133.6016,530287.0514,585582.2755,29747.4909,535454.8365
2024,11,58,West,Large,539017.0471,435847.1023,367791.5308,27095.3106,433524.9694
2024,11,58,East,Large,530123.5685,323099.5921,334298.8044,31844.8062,350292.868
2024,11,58,East,Strategic,688925.5309,547125.4641,443286.0206,32041.9796,544713.6528
2024,11,58,East,Small & Medium,392142.8238,347609.4606,506362.9073,35427.7489,531416.2333
2024,11,58,West,Small & Medium,571319.3745,471739.8433,307853.8143,32213.2627,579838.7282
2024,11,58,West,Strategic,493229.1435,580676.5108,375070.4107,29249.1741,614232.6554
2024,11,58,West,Large,316467.5318,579896.1619,449121.8684,34916.4977,768162.9504
2024,11,58,East,Small & Medium,384386.9224,411242.7217,264166.0609,25642.2588,358991.6232
2024,11,58,East,Strategic,457593.3094,560990.7643,456676.1964,27699.9293,249299.3635
2024,11,58,East,Small & Medium,314173.7423,342670.9359,540229.5063,31853.1949,541504.3126
2024,11,58,West,Small & Medium,294859.1406,408876.8197,358567.5167,26577.301,318927.6125
2024,11,58,Central,Large,577555.4092,483171.8285,444510.5675,31161.7275,436264.1845
2024,11,58,West,Large,300082.663,388293.0724,410746.7898,30283.6936,514822.7914
2024,11,58,Central,Small & Medium,416597.9642,364458.4794,664736.8075,29686.4775,474983.6392
2024,11,58,West,Strategic,717956.2177,555122.1818,307549.6295,33282.9653,565810.4098
2024,11,58,East,Small & Medium,378508.5762,576719.9625,523072.877,33538.1054,670762.1076
2024,11,58,Central,Large,334301.4609,435092.5361,742041.4953,34804.6775,522070.1625
2024,11,58,East,Small & Medium,473746.6158,494752.3996,598490.2622,28245.9675,338951.6096
2024,11,58,East,Small & Medium,534609.2223,373065.9918,178530.1644,26474.2713,344165.5267
2024,11,58,East,Small & Medium,385790.5532,562421.373,449016.1894,30995.1167,464926.7505
2024,11,58,East,Small & Medium,366369.2288,481925.3127,323673.7827,32127.446,481911.6907
2024,11,58,East,Small & Medium,484848.6162,643175.8503,485358.3413,29687.3979,474998.3665
2024,11,58,West,Small & Medium,645394.3057,383684.627,387307.3955,22540.1593,202861.4338
2024,11,58,East,Small & Medium,353125.5288,436542.2698,385550.4941,37148.0325,668664.585
2024,11,58,East,Small & Medium,411626.5603,487965.7506,724068.9614,34700.575,347005.7497
2024,11,58,East,Small & Medium,663926.2224,365115.4287,653998.0844,33191.1181,531057.89
2024,11,58,East,Large,657484.63,697402.6689,463548.9352,31150.8353,404960.8587
2024,11,58,East,Strategic,315646.9135,385076.2185,402036.0921,30311.6225,636544.0729
2024,11,58,East,Strategic,431045.337,600768.0759,449185.7015,33805.8562,371864.4178
2024,11,58,East,Strategic,672479.7123,528000.0894,427537.0738,26558.41,265584.1003
2024,11,58,East,Small & Medium,377082.5847,302560.0602,603904.4682,35583.806,427005.6722
2024,11,58,East,Small & Medium,494776.5037,579174.9441,290905.6645,29420.9048,470734.477
2024,11,58,East,Small & Medium,394901.2653,541921.2724,481435.6129,26247.5913,341218.6873
2024,11,58,East,Small & Medium,472799.9135,518109.2882,595075.8621,34195.6767,649717.8581
2024,11,58,East,Small & Medium,514662.3994,386464.3946,535651.9295,31120.71,404569.2299
2024,11,58,East,Small & Medium,280625.6719,212688.6472,561447.424,24859.6123,397753.7964
2024,11,58,East,Small & Medium,331056.3652,519114.2664,263139.3098,32680.4862,686290.2101
2024,11,58,East,Small & Medium,477159.4191,697027.0169,920341.1117,29797.5024,268177.5215
2024,11,58,East,Small & Medium,399590.2553,257624.0348,636279.5105,30157.4672,693621.7463
2024,11,58,East,Small & Medium,394846.1904,300773.1634,534030.4712,29938.1938,628702.0698
2024,11,58,Central,Small & Medium,461963.5464,388764.8086,292795.6164,31978.1519,383737.8232
2024,11,58,East,Small & Medium,378632.8349,493389.9729,440216.9875,28712.4387,602961.212
2024,11,58,Central,Small & Medium,296488.4571,422717.4314,309739.7856,27098.7506,433580.0103
2024,11,58,East,Small & Medium,625911.7585,455647.6576,303403.4349,31310.4879,563588.7813
2024,11,58,Central,Small & Medium,592784.6666,419685.0644,334671.8562,28597.1734,343166.0807
2024,11,58,East,Large,427437.042,655416.076,316981.498,34193.4012,683868.0237
2024,11,58,East,Strategic,282453.2027,384331.381,458784.2098,27009.4975,405142.463
2024,11,58,Central,Strategic,401464.0581,576440.3244,372510.8508,32305.2323,1001462.2004
2024,11,58,West,Large,560221.225,221905.8673,464797.9848,31504.8533,598592.2128
2024,11,58,East,Large,700592.0111,447875.7947,634790.6673,32794.4959,426328.4466
2024,11,58,Central,Small & Medium,452457.3975,514180.771,417412.0387,24817.9203,297815.0434
2024,11,58,West,Large,640663.5405,540397.4619,331629.6964,35657.4766,499204.6725
2024,11,58,Central,Small & Medium,314522.7513,493001.6018,431687.0648,29364.6186,469833.8978
2024,11,58,Central,Small & Medium,500450.3467,607896.8464,484033.808,27589.3536,469019.0105
2024,11,58,East,Strategic,679969.361,406435.5451,528819.9718,31077.2587,310772.5873
2024,11,58,West,Small & Medium,502618.9996,415380.5807,345575.3654,27648.6162,470026.4748
2024,11,58,Central,Small & Medium,502951.8097,280105.4409,341816.3144,29277.5261,409885.3647
2024,11,58,West,Strategic,273147.2058,450962.3037,586679.4547,23818.3997,333457.5953
2024,11,58,West,Strategic,425146.3686,496395.1484,390892.3573,29595.5311,325550.8426
2024,11,58,Central,Small & Medium,600330.2464,343991.9918,404883.0651,27911.6589,446586.5431
2024,11,58,East,Strategic,534707.4408,402422.8431,523443.6481,28327.0439,623194.9653
2024,11,58,East,Large,702194.3593,544933.3729,412251.9684,28624.6871,658367.8033
2024,11,58,East,Small & Medium,677621.9838,548122.1156,809092.9271,28753.9903,431309.8551
2024,11,58,East,Small & Medium,434934.4318,307586.8229,439491.2733,22389.6236,291065.1071
2024,11,58,Central,Large,387997.0804,401133.058,393239.8021,30228.9994,483663.9909
2024,11,58,West,Large,575802.7833,542625.3143,558239.4737,33876.9926,813047.8224
2024,11,58,West,Large,508019.5832,672800.1573,395608.9336,33901.884,508528.2605
2024,11,58,Central,Strategic,540675.1119,532238.6214,507750.2165,30468.1969,548427.5445
2024,11,58,East,Strategic,287773.5749,388882.8741,500399.9836,31761.7157,444664.0191
2024,11,58,West,Large,378991.5061,332745.7082,479106.461,30409.972,486559.552
2024,11,58,Central,Large,539247.8636,307849.9315,368849.266,28446.4275,540482.1227
2024,11,58,East,Large,405910.5144,694025.9728,322999.6231,31453.25,471798.7504
2024,11,58,Central,Large,353234.1087,476730.2349,460886.1537,28277.1734,537266.2953
2024,11,58,East,Large,146146.2044,540447.3409,400889.0922,32455.224,714014.928
2024,11,58,Central,Small & Medium,744172.2773,482160.8422,592126.0653,32460.516,519368.2554
2024,11,58,East,Large,284871.3686,432138.9842,434009.0579,35621.6689,605568.3721
2024,11,58,Central,Small & Medium,338194.8184,703868.6392,465427.5136,33323.0524,333230.5239
2024,11,58,Central,Small & Medium,276278.5258,311109.1531,452131.7168,28044.3016,448708.8248
2024,11,58,East,Small & Medium,226760.9142,343587.9785,287484.3366,31102.5605,404333.2867
2024,11,58,East,Large,501139.472,308123.514,492144.6086,30389.6507,547013.7121
2024,11,58,East,Strategic,411748.3641,275193.0371,390192.0405,32258.8171,451623.4394
2024,11,58,Central,Strategic,516811.8425,616044.1705,708659.2342,28117.5075,477997.6276
2024,11,58,Central,Large,322506.065,396045.8519,441500.1781,28856.6505,403993.1067
2024,11,58,Central,Large,363077.4101,350242.5871,384368.4554,32787.9216,360667.1378
2024,11,58,Central,Large,334829.7951,480954.0862,570631.8905,30414.2313,577870.3952
2024,11,58,Central,Large,378162.3114,596551.5285,384784.4666,33476.1232,267808.9858
2024,11,58,West,Strategic,565213.9414,476202.741,537009.3611,32266.7205,484000.8071
2024,11,58,East,Large,258281.5769,446610.1932,335004.3082,30575.3232,550355.8182
2024,11,58,Central,Small & Medium,507754.2597,478861.4255,516848.1837,30691.1439,491058.3023
2024,11,58,Central,Small & Medium,768475.9473,301716.5375,519088.8276,35236.0808,458069.0498
2024,11,58,East,Small & Medium,294103.2917,409421.9592,688403.9844,34573.9375,311165.4371
2024,11,58,Central,Strategic,464338.5998,318515.4497,388640.9911,31764.6218,603527.815
2024,11,58,Central,Large,446808.7725,454705.0164,443786.4233,29425.8181,470813.0889
2024,11,58,Central,Small & Medium,547046.5716,617686.0604,619250.7409,22482.1839,472125.8628
2024,11,58,Central,Small & Medium,522389.8217,561093.5578,402416.6373,26297.8829,368170.3601
2024,11,58,Central,Strategic,445177.8095,442798.3746,356862.7176,27488.5005,302373.505
2024,11,58,Central,Large,522992.9604,593874.7386,602720.0498,32625.934,685144.613
2024,11,58,East,Small & Medium,296116.5453,422842.3105,419826.5785,29284.8984,644267.7653
2024,11,58,East,Large,539958.261,385856.5298,506822.6366,29983.6435,509721.9395
2024,11,58,Central,Strategic,426720.2368,357228.8915,494244.9254,35802.9327,465438.1247
2024,11,58,East,Strategic,452113.5028,326283.6753,437557.4722,27435.5828,576147.2396
2024,11,58,East,Small & Medium,717510.9539,484593.8652,524611.5657,31982.3278,575681.9005
2024,11,58,East,Large,619385.6185,589471.838,671515.068,32559.7238,618634.7518
2024,11,58,Central,Strategic,283372.561,582576.8914,599626.8615,38315.7596,574736.3942
2024,11,58,East,Large,753846.0435,352320.2987,666657.3723,34655.3714,277242.9709
2024,11,58,East,Small & Medium,486435.132,468000.7476,289390.6066,30701.8539,429825.9546
2024,11,58,Central,Strategic,467648.7625,503274.9505,229833.1301,30313.0298,575947.5656
2024,11,58,West,Large,572935.6087,467846.0047,511540.5223,30274.5309,454117.9642
2024,11,58,East,Strategic,561408.1005,444625.4677,385574.7509,20615.5417,288617.5837
2024,11,58,West,Strategic,703680.7118,287640.3538,369642.4481,30648.1337,551666.4074
2024,11,58,West,Small & Medium,500225.1203,525547.7052,324603.5294,30643.2933,551579.2801
2024,11,58,West,Large,408628.1578,349463.6171,566853.3567,31736.7517,380841.0198
2024,11,58,East,Small & Medium,520279.629,310091.9506,546519.4908,27399.5163,493191.2929
2024,11,58,East,Large,635134.7837,582899.3231,539194.0189,31340.1223,407421.5893
2024,11,58,Central,Large,535002.5959,714185.4707,248201.3459,29400.2174,529203.9126
2024,11,58,East,Large,422899.2015,658890.0322,216641.2231,40429.6976,404296.9757
2024,11,58,East,Strategic,814971.6626,768898.1065,353016.7611,32769.6021,524313.6328
2024,11,58,East,Strategic,492360.7684,361516.795,353582.2481,31007.1281,651149.6902
2024,11,58,East,Large,540403.5855,426162.6853,387352.6427,24939.3091,448907.5639
2024,11,58,Central,Small & Medium,318220.0853,532945.0519,630437.4338,36403.8241,436845.889
2024,11,58,Central,Small & Medium,584372.8147,281596.5298,446442.5076,28045.0496,616991.0906
2024,11,58,East,Strategic,522544.145,569753.6145,473399.2897,24202.1858,338830.6007
2024,11,58,East,Large,474649.2123,265130.0048,296211.806,31472.7431,409145.6597
2024,11,58,East,Large,441078.4066,324184.883,179891.0034,24514.7004,269661.7047
2024,11,58,East,Strategic,538706.3231,684940.2468,488460.3727,31045.7124,558822.8229
2024,11,58,Central,Strategic,397136.171,646228.9998,407956.0857,32626.3771,391516.5249
2024,11,58,Central,Large,600154.3141,356809.7148,513249.5511,30905.8992,556306.1864
2024,11,58,West,Large,503752.8742,468133.7586,415507.622,29775.9299,446638.9487
2024,11,58,Central,Large,210438.1869,705483.3281,473289.7364,36125.2658,614129.5194
2024,11,58,East,Small & Medium,240238.8217,237199.7974,486666.254,28344.6201,481858.5417
2024,11,58,West,Large,482982.0367,772518.7795,498638.8756,30843.3046,339276.351
2024,11,58,West,Strategic,587385.3085,374179.004,298243.4218,33969.5459,577482.2809
2024,11,58,Central,Strategic,255845.0042,541794.9661,451819.6503,32009.7395,384116.8737
2024,11,58,Central,Strategic,448228.9206,287389.2872,396249.9369,31085.7564,466286.3456
2024,11,58,Central,Strategic,416269.3162,636565.0059,420593.191,29902.5607,657856.3351
2024,11,58,Central,Strategic,352473.4991,498965.8243,353244.8462,32025.2699,864682.2884
2024,11,58,Central,Strategic,300350.8732,249662.7122,248109.961,28825.7926,461212.6808
2024,11,58,East,Strategic,495628.4365,503923.9736,607189.0547,27382.1103,438113.7643
2024,11,58,Central,Small & Medium,450011.1463,649754.3614,364286.8026,33063.9829,462895.7608
2024,11,58,West,Strategic,373160.9581,338894.5675,468593.6107,35065.2638,280522.1105
2024,11,58,East,Small & Medium,238568.3104,286301.9441,509373.6223,33547.4098,469663.7367
2024,11,58,Central,Small & Medium,536821.1466,316068.8854,560246.5567,26961.9536,485315.1654
2024,11,58,East,Strategic,287968.1617,113402.5192,371373.6002,22405.1889,224051.8894
2024,11,58,West,Small & Medium,504897.3691,567564.7023,330542.1673,29945.202,389287.6264
2024,11,58,Central,Strategic,306588.1645,359981.8999,436304.009,30429.9991,669459.9798
2024,11,58,East,Strategic,416134.3906,440308.2127,648823.9593,30034.647,360415.7645
2024,11,58,East,Strategic,435748.3141,545084.16,404749.8511,26495.7541,344444.803
2024,11,58,Central,Large,641489.5455,664879.1382,575462.8896,28709.407,344512.8844
2024,11,58,East,Strategic,130419.2478,516775.95,382418.7201,27278.8923,381904.4925
2024,11,58,East,Small & Medium,656986.5588,305555.1258,397592.8224,30593.1027,642455.1575
2024,11,58,East,Strategic,557523.0018,420657.2292,294106.622,28709.2266,545475.3059
2024,11,58,Central,Strategic,423395.0241,427931.4387,210798.3875,31178.6977,374144.3723
2024,11,58,East,Strategic,350422.5364,475988.5249,409991.441,31002.4833,217017.383
2024,11,58,West,Large,871997.243,499782.2279,426616.4367,33050.0707,462700.9895
2024,11,58,West,Large,524656.3863,681921.0937,442195.4177,29974.0024,509558.0404
2024,11,58,East,Large,413039.3619,303930.1088,645731.9751,34095.28,818286.7189
2024,11,58,East,Strategic,332006.209,355731.2552,317372.6037,28068.3584,421025.3761
2024,11,58,Central,Small & Medium,519293.1648,511297.7598,321399.6044,33173.0981,563942.6675
2024,11,58,West,Small & Medium,493004.3675,177074.327,398965.349,25585.0441,383775.6612
2024,11,58,Central,Small & Medium,285239.7485,428687.5621,302300.5115,32768.297,524292.7523
2024,11,58,Central,Strategic,616173.703,269258.6547,445618.8555,26564.8858,318778.6301
2024,11,58,East,Large,520084.2798,515525.566,597963.8116,29242.7884,672584.1334
2024,11,58,West,Large,444207.875,619955.7136,334663.5127,29603.5627,592071.2536
2024,11,58,West,Strategic,735181.4237,592156.9047,403869.7825,32158.788,514540.6086
2024,11,58,West,Strategic,458200.2791,319195.5996,565070.8138,27702.3772,387833.2805
2024,11,58,West,Large,574351.8242,384938.478,547307.8293,33039.6221,462554.7095
2024,11,58,West,Strategic,228852.2161,360513.0479,346629.9119,30023.8166,660523.9658
2024,11,58,East,Strategic,651324.8899,581490.8232,282081.4399,33120.4617,695529.6961
2024,11,58,East,Strategic,595134.929,238888.2339,287440.9599,26357.2001,237214.8005
2024,11,58,East,Large,523947.6991,495535.7366,531013.4238,30092.8322,511578.1478
2024,11,58,East,Strategic,245290.9583,544084.8324,434748.0656,30547.7327,336025.0599
2024,11,58,West,Large,417869.2698,419958.3294,242134.1304,26882.0333,645168.7986
2024,11,58,East,Strategic,281828.5286,431150.8562,519851.7999,28624.2227,744229.789
2024,11,58,East,Strategic,696172.3016,529944.1647,554070.6964,27434.6756,329216.1076
2024,11,58,East,Strategic,578672.1375,389334.0333,726118.7988,33592.3876,571070.5891
2024,11,58,East,Strategic,453073.5126,639608.0581,366749.3126,38261.7936,688712.2846
2024,11,58,East,Strategic,343415.0886,496549.8945,430388.1842,29265.8773,409722.2825
2024,11,58,West,Large,295871.3548,491702.416,253887.2141,26263.772,262637.7195
2024,11,58,East,Large,439305.9424,427370.0129,386686.1179,28119.879,337438.5475
2024,11,58,East,Large,141550.0435,594795.6752,441181.6017,30441.4628,547946.33
2024,11,58,East,Strategic,616394.401,416857.4149,666405.0911,27898.7885,390583.0394
2024,11,58,East,Large,647930.1011,510777.1447,479476.3617,29802.135,476834.1597
2024,11,58,East,Large,478021.0913,380404.9632,459581.8867,31567.1052,694476.3141
2024,11,58,Central,Small & Medium,480593.0844,365193.07,452219.1171,30518.1365,305181.3651
2024,11,58,West,Large,510388.975,895988.6782,512064.4019,33117.3538,596112.3676
2024,11,58,Central,Large,389952.3823,667756.9434,464503.3822,31852.9276,254823.4204
2024,11,58,East,Strategic,362934.4456,317872.5434,544053.5031,34251.5449,582276.2625
2024,11,58,West,Strategic,662476.6011,320264.136,564299.737,32252.6609,451537.2527
2024,11,58,Central,Strategic,499244.7633,248391.5168,464884.9156,30281.3865,423939.4112
2024,11,58,Central,Small & Medium,617766.3245,386440.7443,335001.1807,34286.749,411440.9879
2024,11,58,Central,Strategic,370911.9432,506417.6997,832767.1059,28723.839,344686.0677
2024,11,58,West,Strategic,383038.3067,303809.6059,582377.4344,32286.0792,581149.4253
2024,11,58,East,Strategic,541949.2667,503771.6076,468822.4784,31175.0872,436451.2208
2024,11,58,Central,Strategic,541217.9891,519056.3595,491067.5484,29871.4384,418200.1381
2024,11,58,West,Large,333754.0681,650257.4904,431889.242,31374.9148,439248.8069
2024,11,58,East,Strategic,319012.5729,409777.3889,469169.8443,32627.441,424156.7331
2024,11,58,Central,Large,404212.1415,440880.0064,575089.0104,32688.2494,392258.9929
2024,11,58,West,Small & Medium,303722.6314,620913.3868,537521.4166,29016.8219,522302.7938
2024,11,58,Central,Small & Medium,508043.6579,500064.8818,655161.4462,29424.0725,559057.3773
2024,11,58,Central,Small & Medium,528924.1123,481151.0629,339900.1087,33142.9523,563430.1895
2024,11,58,East,Large,395497.7195,838303.1279,574910.3041,29388.937,352667.2436
2024,11,58,East,Large,681790.7223,419230.8455,524815.3916,31861.2041,446056.858
2024,11,58,East,Large,534769.9111,362384.0526,352069.8054,28753.059,373789.7666
2024,11,58,East,Strategic,297873.3356,430656.8699,277632.916,34749.2924,521239.3866
2024,11,58,West,Large,664687.097,391981.9714,372818.8005,28483.504,341802.0482
2024,11,58,Central,Large,734452.7216,253142.2197,402168.8576,34115.5293,477617.4108
2024,11,58,East,Strategic,515722.5164,580307.9153,371439.2552,35054.829,560877.264
2024,11,58,West,Large,944663.9487,517850.1617,394858.9087,29760.863,446412.9453
2024,11,58,West,Strategic,554883.5627,483912.4485,569180.4352,28362.2484,538882.7189
2024,11,58,East,Strategic,295367.4569,617985.9131,508816.9779,29205.0677,496486.1513
2024,11,58,East,Strategic,248499.4731,312994.1509,235770.1161,29069.0811,843003.3528
2024,11,58,Central,Strategic,465897.6832,270073.6707,462040.0769,28491.2753,398877.8541
2024,11,58,East,Large,303550.2457,483221.523,542635.2639,24705.9409,370589.1134
2024,11,58,East,Large,454731.1422,450231.4554,686701.9848,28704.3441,430565.1618
2024,11,58,East,Large,308460.0605,424400.2633,320495.2471,26266.669,420266.7044
2024,11,58,East,Strategic,414525.2721,416721.3145,393227.7953,29493.7154,560380.5926
2024,11,58,East,Strategic,269849.1997,558896.7383,434270.0331,32644.8385,652896.7705
2024,11,58,East,Large,483501.5356,396265.2514,504013.9905,27371.328,328455.9356
2024,11,58,East,Strategic,334658.2614,365612.2057,562072.4344,29393.8471,676058.4826
2024,11,58,East,Small & Medium,357358.916,425762.0852,424969.5704,30448.728,304487.28
2024,11,58,West,Strategic,330278.6449,370296.62,360303.5647,31703.1253,507250.0049
2024,11,58,West,Small & Medium,312611.1957,529735.0561,502550.9569,31803.8023,508860.8361
2024,11,58,East,Small & Medium,508649.4994,369570.8768,371216.6908,35402.8058,531042.0864
2024,11,58,East,Strategic,443754.0029,483193.8087,367138.734,30024.8916,420348.4817
2024,11,58,East,Small & Medium,647491.1492,239894.2763,92987.3139,37781.6396,491161.3142
2024,11,58,East,Small & Medium,379600.9544,703851.5627,352325.1169,28228.971,536350.4491
2024,11,58,East,Small & Medium,439496.7944,536274.5074,446345.2711,27790.955,472446.2354
2024,11,58,East,Large,184224.7825,652139.1198,447421.213,33300.788,432910.244
2024,11,58,Central,Small & Medium,656209.5133,462850.4775,386726.622,34103.0934,545649.4939
2024,11,58,Central,Strategic,485049.7157,513876.6452,427310.5172,31668.2184,475023.2757
2024,11,58,Central,Large,298144.6457,585487.8891,360749.2546,35309.4809,741499.0997
2024,11,58,West,Large,374395.8189,337013.7583,510237.0562,30804.8889,585292.8894
2024,11,58,Central,Strategic,447896.2901,431027.5079,526104.6307,28777.4405,517993.9293
2024,11,58,Central,Strategic,341444.8565,441854.466,391335.7866,32870.8561,427321.1287
2024,11,58,East,Large,421991.1147,239545.3184,422525.393,35734.755,500286.5705
2024,11,58,Central,Small & Medium,463359.761,488263.3407,443290.8153,31256.1296,500098.0737
2024,11,58,West,Large,434977.0215,274031.8269,673343.2609,36242.7819,471156.1649
2024,11,58,West,Large,624988.6298,349640.7565,647979.7962,27522.9807,275229.8067
2024,11,58,East,Strategic,595606.4387,450013.4173,300494.1944,27001.9811,405029.7171
2024,11,58,East,Strategic,292980.7771,387377.1821,259306.7537,36092.707,469205.1913
2024,11,58,East,Large,656037.8348,334734.7531,461105.8018,28888.5471,404439.6592
2024,11,58,West,Small & Medium,512413.5896,509494.7709,451637.3463,30487.508,396337.6037
2024,11,58,Central,Small & Medium,293972.9171,445567.0752,360805.506,31935.8413,670652.667
2024,11,58,West,Large,773350.3592,500286.957,350515.5017,28538.4269,542230.1118
2024,11,58,West,Large,409180.2699,404150.5121,339308.764,31258.2915,562649.2472
2024,11,58,West,Small & Medium,453720.6297,302883.1026,573591.3193,31983.6823,287853.141
2024,11,58,Central,Small & Medium,310607.3198,540207.1665,425536.4672,28460.0297,597660.6227
2024,11,58,East,Small & Medium,686525.1033,192161.7778,528468.6738,32751.5298,655030.5953
2024,11,58,West,Strategic,321539.0259,548615.8017,353184.7842,27096.3775,758698.5699
2024,11,58,West,Small & Medium,547604.371,356351.3888,302367.3065,36654.4277,513161.9873
2024,11,58,West,Small & Medium,342658.2726,479687.8221,512626.2413,27710.4222,609629.288
2024,11,58,East,Large,447168.5498,436785.6175,687953.3132,31880.866,541974.7226
2024,11,58,Central,Small & Medium,600881.9409,493544.7925,317775.7051,27921.6574,614276.4628
2024,11,58,West,Small & Medium,251248.9597,693600.1782,329555.1574,30039.4363,480630.9812
2024,11,58,East,Small & Medium,504975.5408,667045.0432,426304.0138,36809.6502,404906.1524
2024,11,58,West,Strategic,335667.4321,581664.7689,457889.2751,26995.7963,377941.1481
2024,11,58,East,Strategic,379797.2111,486021.2468,419118.8343,24150.5112,313956.6462
2024,11,58,Central,Large,218461.0363,447436.5135,366825.4066,32214.8889,612082.8883
2024,11,58,East,Large,601876.2353,386893.4331,218428.3777,32482.27,552198.59
2024,11,58,West,Large,427655.6376,389030.1201,395473.6363,34183.5381,444385.9955
2024,11,58,West,Strategic,423416.3606,260225.4662,428853.1535,25728.3979,308740.7749
2024,11,58,East,Strategic,331142.7989,490127.9909,272395.9465,35040.8783,525613.1741
2024,11,58,East,Large,261672.1035,473902.5036,227725.3422,26951.4785,269514.7853
2024,11,58,Central,Strategic,484476.1851,404802.631,487181.7726,28852.6885,663611.836
2024,11,58,Central,Small & Medium,558947.8394,330022.9467,582830.1575,29270.7978,468332.7645
2024,11,58,Central,Strategic,341312.1068,329082.1036,233552.1686,27880.0237,557600.4741
2024,11,58,West,Small & Medium,502496.8365,511481.3026,325216.6326,28980.0117,463680.1878
2024,11,58,East,Large,286625.7682,431485.5448,469956.2655,31390.2349,408073.0535
2024,11,58,East,Strategic,215013.4194,230784.167,266787.8211,23911.279,95645.1159
2024,11,58,Central,Strategic,455401.9673,437362.6057,384557.5765,27927.3226,390982.5163
2024,11,58,East,Large,342107.6356,459483.1417,205112.168,35000.9246,560014.7928
2024,11,58,Central,Large,601577.3381,378006.5532,187882.6536,25661.8179,307941.8144
2024,11,58,West,Large,555906.5502,206305.7984,748188.0269,31450.5634,629011.2672
2024,11,58,West,Small & Medium,366658.1347,553224.8437,209292.1234,22911.1606,297845.0872
2024,11,58,East,Strategic,575861.736,404635.6191,580193.8223,26993.7234,458893.2981
2024,11,58,Central,Strategic,704958.9604,431450.9595,461420.0777,33882.4762,643767.0469
2024,11,58,East,Strategic,539534.6228,550812.71,580888.4377,32587.4334,716923.5344
2024,11,58,Central,Small & Medium,288572.462,458925.5442,408856.7336,29929.7222,419016.1114
2024,11,58,West,Strategic,460300.5313,718962.7875,278878.1369,35339.1712,706783.4247
2024,11,58,Central,Small & Medium,398155.5132,421573.2742,363737.5726,32242.7988,451399.1832
2024,11,58,Central,Small & Medium,353758.8894,327942.7525,664214.9407,28540.4602,542268.7434
2024,11,58,West,Large,706493.0038,621925.9813,904579.855,30934.9721,525894.5261
2024,11,58,East,Small & Medium,510430.9878,354956.601,376715.7689,29968.7768,359625.3214
2024,11,58,Central,Large,298075.2008,389125.3679,415373.9774,27319.0267,437104.4265
2024,11,58,West,Strategic,341707.8082,411429.3603,399018.4836,29323.1585,351877.9014
2024,11,58,East,Strategic,617218.4156,310522.3533,404157.3019,36931.311,406244.4209
2024,11,58,Central,Strategic,373018.8775,294166.1347,412395.0958,28206.411,310270.521
2024,11,58,Central,Strategic,436678.7388,260769.9292,327388.4314,29874.8683,716996.8399
2024,11,58,East,Strategic,653627.2249,442854.9763,332303.1379,30257.9099,635416.1079
2024,11,58,Central,Large,451622.5511,356592.7481,479764.3618,30852.2638,493636.2211
2024,11,58,Central,Strategic,489674.2039,436335.4209,333683.8558,33554.619,637537.7604
2024,11,58,West,Small & Medium,542162.408,227716.9715,590430.1146,35021.6441,665411.237
2024,11,58,Central,Large,336854.022,631295.8821,245246.2816,30366.9638,546605.349
2024,11,58,East,Strategic,408189.4027,569108.0058,213475.9617,30415.6848,486650.9563
2024,11,58,Central,Large,779529.3309,373082.6168,380139.0724,25687.2289,333933.9762
2024,11,58,East,Strategic,427146.7491,646780.0268,254146.8737,27552.1231,330625.4772
2024,11,58,Central,Large,326450.2921,479184.7678,619757.1356,30294.9257,484718.8118
2024,11,58,Central,Large,570747.3771,450836.8834,649700.6712,33540.4522,469566.3313
2024,11,58,Central,Strategic,518949.6161,380166.2407,371262.7055,27317.7694,245859.9248
2024,11,58,Central,Strategic,386822.6772,467862.8473,297587.5514,30111.0645,481777.0314
2024,11,58,West,Small & Medium,333871.3899,598392.983,300309.3702,30947.6437,526109.9428
2024,11,58,Central,Strategic,442194.5798,539674.2519,291715.9715,32006.1702,800154.2548
2024,11,58,Central,Small & Medium,434197.234,436588.1545,431820.2223,28971.601,463545.6164
2024,11,58,East,Strategic,456929.288,388421.338,433530.8541,34214.8526,444793.0842
2024,11,58,East,Strategic,257292.0353,446343.6953,617377.9724,30581.502,336396.522
2024,11,58,Central,Strategic,373726.6296,610403.1078,626515.6928,30794.2044,554295.6795
2024,11,58,Central,Large,431422.776,505608.9784,353007.018,31542.649,599310.3305
2024,11,58,West,Large,493570.7812,600186.1196,550158.0021,24712.258,321259.3539
2024,11,58,Central,Large,531867.5339,443861.1864,432223.8722,31726.0097,412438.1258
2024,11,58,Central,Large,405402.8721,401150.0757,517506.1978,35844.8736,573517.9778
2024,11,58,Central,Strategic,472211.2247,561360.1111,671223.6621,25161.6841,427748.6291
2024,11,58,Central,Small & Medium,482725.2848,263710.7683,547318.431,34360.4112,584126.9906
2024,11,58,East,Large,452854.2182,447260.3152,499240.8908,33055.8393,528893.4288
2024,11,58,East,Large,582843.0208,352133.2975,471949.5216,34349.4759,549591.6142
2024,11,58,Central,Large,675344.8797,509875.3036,507736.1089,29362.009,322982.0995
2024,11,58,East,Strategic,451672.8473,238622.2122,316953.7871,31418.1102,408435.4331
2024,11,58,Central,Strategic,637302.9969,401246.6543,374432.5776,21865.4613,284250.9975
2024,11,58,Central,Large,333305.432,463193.4624,300620.2423,23623.2446,401595.1585
2024,11,58,East,Strategic,492750.3883,469354.6928,330485.8214,23533.6075,258869.6824
2024,11,58,Central,Strategic,684437.6809,600207.3339,359642.3681,30038.6681,390502.6851
2024,11,58,Central,Large,470750.0876,537277.1033,322912.4065,31056.88,621137.6002
2024,11,58,Central,Small & Medium,385214.9832,261071.1925,414815.9057,34854.1317,592520.2385
2024,11,58,Central,Large,578441.6614,571129.8649,185671.1223,31267.1396,500274.233
2024,11,58,Central,Large,274836.4202,744008.4837,492330.8521,29905.6372,598112.7446
2024,11,58,Central,Large,400714.8232,447837.732,527819.6215,24288.6449,315752.3838
2024,11,58,Central,Small & Medium,495177.387,586614.004,226772.6588,32798.1444,524770.3107
2024,11,58,West,Large,497582.4263,321572.2834,386814.571,31160.6443,685534.1746
2024,11,58,Central,Large,478605.8403,520644.8876,426725.7982,23851.8941,500889.7762
2024,11,58,Central,Strategic,253615.9808,539627.1758,567044.1953,29895.0853,627796.7922
2024,11,58,Central,Strategic,478196.9251,340603.2082,358172.8613,32258.7112,516139.3797
2024,11,58,East,Strategic,520279.973,347864.9052,330465.8557,33649.9185,807598.0439
2024,11,58,East,Small & Medium,583749.9708,309541.528,356681.6122,30764.8271,246118.6165
2024,11,58,Central,Strategic,418406.3872,497995.5501,633276.5258,27401.9707,328823.6489
2024,11,58,Central,Strategic,389840.7619,278878.5205,406143.406,24488.6323,391818.1162
2024,11,58,East,Small & Medium,419066.7874,237782.763,519150.5365,33855.8432,507837.6475
2024,11,58,Central,Small & Medium,514492.406,630038.8618,219045.7007,30438.1828,456572.7424
2024,11,58,East,Large,447771.1073,305956.0513,545947.1077,30872.711,463090.6647
2024,11,58,East,Small & Medium,510403.3228,510779.9648,396857.5557,30298.8205,424183.4866
2024,11,58,East,Small & Medium,538390.2065,445681.4288,365622.8557,33953.0174,305577.1562
2024,12,59,Central,Strategic,201859.6662,259322.0048,283986.7431,35069.6043,385765.6471
2024,12,59,East,Strategic,564504.7184,347372.2556,347560.4546,36282.0032,435384.038
2024,12,59,Central,Strategic,422424.4329,358630.1464,573278.8109,28464.66,426969.9001
2024,12,59,West,Large,511750.3804,575403.6713,594147.1503,32653.6307,457150.8299
2024,12,59,Central,Large,458714.0183,501877.8463,331666.2454,33052.1181,330521.1807
2024,12,59,West,Strategic,396583.8795,373214.075,542191.9585,33570.5686,503558.5284
2024,12,59,East,Large,373815.0586,374865.4933,372811.9615,33974.9927,645524.8621
2024,12,59,East,Large,561747.8182,394695.0227,432043.675,28832.2545,547812.8362
2024,12,59,East,Small & Medium,463653.9955,526154.5932,431869.9615,30862.6534,493802.4547
2024,12,59,West,Strategic,458274.8675,377219.1789,495562.8513,30166.3091,392162.0188
2024,12,59,Central,Strategic,183798.3971,535219.6389,403259.6237,26994.1656,350924.1529
2024,12,59,Central,Strategic,355899.131,420877.2321,396564.8053,31408.1507,502530.4114
2024,12,59,East,Strategic,415634.6107,513294.964,561255.4403,28632.7721,486757.125
2024,12,59,West,Strategic,399258.904,622980.6305,475828.0272,34077.4095,681548.1891
2024,12,59,West,Large,529219.075,445452.1626,369594.9274,31088.908,310889.0796
2024,12,59,East,Strategic,460500.4011,333335.5925,440817.9564,27696.1233,553922.4663
2024,12,59,West,Strategic,430803.8986,720400.6282,574343.0792,33947.6629,543162.6068
2024,12,59,West,Strategic,535454.8365,465133.6016,530287.0514,34521.4999,621386.9975
2024,12,59,West,Large,433524.9694,539017.0471,435847.1023,27003.3377,594073.4293
2024,12,59,East,Large,350292.868,530123.5685,323099.5921,29049.9522,435749.2826
2024,12,59,East,Strategic,544713.6528,688925.5309,547125.4641,29875.8591,478013.745
2024,12,59,East,Small & Medium,531416.2333,392142.8238,347609.4606,35722.6238,428671.4856
2024,12,59,West,Small & Medium,579838.7282,571319.3745,471739.8433,24425.8899,415240.1279
2024,12,59,West,Strategic,614232.6554,493229.1435,580676.5108,26633.8467,399507.7006
2024,12,59,West,Large,768162.9504,316467.5318,579896.1619,24238.3994,290860.7926
2024,12,59,East,Small & Medium,358991.6232,384386.9224,411242.7217,30387.3014,516584.1245
2024,12,59,East,Strategic,249299.3635,457593.3094,560990.7643,31666.9422,506671.0748
2024,12,59,East,Small & Medium,541504.3126,314173.7423,342670.9359,26194.4666,497694.8648
2024,12,59,West,Small & Medium,318927.6125,294859.1406,408876.8197,29981.6364,629614.3644
2024,12,59,Central,Large,436264.1845,577555.4092,483171.8285,27302.818,218422.5439
2024,12,59,West,Large,514822.7914,300082.663,388293.0724,27074.3436,297817.7801
2024,12,59,Central,Small & Medium,474983.6392,416597.9642,364458.4794,27770.4805,333245.7656
2024,12,59,West,Strategic,565810.4098,717956.2177,555122.1818,31652.0088,379824.1057
2024,12,59,East,Small & Medium,670762.1076,378508.5762,576719.9625,39689.5725,317516.5797
2024,12,59,Central,Large,522070.1625,334301.4609,435092.5361,33136.5829,463912.1604
2024,12,59,East,Small & Medium,338951.6096,473746.6158,494752.3996,29110.5914,320216.5055
2024,12,59,East,Small & Medium,344165.5267,534609.2223,373065.9918,33530.5673,737672.4807
2024,12,59,East,Small & Medium,464926.7505,385790.5532,562421.373,33070.9884,562206.8026
2024,12,59,East,Small & Medium,481911.6907,366369.2288,481925.3127,24998.1857,374972.7861
2024,12,59,East,Small & Medium,474998.3665,484848.6162,643175.8503,28182.2258,507280.0636
2024,12,59,West,Small & Medium,202861.4338,645394.3057,383684.627,27918.9473,362946.3151
2024,12,59,East,Small & Medium,668664.585,353125.5288,436542.2698,31992.1027,287928.9244
2024,12,59,East,Small & Medium,347005.7497,411626.5603,487965.7506,29445.8727,441688.0902
2024,12,59,East,Small & Medium,531057.89,663926.2224,365115.4287,35767.4733,643814.5188
2024,12,59,East,Large,404960.8587,657484.63,697402.6689,27782.3143,305605.4569
2024,12,59,East,Strategic,636544.0729,315646.9135,385076.2185,30352.4851,424934.7911
2024,12,59,East,Strategic,371864.4178,431045.337,600768.0759,27499.7106,274997.1055
2024,12,59,East,Strategic,265584.1003,672479.7123,528000.0894,31628.3087,600937.8656
2024,12,59,East,Small & Medium,427005.6722,377082.5847,302560.0602,31068.5722,434960.0105
2024,12,59,East,Small & Medium,470734.477,494776.5037,579174.9441,35519.1303,390710.4337
2024,12,59,East,Small & Medium,341218.6873,394901.2653,541921.2724,30233.4875,362801.8502
2024,12,59,East,Small & Medium,649717.8581,472799.9135,518109.2882,31481.0154,409253.2008
2024,12,59,East,Small & Medium,404569.2299,514662.3994,386464.3946,35420.5175,531307.7618
2024,12,59,East,Small & Medium,397753.7964,280625.6719,212688.6472,28903.5398,346842.4774
2024,12,59,East,Small & Medium,686290.2101,331056.3652,519114.2664,33631.1158,470835.6217
2024,12,59,East,Small & Medium,268177.5215,477159.4191,697027.0169,33019.8874,528318.1987
2024,12,59,East,Small & Medium,693621.7463,399590.2553,257624.0348,32343.3599,452807.039
2024,12,59,East,Small & Medium,628702.0698,394846.1904,300773.1634,25744.5659,360423.9227
2024,12,59,Central,Small & Medium,383737.8232,461963.5464,388764.8086,29080.5175,348966.2098
2024,12,59,East,Small & Medium,602961.212,378632.8349,493389.9729,31347.2846,501556.5542
2024,12,59,Central,Small & Medium,433580.0103,296488.4571,422717.4314,30068.4344,360821.2128
2024,12,59,East,Small & Medium,563588.7813,625911.7585,455647.6576,34051.4302,544822.8828
2024,12,59,Central,Small & Medium,343166.0807,592784.6666,419685.0644,26649.1427,399737.1398
2024,12,59,East,Large,683868.0237,427437.042,655416.076,35034.2402,490479.3623
2024,12,59,East,Strategic,405142.463,282453.2027,384331.381,28796.7319,403154.2469
2024,12,59,Central,Strategic,1001462.2004,401464.0581,576440.3244,28811.4018,403359.6253
2024,12,59,West,Large,598592.2128,560221.225,221905.8673,28725.7161,402160.0247
2024,12,59,East,Large,426328.4466,700592.0111,447875.7947,35073.5796,455956.5351
2024,12,59,Central,Small & Medium,297815.0434,452457.3975,514180.771,29860.7186,238885.7484
2024,12,59,West,Large,499204.6725,640663.5405,540397.4619,27418.8539,438701.6618
2024,12,59,Central,Small & Medium,469833.8978,314522.7513,493001.6018,33577.8463,705134.7727
2024,12,59,Central,Small & Medium,469019.0105,500450.3467,607896.8464,30898.8889,278090.0004
2024,12,59,East,Strategic,310772.5873,679969.361,406435.5451,32153.5202,385842.2424
2024,12,59,West,Small & Medium,470026.4748,502618.9996,415380.5807,29746.5308,327211.8389
2024,12,59,Central,Small & Medium,409885.3647,502951.8097,280105.4409,32081.9816,577475.6694
2024,12,59,West,Strategic,333457.5953,273147.2058,450962.3037,31411.2903,565403.226
2024,12,59,West,Strategic,325550.8426,425146.3686,496395.1484,29925.2292,568579.3541
2024,12,59,Central,Small & Medium,446586.5431,600330.2464,343991.9918,33999.9908,645999.8252
2024,12,59,East,Strategic,623194.9653,534707.4408,402422.8431,36367.6106,618249.3794
2024,12,59,East,Large,658367.8033,702194.3593,544933.3729,31619.2736,632385.4712
2024,12,59,East,Small & Medium,431309.8551,677621.9838,548122.1156,30253.5132,484056.2106
2024,12,59,East,Small & Medium,291065.1071,434934.4318,307586.8229,29141.7242,437125.8634
2024,12,59,Central,Large,483663.9909,387997.0804,401133.058,28979.8835,579597.669
2024,12,59,West,Large,813047.8224,575802.7833,542625.3143,28817.5095,345810.1136
2024,12,59,West,Large,508528.2605,508019.5832,672800.1573,33506.2817,435581.6616
2024,12,59,Central,Strategic,548427.5445,540675.1119,532238.6214,33856.7056,338567.0557
2024,12,59,East,Strategic,444664.0191,287773.5749,388882.8741,27979.0218,251811.1962
2024,12,59,West,Large,486559.552,378991.5061,332745.7082,29021.6661,377281.6594
2024,12,59,Central,Large,540482.1227,539247.8636,307849.9315,29428.6839,470858.9429
2024,12,59,East,Large,471798.7504,405910.5144,694025.9728,30796.3416,461945.1235
2024,12,59,Central,Large,537266.2953,353234.1087,476730.2349,27420.5505,383887.7074
2024,12,59,East,Large,714014.928,146146.2044,540447.3409,29844.152,477506.4322
2024,12,59,Central,Small & Medium,519368.2554,744172.2773,482160.8422,32904.5351,394854.4212
2024,12,59,East,Large,605568.3721,284871.3686,432138.9842,28814.6746,403405.4449
2024,12,59,Central,Small & Medium,333230.5239,338194.8184,703868.6392,26921.5489,565352.5268
2024,12,59,Central,Small & Medium,448708.8248,276278.5258,311109.1531,33913.5631,508703.4461
2024,12,59,East,Small & Medium,404333.2867,226760.9142,343587.9785,30832.3412,277491.0708
2024,12,59,East,Large,547013.7121,501139.472,308123.514,30718.8904,583658.9178
2024,12,59,East,Strategic,451623.4394,411748.3641,275193.0371,28201.7028,394823.8396
2024,12,59,Central,Strategic,477997.6276,516811.8425,616044.1705,31458.3214,692083.0702
2024,12,59,Central,Large,403993.1067,322506.065,396045.8519,27282.666,381957.3234
2024,12,59,Central,Large,360667.1378,363077.4101,350242.5871,23209.0593,278508.7115
2024,12,59,Central,Large,577870.3952,334829.7951,480954.0862,31938.1264,670700.6544
2024,12,59,Central,Large,267808.9858,378162.3114,596551.5285,32871.6094,788918.6249
2024,12,59,West,Strategic,484000.8071,565213.9414,476202.741,26924.308,484637.5436
2024,12,59,East,Large,550355.8182,258281.5769,446610.1932,29634.777,414886.8782
2024,12,59,Central,Small & Medium,491058.3023,507754.2597,478861.4255,32281.2894,355094.1836
2024,12,59,Central,Small & Medium,458069.0498,768475.9473,301716.5375,30857.3071,586288.8341
2024,12,59,East,Small & Medium,311165.4371,294103.2917,409421.9592,35997.3859,467966.0167
2024,12,59,Central,Strategic,603527.815,464338.5998,318515.4497,28470.0924,455521.4781
2024,12,59,Central,Large,470813.0889,446808.7725,454705.0164,34363.2425,309269.1826
2024,12,59,Central,Small & Medium,472125.8628,547046.5716,617686.0604,29908.8269,328997.0962
2024,12,59,Central,Small & Medium,368170.3601,522389.8217,561093.5578,27795.9707,389143.5895
2024,12,59,Central,Strategic,302373.505,445177.8095,442798.3746,26794.1789,294735.9678
2024,12,59,Central,Large,685144.613,522992.9604,593874.7386,26909.6959,296006.6546
2024,12,59,East,Small & Medium,644267.7653,296116.5453,422842.3105,27080.9176,487456.5162
2024,12,59,East,Large,509721.9395,539958.261,385856.5298,28660.3847,487226.5405
2024,12,59,Central,Strategic,465438.1247,426720.2368,357228.8915,27254.0237,599588.5223
2024,12,59,East,Strategic,576147.2396,452113.5028,326283.6753,27122.4897,596694.7739
2024,12,59,East,Small & Medium,575681.9005,717510.9539,484593.8652,30682.9935,490927.8958
2024,12,59,East,Large,618634.7518,619385.6185,589471.838,31727.8878,444190.4298
2024,12,59,Central,Strategic,574736.3942,283372.561,582576.8914,35125.0706,632251.2716
2024,12,59,East,Large,277242.9709,753846.0435,352320.2987,30928.1361,587634.5857
2024,12,59,East,Small & Medium,429825.9546,486435.132,468000.7476,37618.1221,413799.343
2024,12,59,Central,Strategic,575947.5656,467648.7625,503274.9505,30467.7084,426547.9175
2024,12,59,West,Large,454117.9642,572935.6087,467846.0047,35366.9796,565871.6741
2024,12,59,East,Strategic,288617.5837,561408.1005,444625.4677,31009.414,527160.0386
2024,12,59,West,Strategic,551666.4074,703680.7118,287640.3538,30895.6512,494330.4196
2024,12,59,West,Small & Medium,551579.2801,500225.1203,525547.7052,28162.4149,309786.5637
2024,12,59,West,Large,380841.0198,408628.1578,349463.6171,27754.8267,527341.7067
2024,12,59,East,Small & Medium,493191.2929,520279.629,310091.9506,23045.1856,276542.2271
2024,12,59,East,Large,407421.5893,635134.7837,582899.3231,29442.2905,559403.5195
2024,12,59,Central,Large,529203.9126,535002.5959,714185.4707,32136.7399,449914.359
2024,12,59,East,Large,404296.9757,422899.2015,658890.0322,27077.9252,162467.5509
2024,12,59,East,Strategic,524313.6328,814971.6626,768898.1065,28582.1801,657390.1427
2024,12,59,East,Strategic,651149.6902,492360.7684,361516.795,26372.7797,316473.3567
2024,12,59,East,Large,448907.5639,540403.5855,426162.6853,33749.2608,303743.3469
2024,12,59,Central,Small & Medium,436845.889,318220.0853,532945.0519,28802.2525,460836.0393
2024,12,59,Central,Small & Medium,616991.0906,584372.8147,281596.5298,29243.6184,409410.6582
2024,12,59,East,Strategic,338830.6007,522544.145,569753.6145,25743.9499,360415.2987
2024,12,59,East,Large,409145.6597,474649.2123,265130.0048,29410.0128,264690.1149
2024,12,59,East,Large,269661.7047,441078.4066,324184.883,29793.0907,595861.8133
2024,12,59,East,Strategic,558822.8229,538706.3231,684940.2468,23750.2349,380003.7584
2024,12,59,Central,Strategic,391516.5249,397136.171,646228.9998,27781.1527,444498.4438
2024,12,59,Central,Large,556306.1864,600154.3141,356809.7148,29972.9719,509540.5218
2024,12,59,West,Large,446638.9487,503752.8742,468133.7586,34562.6528,483877.1393
2024,12,59,Central,Large,614129.5194,210438.1869,705483.3281,28367.9961,397151.9454
2024,12,59,East,Small & Medium,481858.5417,240238.8217,237199.7974,30111.7334,602234.667
2024,12,59,West,Large,339276.351,482982.0367,772518.7795,35520.0993,497281.39
2024,12,59,West,Strategic,577482.2809,587385.3085,374179.004,29938.8265,419143.5714
2024,12,59,Central,Strategic,384116.8737,255845.0042,541794.9661,25742.5819,437623.8926
2024,12,59,Central,Strategic,466286.3456,448228.9206,287389.2872,31163.1687,467447.5301
2024,12,59,Central,Strategic,657856.3351,416269.3162,636565.0059,28825.8019,518864.4337
2024,12,59,Central,Strategic,864682.2884,352473.4991,498965.8243,25763.773,231873.9568
2024,12,59,Central,Strategic,461212.6808,300350.8732,249662.7122,25871.8173,413949.0769
2024,12,59,East,Strategic,438113.7643,495628.4365,503923.9736,27227.687,381187.6177
2024,12,59,Central,Small & Medium,462895.7608,450011.1463,649754.3614,31448.52,503176.3206
2024,12,59,West,Strategic,280522.1105,373160.9581,338894.5675,27849.8867,334198.6398
2024,12,59,East,Small & Medium,469663.7367,238568.3104,286301.9441,30778.3877,369340.6525
2024,12,59,Central,Small & Medium,485315.1654,536821.1466,316068.8854,30664.3276,398636.2582
2024,12,59,East,Strategic,224051.8894,287968.1617,113402.5192,24242.2914,339392.0792
2024,12,59,West,Small & Medium,389287.6264,504897.3691,567564.7023,27495.2888,412429.3324
2024,12,59,Central,Strategic,669459.9798,306588.1645,359981.8999,30188.3147,633954.6083
2024,12,59,East,Strategic,360415.7645,416134.3906,440308.2127,33815.9759,507239.6378
2024,12,59,East,Strategic,344444.803,435748.3141,545084.16,32851.0673,427063.8755
2024,12,59,Central,Large,344512.8844,641489.5455,664879.1382,30085.8408,300858.4083
2024,12,59,East,Strategic,381904.4925,130419.2478,516775.95,27080.0552,433280.8826
2024,12,59,East,Small & Medium,642455.1575,656986.5588,305555.1258,28269.6482,339235.7778
2024,12,59,East,Strategic,545475.3059,557523.0018,420657.2292,29937.2924,478996.6781
2024,12,59,Central,Strategic,374144.3723,423395.0241,427931.4387,26471.201,264712.0104
2024,12,59,East,Strategic,217017.383,350422.5364,475988.5249,30880.0107,463200.1605
2024,12,59,West,Large,462700.9895,871997.243,499782.2279,29628.7716,592575.4314
2024,12,59,West,Large,509558.0404,524656.3863,681921.0937,30186.0483,362232.5799
2024,12,59,East,Large,818286.7189,413039.3619,303930.1088,28471.2741,256241.4666
2024,12,59,East,Strategic,421025.3761,332006.209,355731.2552,32525.6583,552936.1913
2024,12,59,Central,Small & Medium,563942.6675,519293.1648,511297.7598,33073.9768,463035.6752
2024,12,59,West,Small & Medium,383775.6612,493004.3675,177074.327,22203.8388,266446.0654
2024,12,59,Central,Small & Medium,524292.7523,285239.7485,428687.5621,27997.1161,363962.5095
2024,12,59,Central,Strategic,318778.6301,616173.703,269258.6547,25909.6159,310915.3909
2024,12,59,East,Large,672584.1334,520084.2798,515525.566,31497.8745,629957.4899
2024,12,59,West,Large,592071.2536,444207.875,619955.7136,30887.1222,463306.8333
2024,12,59,West,Strategic,514540.6086,735181.4237,592156.9047,32685.366,686392.6867
2024,12,59,West,Strategic,387833.2805,458200.2791,319195.5996,27288.2772,327459.3267
2024,12,59,West,Large,462554.7095,574351.8242,384938.478,25089.8995,326168.6929
2024,12,59,West,Strategic,660523.9658,228852.2161,360513.0479,28682.4967,544967.438
2024,12,59,East,Strategic,695529.6961,651324.8899,581490.8232,28785.6775,374213.807
2024,12,59,East,Strategic,237214.8005,595134.929,238888.2339,28075.1379,449202.2067
2024,12,59,East,Large,511578.1478,523947.6991,495535.7366,29026.519,522477.3427
2024,12,59,East,Strategic,336025.0599,245290.9583,544084.8324,32764.388,622523.3718
2024,12,59,West,Large,645168.7986,417869.2698,419958.3294,30379.9338,394939.1392
2024,12,59,East,Strategic,744229.789,281828.5286,431150.8562,28426.7478,653815.1989
2024,12,59,East,Strategic,329216.1076,696172.3016,529944.1647,25212.1252,277333.3767
2024,12,59,East,Strategic,571070.5891,578672.1375,389334.0333,30103.9163,331143.0788
2024,12,59,East,Strategic,688712.2846,453073.5126,639608.0581,33672.6181,370398.7996
2024,12,59,East,Strategic,409722.2825,343415.0886,496549.8945,33799.0005,439387.0062
2024,12,59,West,Large,262637.7195,295871.3548,491702.416,29276.252,351315.0235
2024,12,59,East,Large,337438.5475,439305.9424,427370.0129,32267.0336,387204.4028
2024,12,59,East,Large,547946.33,141550.0435,594795.6752,32846.1983,492692.9739
2024,12,59,East,Strategic,390583.0394,616394.401,416857.4149,27220.4847,489968.7239
2024,12,59,East,Large,476834.1597,647930.1011,510777.1447,29287.4262,468598.8187
2024,12,59,East,Large,694476.3141,478021.0913,380404.9632,29352.9426,469647.082
2024,12,59,Central,Small & Medium,305181.3651,480593.0844,365193.07,27219.581,299415.3907
2024,12,59,West,Large,596112.3676,510388.975,895988.6782,30280.5215,363366.2576
2024,12,59,Central,Large,254823.4204,389952.3823,667756.9434,35006.5755,630118.3594
2024,12,59,East,Strategic,582276.2625,362934.4456,317872.5434,25365.3373,456576.0722
2024,12,59,West,Strategic,451537.2527,662476.6011,320264.136,29697.1962,564246.7273
2024,12,59,Central,Strategic,423939.4112,499244.7633,248391.5168,28806.8407,432102.6112
2024,12,59,Central,Small & Medium,411440.9879,617766.3245,386440.7443,31399.0292,470985.4373
2024,12,59,Central,Strategic,344686.0677,370911.9432,506417.6997,28918.828,433782.4206
2024,12,59,West,Strategic,581149.4253,383038.3067,303809.6059,31491.9631,724315.151
2024,12,59,East,Strategic,436451.2208,541949.2667,503771.6076,21467.6325,171741.0602
2024,12,59,Central,Strategic,418200.1381,541217.9891,519056.3595,33159.1611,563705.7388
2024,12,59,West,Large,439248.8069,333754.0681,650257.4904,30832.3771,524150.4109
2024,12,59,East,Strategic,424156.7331,319012.5729,409777.3889,33741.9645,539871.4321
2024,12,59,Central,Large,392258.9929,404212.1415,440880.0064,27542.9792,523316.6045
2024,12,59,West,Small & Medium,522302.7938,303722.6314,620913.3868,25895.9237,207167.3894
2024,12,59,Central,Small & Medium,559057.3773,508043.6579,500064.8818,28324.981,538174.639
2024,12,59,Central,Small & Medium,563430.1895,528924.1123,481151.0629,31347.8861,470218.2919
2024,12,59,East,Large,352667.2436,395497.7195,838303.1279,27574.6355,468768.8029
2024,12,59,East,Large,446056.858,681790.7223,419230.8455,32771.6913,327716.9131
2024,12,59,East,Large,373789.7666,534769.9111,362384.0526,29415.6797,411819.5159
2024,12,59,East,Strategic,521239.3866,297873.3356,430656.8699,31041.031,869148.867
2024,12,59,West,Large,341802.0482,664687.097,391981.9714,31395.734,345353.0742
2024,12,59,Central,Large,477617.4108,734452.7216,253142.2197,33432.7449,434625.6843
2024,12,59,East,Strategic,560877.264,515722.5164,580307.9153,28943.5968,520984.7422
2024,12,59,West,Large,446412.9453,944663.9487,517850.1617,27594.0284,248346.2552
2024,12,59,West,Strategic,538882.7189,554883.5627,483912.4485,27639.4542,497510.1754
2024,12,59,East,Strategic,496486.1513,295367.4569,617985.9131,30221.9263,574216.5991
2024,12,59,East,Strategic,843003.3528,248499.4731,312994.1509,27469.4981,302164.4792
2024,12,59,Central,Strategic,398877.8541,465897.6832,270073.6707,31221.9505,405885.3564
2024,12,59,East,Large,370589.1134,303550.2457,483221.523,33972.3155,679446.3108
2024,12,59,East,Large,430565.1618,454731.1422,450231.4554,33024.9169,264199.3352
2024,12,59,East,Large,420266.7044,308460.0605,424400.2633,33115.5216,662310.4321
2024,12,59,East,Strategic,560380.5926,414525.2721,416721.3145,33824.1493,507362.2393
2024,12,59,East,Strategic,652896.7705,269849.1997,558896.7383,32518.6148,617853.6816
2024,12,59,East,Large,328455.9356,483501.5356,396265.2514,29823.559,566647.6218
2024,12,59,East,Strategic,676058.4826,334658.2614,365612.2057,34083.6351,511254.5271
2024,12,59,East,Small & Medium,304487.28,357358.916,425762.0852,33366.0933,600589.6796
2024,12,59,West,Strategic,507250.0049,330278.6449,370296.62,27473.938,384635.1319
2024,12,59,West,Small & Medium,508860.8361,312611.1957,529735.0561,30107.8022,391401.4289
2024,12,59,East,Small & Medium,531042.0864,508649.4994,369570.8768,35181.6455,598087.9735
2024,12,59,East,Strategic,420348.4817,443754.0029,483193.8087,31651.7906,601384.0212
2024,12,59,East,Small & Medium,491161.3142,647491.1492,239894.2763,33730.8211,337308.2108
2024,12,59,East,Small & Medium,536350.4491,379600.9544,703851.5627,31600.7114,790017.784
2024,12,59,East,Small & Medium,472446.2354,439496.7944,536274.5074,28590.0613,514621.1038
2024,12,59,East,Large,432910.244,184224.7825,652139.1198,23613.079,306970.0265
2024,12,59,Central,Small & Medium,545649.4939,656209.5133,462850.4775,29006.2093,348074.512
2024,12,59,Central,Strategic,475023.2757,485049.7157,513876.6452,36276.6314,652979.3654
2024,12,59,Central,Large,741499.0997,298144.6457,585487.8891,27568.8697,413533.0462
2024,12,59,West,Large,585292.8894,374395.8189,337013.7583,25677.9828,333813.7761
2024,12,59,Central,Strategic,517993.9293,447896.2901,431027.5079,32351.9471,420575.3123
2024,12,59,Central,Strategic,427321.1287,341444.8565,441854.466,36875.7847,663764.1245
2024,12,59,East,Large,500286.5705,421991.1147,239545.3184,30356.8201,607136.4015
2024,12,59,Central,Small & Medium,500098.0737,463359.761,488263.3407,30966.1961,619323.9212
2024,12,59,West,Large,471156.1649,434977.0215,274031.8269,29674.8699,356098.4389
2024,12,59,West,Large,275229.8067,624988.6298,349640.7565,34101.9465,409223.3583
2024,12,59,East,Strategic,405029.7171,595606.4387,450013.4173,31564.268,441899.7522
2024,12,59,East,Strategic,469205.1913,292980.7771,387377.1821,25621.8184,538058.186
2024,12,59,East,Large,404439.6592,656037.8348,334734.7531,30785.872,523359.8246
2024,12,59,West,Small & Medium,396337.6037,512413.5896,509494.7709,31957.0125,447398.1745
2024,12,59,Central,Small & Medium,670652.667,293972.9171,445567.0752,28193.6352,310129.9867
2024,12,59,West,Large,542230.1118,773350.3592,500286.957,33307.1893,532915.028
2024,12,59,West,Large,562649.2472,409180.2699,404150.5121,23833.6914,405172.7542
2024,12,59,West,Small & Medium,287853.141,453720.6297,302883.1026,32444.3954,389332.7442
2024,12,59,Central,Small & Medium,597660.6227,310607.3198,540207.1665,27652.9896,497753.8129
2024,12,59,East,Small & Medium,655030.5953,686525.1033,192161.7778,25304.491,177131.4368
2024,12,59,West,Strategic,758698.5699,321539.0259,548615.8017,30701.797,706141.3317
2024,12,59,West,Small & Medium,513161.9873,547604.371,356351.3888,35711.8718,499966.2045
2024,12,59,West,Small & Medium,609629.288,342658.2726,479687.8221,29823.3332,656113.3296
2024,12,59,East,Large,541974.7226,447168.5498,436785.6175,28629.0357,400806.4993
2024,12,59,Central,Small & Medium,614276.4628,600881.9409,493544.7925,24864.3717,323236.8322
2024,12,59,West,Small & Medium,480630.9812,251248.9597,693600.1782,34246.6039,582192.266
2024,12,59,East,Small & Medium,404906.1524,504975.5408,667045.0432,31946.3591,511141.7448
2024,12,59,West,Strategic,377941.1481,335667.4321,581664.7689,25095.505,527005.6055
2024,12,59,East,Strategic,313956.6462,379797.2111,486021.2468,31198.4378,530373.4431
2024,12,59,Central,Large,612082.8883,218461.0363,447436.5135,30644.3965,429021.5508
2024,12,59,East,Large,552198.59,601876.2353,386893.4331,25121.5762,326580.491
2024,12,59,West,Large,444385.9955,427655.6376,389030.1201,31205.323,374463.8756
2024,12,59,West,Strategic,308740.7749,423416.3606,260225.4662,33681.8159,303136.3428
2024,12,59,East,Strategic,525613.1741,331142.7989,490127.9909,30728.5425,829670.6475
2024,12,59,East,Large,269514.7853,261672.1035,473902.5036,37965.2597,531513.6363
2024,12,59,Central,Strategic,663611.836,484476.1851,404802.631,30064.4088,541159.3578
2024,12,59,Central,Small & Medium,468332.7645,558947.8394,330022.9467,32916.277,625409.2631
2024,12,59,Central,Strategic,557600.4741,341312.1068,329082.1036,31401.5608,345417.1685
2024,12,59,West,Small & Medium,463680.1878,502496.8365,511481.3026,31155.8059,560804.506
2024,12,59,East,Large,408073.0535,286625.7682,431485.5448,35529.9604,390829.5648
2024,12,59,East,Strategic,95645.1159,215013.4194,230784.167,22695.2872,136171.7231
2024,12,59,Central,Strategic,390982.5163,455401.9673,437362.6057,32998.7434,494981.1505
2024,12,59,East,Large,560014.7928,342107.6356,459483.1417,34403.0569,378433.6264
2024,12,59,Central,Large,307941.8144,601577.3381,378006.5532,28803.0417,604863.8759
2024,12,59,West,Large,629011.2672,555906.5502,206305.7984,30174.3256,452614.884
2024,12,59,West,Small & Medium,297845.0872,366658.1347,553224.8437,29880.3792,627487.9631
2024,12,59,East,Strategic,458893.2981,575861.736,404635.6191,27492.4997,247432.4976
2024,12,59,Central,Strategic,643767.0469,704958.9604,431450.9595,31997.3115,511956.9839
2024,12,59,East,Strategic,716923.5344,539534.6228,550812.71,34836.5227,522547.8399
2024,12,59,Central,Small & Medium,419016.1114,288572.462,458925.5442,26975.6636,593464.5981
2024,12,59,West,Strategic,706783.4247,460300.5313,718962.7875,30460.4912,517828.3504
2024,12,59,Central,Small & Medium,451399.1832,398155.5132,421573.2742,29704.1703,564379.2356
2024,12,59,Central,Small & Medium,542268.7434,353758.8894,327942.7525,30500.2356,488003.7693
2024,12,59,West,Large,525894.5261,706493.0038,621925.9813,31108.8427,435523.7978
2024,12,59,East,Small & Medium,359625.3214,510430.9878,354956.601,32370.9467,615047.9869
2024,12,59,Central,Large,437104.4265,298075.2008,389125.3679,31521.1545,504338.4722
2024,12,59,West,Strategic,351877.9014,341707.8082,411429.3603,27543.8856,302982.7417
2024,12,59,East,Strategic,406244.4209,617218.4156,310522.3533,28027.9654,476475.4118
2024,12,59,Central,Strategic,310270.521,373018.8775,294166.1347,34014.3099,544228.9587
2024,12,59,Central,Strategic,716996.8399,436678.7388,260769.9292,26624.4584,399366.8765
2024,12,59,East,Strategic,635416.1079,653627.2249,442854.9763,31368.6404,439160.9649
2024,12,59,Central,Large,493636.2211,451622.5511,356592.7481,22058.4041,132350.4248
2024,12,59,Central,Strategic,637537.7604,489674.2039,436335.4209,28796.5096,403151.1344
2024,12,59,West,Small & Medium,665411.237,542162.408,227716.9715,31763.316,349396.4764
2024,12,59,Central,Large,546605.349,336854.022,631295.8821,24391.0271,292692.325
2024,12,59,East,Strategic,486650.9563,408189.4027,569108.0058,28773.1232,633008.7111
2024,12,59,Central,Large,333933.9762,779529.3309,373082.6168,26618.4166,558986.7494
2024,12,59,East,Strategic,330625.4772,427146.7491,646780.0268,31798.7379,445182.33
2024,12,59,Central,Large,484718.8118,326450.2921,479184.7678,23708.4108,237084.1079
2024,12,59,Central,Large,469566.3313,570747.3771,450836.8834,31766.4986,381197.9827
2024,12,59,Central,Strategic,245859.9248,518949.6161,380166.2407,33309.8425,632887.0078
2024,12,59,Central,Strategic,481777.0314,386822.6772,467862.8473,31653.512,474802.6793
2024,12,59,West,Small & Medium,526109.9428,333871.3899,598392.983,25626.9629,461285.3314
2024,12,59,Central,Strategic,800154.2548,442194.5798,539674.2519,28560.4199,399845.878
2024,12,59,Central,Small & Medium,463545.6164,434197.234,436588.1545,27274.06,354562.7805
2024,12,59,East,Strategic,444793.0842,456929.288,388421.338,33580.4724,772350.8643
2024,12,59,East,Strategic,336396.522,257292.0353,446343.6953,23648.1122,236481.1221
2024,12,59,Central,Strategic,554295.6795,373726.6296,610403.1078,31635.0446,569430.8032
2024,12,59,Central,Large,599310.3305,431422.776,505608.9784,34091.7336,511376.0043
2024,12,59,West,Large,321259.3539,493570.7812,600186.1196,29996.348,419948.872
2024,12,59,Central,Large,412438.1258,531867.5339,443861.1864,33040.4721,264323.7768
2024,12,59,Central,Large,573517.9778,405402.8721,401150.0757,29706.5248,386184.8229
2024,12,59,Central,Strategic,427748.6291,472211.2247,561360.1111,31747.7901,793694.7521
2024,12,59,Central,Small & Medium,584126.9906,482725.2848,263710.7683,27933.1572,474863.6716
2024,12,59,East,Large,528893.4288,452854.2182,447260.3152,30487.3502,518284.954
2024,12,59,East,Large,549591.6142,582843.0208,352133.2975,25534.4325,255344.325
2024,12,59,Central,Large,322982.0995,675344.8797,509875.3036,28152.7831,506750.0951
2024,12,59,East,Strategic,408435.4331,451672.8473,238622.2122,30678.0443,368136.5318
2024,12,59,Central,Strategic,284250.9975,637302.9969,401246.6543,28889.5715,520012.287
2024,12,59,Central,Large,401595.1585,333305.432,463193.4624,32781.8058,262254.4465
2024,12,59,East,Strategic,258869.6824,492750.3883,469354.6928,30152.2341,542740.2134
2024,12,59,Central,Strategic,390502.6851,684437.6809,600207.3339,29575.3965,532357.1364
2024,12,59,Central,Large,621137.6002,470750.0876,537277.1033,30303.9826,363647.7915
2024,12,59,Central,Small & Medium,592520.2385,385214.9832,261071.1925,26907.4211,295981.6325
2024,12,59,Central,Large,500274.233,578441.6614,571129.8649,38917.2698,622676.3174
2024,12,59,Central,Large,598112.7446,274836.4202,744008.4837,34675.64,450783.3198
2024,12,59,Central,Large,315752.3838,400714.8232,447837.732,31064.0455,434896.6365
2024,12,59,Central,Small & Medium,524770.3107,495177.387,586614.004,27135.5171,569845.8592
2024,12,59,West,Large,685534.1746,497582.4263,321572.2834,25340.2747,456124.9444
2024,12,59,Central,Large,500889.7762,478605.8403,520644.8876,30307.2741,757681.8519
2024,12,59,Central,Strategic,627796.7922,253615.9808,539627.1758,28147.8665,562957.3302
2024,12,59,Central,Strategic,516139.3797,478196.9251,340603.2082,33304.6649,366351.3136
2024,12,59,East,Strategic,807598.0439,520279.973,347864.9052,28034.8028,280348.0277
2024,12,59,East,Small & Medium,246118.6165,583749.9708,309541.528,24877.1202,298525.4423
2024,12,59,Central,Strategic,328823.6489,418406.3872,497995.5501,27916.5408,390831.571
2024,12,59,Central,Strategic,391818.1162,389840.7619,278878.5205,25428.5989,381428.9837
2024,12,59,East,Small & Medium,507837.6475,419066.7874,237782.763,26260.5365,420168.5842
2024,12,59,Central,Small & Medium,456572.7424,514492.406,630038.8618,33503.6118,636568.625
2024,12,59,East,Large,463090.6647,447771.1073,305956.0513,28960.49,376486.3697
2024,12,59,East,Small & Medium,424183.4866,510403.3228,510779.9648,30030.7216,510522.2679
2024,12,59,East,Small & Medium,305577.1562,538390.2065,445681.4288,30975.0025,588525.0484
2025,1,60,Central,Strategic,385765.6471,201859.6662,259322.0048,30750.0782,276750.7042
2025,1,60,East,Strategic,435384.038,564504.7184,347372.2556,31325.8575,407236.1473
2025,1,60,Central,Strategic,426969.9001,422424.4329,358630.1464,35278.3791,740845.9604
2025,1,60,West,Large,457150.8299,511750.3804,575403.6713,29375.1394,470002.2304
2025,1,60,Central,Large,330521.1807,458714.0183,501877.8463,29314.9858,263834.8718
2025,1,60,West,Strategic,503558.5284,396583.8795,373214.075,33750.5813,405006.9752
2025,1,60,East,Large,645524.8621,373815.0586,374865.4933,25232.9493,605590.784
2025,1,60,East,Large,547812.8362,561747.8182,394695.0227,27906.7246,502321.0422
2025,1,60,East,Small & Medium,493802.4547,463653.9955,526154.5932,29825.3375,566681.4117
2025,1,60,West,Strategic,392162.0188,458274.8675,377219.1789,35401.5179,424818.2145
2025,1,60,Central,Strategic,350924.1529,183798.3971,535219.6389,27667.9033,498022.2594
2025,1,60,Central,Strategic,502530.4114,355899.131,420877.2321,29225.2225,584504.4498
2025,1,60,East,Strategic,486757.125,415634.6107,513294.964,32609.2025,456528.8356
2025,1,60,West,Strategic,681548.1891,399258.904,622980.6305,32297.849,516765.5833
2025,1,60,West,Large,310889.0796,529219.075,445452.1626,32030.1263,480451.8949
2025,1,60,East,Strategic,553922.4663,460500.4011,333335.5925,25288.1102,379321.6529
2025,1,60,West,Strategic,543162.6068,430803.8986,720400.6282,33525.7412,402308.8941
2025,1,60,West,Strategic,621386.9975,535454.8365,465133.6016,32140.1956,514243.1296
2025,1,60,West,Large,594073.4293,433524.9694,539017.0471,32364.708,453105.9117
2025,1,60,East,Large,435749.2826,350292.868,530123.5685,31193.435,530288.3948
2025,1,60,East,Strategic,478013.745,544713.6528,688925.5309,26830.937,268309.3698
2025,1,60,East,Small & Medium,428671.4856,531416.2333,392142.8238,32601.8682,456426.1546
2025,1,60,West,Small & Medium,415240.1279,579838.7282,571319.3745,28954.5131,550135.7487
2025,1,60,West,Strategic,399507.7006,614232.6554,493229.1435,26758.0638,240822.574
2025,1,60,West,Large,290860.7926,768162.9504,316467.5318,29204.1284,554878.4398
2025,1,60,East,Small & Medium,516584.1245,358991.6232,384386.9224,28832.5299,374822.8884
2025,1,60,East,Strategic,506671.0748,249299.3635,457593.3094,34680.7498,554891.9972
2025,1,60,East,Small & Medium,497694.8648,541504.3126,314173.7423,27076.5766,351995.4958
2025,1,60,West,Small & Medium,629614.3644,318927.6125,294859.1406,27875.27,250877.4301
2025,1,60,Central,Large,218422.5439,436264.1845,577555.4092,34944.7053,524170.579
2025,1,60,West,Large,297817.7801,514822.7914,300082.663,31994.5889,575902.6
2025,1,60,Central,Small & Medium,333245.7656,474983.6392,416597.9642,31552.8568,567951.423
2025,1,60,West,Strategic,379824.1057,565810.4098,717956.2177,28782.8287,518090.917
2025,1,60,East,Small & Medium,317516.5797,670762.1076,378508.5762,29282.6824,439240.2357
2025,1,60,Central,Large,463912.1604,522070.1625,334301.4609,30784.14,461762.1004
2025,1,60,East,Small & Medium,320216.5055,338951.6096,473746.6158,30532.5685,305325.6849
2025,1,60,East,Small & Medium,737672.4807,344165.5267,534609.2223,28134.3244,225074.5954
2025,1,60,East,Small & Medium,562206.8026,464926.7505,385790.5532,34733.3223,277866.5786
2025,1,60,East,Small & Medium,374972.7861,481911.6907,366369.2288,34533.3662,379867.0278
2025,1,60,East,Small & Medium,507280.0636,474998.3665,484848.6162,26315.7985,500000.1715
2025,1,60,West,Small & Medium,362946.3151,202861.4338,645394.3057,25093.399,225840.591
2025,1,60,East,Small & Medium,287928.9244,668664.585,353125.5288,33062.296,330622.9599
2025,1,60,East,Small & Medium,441688.0902,347005.7497,411626.5603,35172.5124,492415.1738
2025,1,60,East,Small & Medium,643814.5188,531057.89,663926.2224,34152.0453,648888.8604
2025,1,60,East,Large,305605.4569,404960.8587,657484.63,37241.6194,521382.6719
2025,1,60,East,Strategic,424934.7911,636544.0729,315646.9135,34980.208,594663.5359
2025,1,60,East,Strategic,274997.1055,371864.4178,431045.337,32128.7446,224901.2121
2025,1,60,East,Strategic,600937.8656,265584.1003,672479.7123,29559.1291,561623.4522
2025,1,60,East,Small & Medium,434960.0105,427005.6722,377082.5847,27845.0393,612590.8647
2025,1,60,East,Small & Medium,390710.4337,470734.477,494776.5037,28282.4725,367672.1425
2025,1,60,East,Small & Medium,362801.8502,341218.6873,394901.2653,30840.5841,277565.2572
2025,1,60,East,Small & Medium,409253.2008,649717.8581,472799.9135,31871.109,414324.4171
2025,1,60,East,Small & Medium,531307.7618,404569.2299,514662.3994,24689.466,370341.9899
2025,1,60,East,Small & Medium,346842.4774,397753.7964,280625.6719,32236.2066,483543.0989
2025,1,60,East,Small & Medium,470835.6217,686290.2101,331056.3652,29053.1421,552009.6996
2025,1,60,East,Small & Medium,528318.1987,268177.5215,477159.4191,29278.3176,497731.3988
2025,1,60,East,Small & Medium,452807.039,693621.7463,399590.2553,29428.1606,411994.248
2025,1,60,East,Small & Medium,360423.9227,628702.0698,394846.1904,27994.2351,531890.4667
2025,1,60,Central,Small & Medium,348966.2098,383737.8232,461963.5464,27711.7643,387964.7004
2025,1,60,East,Small & Medium,501556.5542,602961.212,378632.8349,32266.8035,484002.0528
2025,1,60,Central,Small & Medium,360821.2128,433580.0103,296488.4571,36525.7665,584412.2633
2025,1,60,East,Small & Medium,544822.8828,563588.7813,625911.7585,26730.0809,427681.2944
2025,1,60,Central,Small & Medium,399737.1398,343166.0807,592784.6666,33459.025,568803.4244
2025,1,60,East,Large,490479.3623,683868.0237,427437.042,30505.0433,518585.7364
2025,1,60,East,Strategic,403154.2469,405142.463,282453.2027,30743.0378,338173.4159
2025,1,60,Central,Strategic,403359.6253,1001462.2004,401464.0581,35131.1739,702623.4784
2025,1,60,West,Large,402160.0247,598592.2128,560221.225,27946.1661,530977.1562
2025,1,60,East,Large,455956.5351,426328.4466,700592.0111,30904.9441,370859.3297
2025,1,60,Central,Small & Medium,238885.7484,297815.0434,452457.3975,29817.8099,387631.5288
2025,1,60,West,Large,438701.6618,499204.6725,640663.5405,28220.0078,451520.124
2025,1,60,Central,Small & Medium,705134.7727,469833.8978,314522.7513,29241.1526,292411.526
2025,1,60,Central,Small & Medium,278090.0004,469019.0105,500450.3467,25787.7058,283664.7634
2025,1,60,East,Strategic,385842.2424,310772.5873,679969.361,25043.7228,175306.0598
2025,1,60,West,Small & Medium,327211.8389,470026.4748,502618.9996,35348.7222,318138.4997
2025,1,60,Central,Small & Medium,577475.6694,409885.3647,502951.8097,35819.02,250733.1398
2025,1,60,West,Strategic,565403.226,333457.5953,273147.2058,26545.4544,504363.6335
2025,1,60,West,Strategic,568579.3541,325550.8426,425146.3686,27428.5417,383999.5832
2025,1,60,Central,Small & Medium,645999.8252,446586.5431,600330.2464,31319.8963,595078.0297
2025,1,60,East,Strategic,618249.3794,623194.9653,534707.4408,31059.5294,310595.2943
2025,1,60,East,Large,632385.4712,658367.8033,702194.3593,22550.461,202954.1491
2025,1,60,East,Small & Medium,484056.2106,431309.8551,677621.9838,33667.3516,471342.923
2025,1,60,East,Small & Medium,437125.8634,291065.1071,434934.4318,33531.2773,469437.8815
2025,1,60,Central,Large,579597.669,483663.9909,387997.0804,34195.1629,273561.3031
2025,1,60,West,Large,345810.1136,813047.8224,575802.7833,29279.5092,322074.6011
2025,1,60,West,Large,435581.6616,508528.2605,508019.5832,34022.5559,374248.1144
2025,1,60,Central,Strategic,338567.0557,548427.5445,540675.1119,24103.0381,120515.1904
2025,1,60,East,Strategic,251811.1962,444664.0191,287773.5749,32308.14,613854.6604
2025,1,60,West,Large,377281.6594,486559.552,378991.5061,28792.2773,431884.1591
2025,1,60,Central,Large,470858.9429,540482.1227,539247.8636,34680.9201,554894.721
2025,1,60,East,Large,461945.1235,471798.7504,405910.5144,35477.8973,425734.767
2025,1,60,Central,Large,383887.7074,537266.2953,353234.1087,29963.0177,509371.3013
2025,1,60,East,Large,477506.4322,714014.928,146146.2044,30600.5017,428407.0243
2025,1,60,Central,Small & Medium,394854.4212,519368.2554,744172.2773,35758.2541,286066.0327
2025,1,60,East,Large,403405.4449,605568.3721,284871.3686,29367.207,704812.9678
2025,1,60,Central,Small & Medium,565352.5268,333230.5239,338194.8184,23183.6902,370939.0434
2025,1,60,Central,Small & Medium,508703.4461,448708.8248,276278.5258,26468.135,264681.3504
2025,1,60,East,Small & Medium,277491.0708,404333.2867,226760.9142,29401.2184,294012.1839
2025,1,60,East,Large,583658.9178,547013.7121,501139.472,27947.7251,419215.8765
2025,1,60,East,Strategic,394823.8396,451623.4394,411748.3641,32622.6514,391471.8173
2025,1,60,Central,Strategic,692083.0702,477997.6276,516811.8425,30577.0841,244616.6731
2025,1,60,Central,Large,381957.3234,403993.1067,322506.065,31351.3622,407567.7086
2025,1,60,Central,Large,278508.7115,360667.1378,363077.4101,30420.489,425886.8462
2025,1,60,Central,Large,670700.6544,577870.3952,334829.7951,29412.6829,294126.8288
2025,1,60,Central,Large,788918.6249,267808.9858,378162.3114,30167.7036,754192.589
2025,1,60,West,Strategic,484637.5436,484000.8071,565213.9414,31850.0475,445900.6643
2025,1,60,East,Large,414886.8782,550355.8182,258281.5769,26724.8474,481047.2525
2025,1,60,Central,Small & Medium,355094.1836,491058.3023,507754.2597,27778.4014,444454.4223
2025,1,60,Central,Small & Medium,586288.8341,458069.0498,768475.9473,24735.5424,371033.1363
2025,1,60,East,Small & Medium,467966.0167,311165.4371,294103.2917,30239.7307,362876.7687
2025,1,60,Central,Strategic,455521.4781,603527.815,464338.5998,27278.7843,218230.2743
2025,1,60,Central,Large,309269.1826,470813.0889,446808.7725,27713.218,415698.2706
2025,1,60,Central,Small & Medium,328997.0962,472125.8628,547046.5716,35983.0195,503762.2728
2025,1,60,Central,Small & Medium,389143.5895,368170.3601,522389.8217,29802.3291,476837.2659
2025,1,60,Central,Strategic,294735.9678,302373.505,445177.8095,35882.3881,394706.2688
2025,1,60,Central,Large,296006.6546,685144.613,522992.9604,32406.249,421281.2371
2025,1,60,East,Small & Medium,487456.5162,644267.7653,296116.5453,32915.1652,526642.6437
2025,1,60,East,Large,487226.5405,509721.9395,539958.261,29116.5274,436747.9111
2025,1,60,Central,Strategic,599588.5223,465438.1247,426720.2368,34053.5187,578909.8174
2025,1,60,East,Strategic,596694.7739,576147.2396,452113.5028,29702.7941,415839.1177
2025,1,60,East,Small & Medium,490927.8958,575681.9005,717510.9539,29188.9792,496212.6457
2025,1,60,East,Large,444190.4298,618634.7518,619385.6185,31740.7883,349148.6716
2025,1,60,Central,Strategic,632251.2716,574736.3942,283372.561,27476.5297,467101.0048
2025,1,60,East,Large,587634.5857,277242.9709,753846.0435,28708.5384,574170.767
2025,1,60,East,Small & Medium,413799.343,429825.9546,486435.132,33896.2951,508444.4259
2025,1,60,Central,Strategic,426547.9175,575947.5656,467648.7625,27817.0345,417255.5172
2025,1,60,West,Large,565871.6741,454117.9642,572935.6087,31348.0673,438872.9421
2025,1,60,East,Strategic,527160.0386,288617.5837,561408.1005,25536.5645,178755.9513
2025,1,60,West,Strategic,494330.4196,551666.4074,703680.7118,30495.9341,579422.7487
2025,1,60,West,Small & Medium,309786.5637,551579.2801,500225.1203,28469.4473,427041.7093
2025,1,60,West,Large,527341.7067,380841.0198,408628.1578,32405.4173,324054.173
2025,1,60,East,Small & Medium,276542.2271,493191.2929,520279.629,37308.4644,820786.2169
2025,1,60,East,Large,559403.5195,407421.5893,635134.7837,31045.1999,279406.7989
2025,1,60,Central,Large,449914.359,529203.9126,535002.5959,35781.6454,572506.3258
2025,1,60,East,Large,162467.5509,404296.9757,422899.2015,31542.4206,599305.9919
2025,1,60,East,Strategic,657390.1427,524313.6328,814971.6626,26239.3323,183675.3263
2025,1,60,East,Strategic,316473.3567,651149.6902,492360.7684,32422.9815,356652.7969
2025,1,60,East,Large,303743.3469,448907.5639,540403.5855,39595.5646,554337.9045
2025,1,60,Central,Small & Medium,460836.0393,436845.889,318220.0853,35211.4078,633805.3406
2025,1,60,Central,Small & Medium,409410.6582,616991.0906,584372.8147,32755.6775,524090.8394
2025,1,60,East,Strategic,360415.2987,338830.6007,522544.145,35815.713,465604.2689
2025,1,60,East,Large,264690.1149,409145.6597,474649.2123,28293.8863,480996.0674
2025,1,60,East,Large,595861.8133,269661.7047,441078.4066,28749.3628,402491.0796
2025,1,60,East,Strategic,380003.7584,558822.8229,538706.3231,33379.1429,567445.4301
2025,1,60,Central,Strategic,444498.4438,391516.5249,397136.171,30740.8737,584076.6
2025,1,60,Central,Large,509540.5218,556306.1864,600154.3141,29118.94,262070.4598
2025,1,60,West,Large,483877.1393,446638.9487,503752.8742,28050.9564,308560.52
2025,1,60,Central,Large,397151.9454,614129.5194,210438.1869,28146.1826,562923.6516
2025,1,60,East,Small & Medium,602234.667,481858.5417,240238.8217,27269.1927,409037.8909
2025,1,60,West,Large,497281.39,339276.351,482982.0367,32855.6852,492835.2774
2025,1,60,West,Strategic,419143.5714,577482.2809,587385.3085,27807.8171,166846.9028
2025,1,60,Central,Strategic,437623.8926,384116.8737,255845.0042,33186.502,530984.032
2025,1,60,Central,Strategic,467447.5301,466286.3456,448228.9206,30225.2532,544054.5575
2025,1,60,Central,Strategic,518864.4337,657856.3351,416269.3162,34882.4012,523236.0173
2025,1,60,Central,Strategic,231873.9568,864682.2884,352473.4991,30550.5215,549909.3873
2025,1,60,Central,Strategic,413949.0769,461212.6808,300350.8732,30520.9323,579897.7143
2025,1,60,East,Strategic,381187.6177,438113.7643,495628.4365,32434.614,389215.3682
2025,1,60,Central,Small & Medium,503176.3206,462895.7608,450011.1463,29991.5445,539847.8005
2025,1,60,West,Strategic,334198.6398,280522.1105,373160.9581,25787.6519,361027.1259
2025,1,60,East,Small & Medium,369340.6525,469663.7367,238568.3104,35440.2854,496163.9957
2025,1,60,Central,Small & Medium,398636.2582,485315.1654,536821.1466,31288.7939,500620.7029
2025,1,60,East,Strategic,339392.0792,224051.8894,287968.1617,24490.5912,367358.8682
2025,1,60,West,Small & Medium,412429.3324,389287.6264,504897.3691,31130.3426,435824.7961
2025,1,60,Central,Strategic,633954.6083,669459.9798,306588.1645,29203.5077,438052.615
2025,1,60,East,Strategic,507239.6378,360415.7645,416134.3906,32191.6376,611641.1144
2025,1,60,East,Strategic,427063.8755,344444.803,435748.3141,23398.9944,257388.9386
2025,1,60,Central,Large,300858.4083,344512.8844,641489.5455,25653.4896,436109.3239
2025,1,60,East,Strategic,433280.8826,381904.4925,130419.2478,31180.3514,467705.2717
2025,1,60,East,Small & Medium,339235.7778,642455.1575,656986.5588,30440.8779,395731.4121
2025,1,60,East,Strategic,478996.6781,545475.3059,557523.0018,29797.3807,446960.7101
2025,1,60,Central,Strategic,264712.0104,374144.3723,423395.0241,36682.7922,293462.3375
2025,1,60,East,Strategic,463200.1605,217017.383,350422.5364,25937.0624,363118.873
2025,1,60,West,Large,592575.4314,462700.9895,871997.243,33665.5203,605979.3661
2025,1,60,West,Large,362232.5799,509558.0404,524656.3863,32724.0147,458136.2063
2025,1,60,East,Large,256241.4666,818286.7189,413039.3619,30392.9073,425500.7015
2025,1,60,East,Strategic,552936.1913,421025.3761,332006.209,38395.613,767912.2606
2025,1,60,Central,Small & Medium,463035.6752,563942.6675,519293.1648,37733.0207,528262.2893
2025,1,60,West,Small & Medium,266446.0654,383775.6612,493004.3675,29204.7446,321252.1901
2025,1,60,Central,Small & Medium,363962.5095,524292.7523,285239.7485,28939.158,289391.5803
2025,1,60,Central,Strategic,310915.3909,318778.6301,616173.703,29970.5435,299705.4354
2025,1,60,East,Large,629957.4899,672584.1334,520084.2798,24407.1301,366106.952
2025,1,60,West,Large,463306.8333,592071.2536,444207.875,27831.9882,417479.8228
2025,1,60,West,Strategic,686392.6867,514540.6086,735181.4237,29610.2645,532984.7602
2025,1,60,West,Strategic,327459.3267,387833.2805,458200.2791,32521.6211,422781.0749
2025,1,60,West,Large,326168.6929,462554.7095,574351.8242,29229.3445,321522.7891
2025,1,60,West,Strategic,544967.438,660523.9658,228852.2161,31393.7896,565088.2135
2025,1,60,East,Strategic,374213.807,695529.6961,651324.8899,31527.5965,346803.5618
2025,1,60,East,Strategic,449202.2067,237214.8005,595134.929,30094.1084,481505.7347
2025,1,60,East,Large,522477.3427,511578.1478,523947.6991,30990.5878,588821.1683
2025,1,60,East,Strategic,622523.3718,336025.0599,245290.9583,31023.8022,372285.6267
2025,1,60,West,Large,394939.1392,645168.7986,417869.2698,24788.5306,545347.6733
2025,1,60,East,Strategic,653815.1989,744229.789,281828.5286,30024.5139,480392.2231
2025,1,60,East,Strategic,277333.3767,329216.1076,696172.3016,31558.7183,347145.9016
2025,1,60,East,Strategic,331143.0788,571070.5891,578672.1375,27718.9232,360346.002
2025,1,60,East,Strategic,370398.7996,688712.2846,453073.5126,29877.0412,448155.618
2025,1,60,East,Strategic,439387.0062,409722.2825,343415.0886,35098.8779,350988.779
2025,1,60,West,Large,351315.0235,262637.7195,295871.3548,31397.4345,408166.6484
2025,1,60,East,Large,387204.4028,337438.5475,439305.9424,32477.1181,487156.7715
2025,1,60,East,Large,492692.9739,547946.33,141550.0435,30579.2751,611585.5019
2025,1,60,East,Strategic,489968.7239,390583.0394,616394.401,25490.073,331370.9489
2025,1,60,East,Large,468598.8187,476834.1597,647930.1011,33533.4777,469468.6877
2025,1,60,East,Large,469647.082,694476.3141,478021.0913,36097.0071,685843.1352
2025,1,60,Central,Small & Medium,299415.3907,305181.3651,480593.0844,33564.3879,604158.9813
2025,1,60,West,Large,363366.2576,596112.3676,510388.975,29964.8632,299648.6316
2025,1,60,Central,Large,630118.3594,254823.4204,389952.3823,31501.0699,409513.9093
2025,1,60,East,Strategic,456576.0722,582276.2625,362934.4456,27454.6979,247092.2811
2025,1,60,West,Strategic,564246.7273,451537.2527,662476.6011,33442.8439,501642.6585
2025,1,60,Central,Strategic,432102.6112,423939.4112,499244.7633,34681.628,277453.0239
2025,1,60,Central,Small & Medium,470985.4373,411440.9879,617766.3245,28732.2275,488447.8669
2025,1,60,Central,Strategic,433782.4206,344686.0677,370911.9432,28764.6338,431469.5073
2025,1,60,West,Strategic,724315.151,581149.4253,383038.3067,29334.332,498683.6432
2025,1,60,East,Strategic,171741.0602,436451.2208,541949.2667,26656.1399,453154.3787
2025,1,60,Central,Strategic,563705.7388,418200.1381,541217.9891,35481.3651,709627.3019
2025,1,60,West,Large,524150.4109,439248.8069,333754.0681,30772.9884,646232.7564
2025,1,60,East,Strategic,539871.4321,424156.7331,319012.5729,30194.5477,362334.5722
2025,1,60,Central,Large,523316.6045,392258.9929,404212.1415,29773.9365,357287.2384
2025,1,60,West,Small & Medium,207167.3894,522302.7938,303722.6314,30502.4807,396532.2486
2025,1,60,Central,Small & Medium,538174.639,559057.3773,508043.6579,31239.2277,499827.6437
2025,1,60,Central,Small & Medium,470218.2919,563430.1895,528924.1123,29754.3706,446315.5588
2025,1,60,East,Large,468768.8029,352667.2436,395497.7195,31821.665,413681.6448
2025,1,60,East,Large,327716.9131,446056.858,681790.7223,32723.7912,327237.9119
2025,1,60,East,Large,411819.5159,373789.7666,534769.9111,28301.0771,367914.0021
2025,1,60,East,Strategic,869148.867,521239.3866,297873.3356,30528.3787,274755.4083
2025,1,60,West,Large,345353.0742,341802.0482,664687.097,30006.4067,450096.1002
2025,1,60,Central,Large,434625.6843,477617.4108,734452.7216,39807.4402,238844.6412
2025,1,60,East,Strategic,520984.7422,560877.264,515722.5164,27396.5087,328758.1048
2025,1,60,West,Large,248346.2552,446412.9453,944663.9487,28804.7773,403266.8815
2025,1,60,West,Strategic,497510.1754,538882.7189,554883.5627,34431.8832,447614.4811
2025,1,60,East,Strategic,574216.5991,496486.1513,295367.4569,29288.2952,527189.3128
2025,1,60,East,Strategic,302164.4792,843003.3528,248499.4731,34628.119,657934.2613
2025,1,60,Central,Strategic,405885.3564,398877.8541,465897.6832,28443.9292,341327.1499
2025,1,60,East,Large,679446.3108,370589.1134,303550.2457,29373.9766,352487.7188
2025,1,60,East,Large,264199.3352,430565.1618,454731.1422,30489.9684,487839.4947
2025,1,60,East,Large,662310.4321,420266.7044,308460.0605,31710.69,412238.9694
2025,1,60,East,Strategic,507362.2393,560380.5926,414525.2721,32808.4312,623360.1924
2025,1,60,East,Strategic,617853.6816,652896.7705,269849.1997,31841.9534,700522.9742
2025,1,60,East,Large,566647.6218,328455.9356,483501.5356,32420.6015,486309.0221
2025,1,60,East,Strategic,511254.5271,676058.4826,334658.2614,33480.0316,535680.5059
2025,1,60,East,Small & Medium,600589.6796,304487.28,357358.916,28779.1932,230233.5456
2025,1,60,West,Strategic,384635.1319,507250.0049,330278.6449,33571.7478,537147.9652
2025,1,60,West,Small & Medium,391401.4289,508860.8361,312611.1957,29092.0086,261828.0772
2025,1,60,East,Small & Medium,598087.9735,531042.0864,508649.4994,28289.1162,480914.976
2025,1,60,East,Strategic,601384.0212,420348.4817,443754.0029,29795.8287,476733.2597
2025,1,60,East,Small & Medium,337308.2108,491161.3142,647491.1492,32996.9383,362966.3213
2025,1,60,East,Small & Medium,790017.784,536350.4491,379600.9544,31057.5818,465863.7268
2025,1,60,East,Small & Medium,514621.1038,472446.2354,439496.7944,24538.2608,417150.4332
2025,1,60,East,Large,306970.0265,432910.244,184224.7825,35998.5435,215991.2607
2025,1,60,Central,Small & Medium,348074.512,545649.4939,656209.5133,30128.2383,482051.8135
2025,1,60,Central,Strategic,652979.3654,475023.2757,485049.7157,29577.6761,236621.4088
2025,1,60,Central,Large,413533.0462,741499.0997,298144.6457,24019.8193,336277.4708
2025,1,60,West,Large,333813.7761,585292.8894,374395.8189,26307.971,420927.5354
2025,1,60,Central,Strategic,420575.3123,517993.9293,447896.2901,33639.0509,672781.0188
2025,1,60,Central,Strategic,663764.1245,427321.1287,341444.8565,32498.6045,714969.299
2025,1,60,East,Large,607136.4015,500286.5705,421991.1147,29248.0224,409472.314
2025,1,60,Central,Small & Medium,619323.9212,500098.0737,463359.761,27436.9514,329243.4171
2025,1,60,West,Large,356098.4389,471156.1649,434977.0215,30682.4321,613648.6419
2025,1,60,West,Large,409223.3583,275229.8067,624988.6298,24069.537,120347.6851
2025,1,60,East,Strategic,441899.7522,405029.7171,595606.4387,25914.5576,362803.8059
2025,1,60,East,Strategic,538058.186,469205.1913,292980.7771,30949.9389,340449.3278
2025,1,60,East,Large,523359.8246,404439.6592,656037.8348,32602.2956,326022.9563
2025,1,60,West,Small & Medium,447398.1745,396337.6037,512413.5896,32691.8389,457685.7449
2025,1,60,Central,Small & Medium,310129.9867,670652.667,293972.9171,27863.1576,529399.9939
2025,1,60,West,Large,532915.028,542230.1118,773350.3592,33314.1132,566339.9252
2025,1,60,West,Large,405172.7542,562649.2472,409180.2699,31733.6306,380803.5673
2025,1,60,West,Small & Medium,389332.7442,287853.141,453720.6297,25633.1247,333230.6206
2025,1,60,Central,Small & Medium,497753.8129,597660.6227,310607.3198,25611.2011,461001.6198
2025,1,60,East,Small & Medium,177131.4368,655030.5953,686525.1033,31421.1438,439896.0135
2025,1,60,West,Strategic,706141.3317,758698.5699,321539.0259,31746.1471,349207.6186
2025,1,60,West,Small & Medium,499966.2045,513161.9873,547604.371,28392.1802,227137.4417
2025,1,60,West,Small & Medium,656113.3296,609629.288,342658.2726,31735.865,539509.7056
2025,1,60,East,Large,400806.4993,541974.7226,447168.5498,31416.0484,691153.0655
2025,1,60,Central,Small & Medium,323236.8322,614276.4628,600881.9409,31370.1252,407811.6279
2025,1,60,West,Small & Medium,582192.266,480630.9812,251248.9597,23339.5289,210055.7602
2025,1,60,East,Small & Medium,511141.7448,404906.1524,504975.5408,29321.6253,263894.628
2025,1,60,West,Strategic,527005.6055,377941.1481,335667.4321,32362.9384,485444.0761
2025,1,60,East,Strategic,530373.4431,313956.6462,379797.2111,33651.474,673029.4796
2025,1,60,Central,Large,429021.5508,612082.8883,218461.0363,29173.1523,495943.589
2025,1,60,East,Large,326580.491,552198.59,601876.2353,34240.9923,547855.8762
2025,1,60,West,Large,374463.8756,444385.9955,427655.6376,29326.7461,439901.191
2025,1,60,West,Strategic,303136.3428,308740.7749,423416.3606,27511.1924,605246.2331
2025,1,60,East,Strategic,829670.6475,525613.1741,331142.7989,32940.8686,362349.5545
2025,1,60,East,Large,531513.6363,269514.7853,261672.1035,32972.7291,164863.6455
2025,1,60,Central,Strategic,541159.3578,663611.836,484476.1851,33609.6773,470535.4824
2025,1,60,Central,Small & Medium,625409.2631,468332.7645,558947.8394,30632.4906,336957.3963
2025,1,60,Central,Strategic,345417.1685,557600.4741,341312.1068,26331.6284,289647.9126
2025,1,60,West,Small & Medium,560804.506,463680.1878,502496.8365,29111.9217,582238.4334
2025,1,60,East,Large,390829.5648,408073.0535,286625.7682,28618.4686,486513.9666
2025,1,60,East,Strategic,136171.7231,95645.1159,215013.4194,27540.4244,220323.395
2025,1,60,Central,Strategic,494981.1505,390982.5163,455401.9673,35686.9692,321182.7229
2025,1,60,East,Large,378433.6264,560014.7928,342107.6356,25958.1344,441288.2854
2025,1,60,Central,Large,604863.8759,307941.8144,601577.3381,34642.5264,346425.2639
2025,1,60,West,Large,452614.884,629011.2672,555906.5502,31690.288,348593.1676
2025,1,60,West,Small & Medium,627487.9631,297845.0872,366658.1347,27723.0696,388122.974
2025,1,60,East,Strategic,247432.4976,458893.2981,575861.736,30888.6821,216220.7746
2025,1,60,Central,Strategic,511956.9839,643767.0469,704958.9604,25863.7565,413820.1045
2025,1,60,East,Strategic,522547.8399,716923.5344,539534.6228,26500.322,450505.4739
2025,1,60,Central,Small & Medium,593464.5981,419016.1114,288572.462,34126.8924,307142.0318
2025,1,60,West,Strategic,517828.3504,706783.4247,460300.5313,29298.1644,468770.6304
2025,1,60,Central,Small & Medium,564379.2356,451399.1832,398155.5132,33294.9948,832374.871
2025,1,60,Central,Small & Medium,488003.7693,542268.7434,353758.8894,29683.7308,385888.4999
2025,1,60,West,Large,435523.7978,525894.5261,706493.0038,34297.7636,617359.7446
2025,1,60,East,Small & Medium,615047.9869,359625.3214,510430.9878,25844.0771,258440.7705
2025,1,60,Central,Large,504338.4722,437104.4265,298075.2008,31506.8978,472603.4672
2025,1,60,West,Strategic,302982.7417,351877.9014,341707.8082,26649.6335,479693.403
2025,1,60,East,Strategic,476475.4118,406244.4209,617218.4156,29393.0661,558468.2554
2025,1,60,Central,Strategic,544228.9587,310270.521,373018.8775,33468.5075,435090.5979
2025,1,60,Central,Strategic,399366.8765,716996.8399,436678.7388,27494.3036,192460.1252
2025,1,60,East,Strategic,439160.9649,635416.1079,653627.2249,27196.3227,353552.195
2025,1,60,Central,Large,132350.4248,493636.2211,451622.5511,33647.5486,605655.8742
2025,1,60,Central,Strategic,403151.1344,637537.7604,489674.2039,25861.4898,362060.8566
2025,1,60,West,Small & Medium,349396.4764,665411.237,542162.408,28697.41,229579.2802
2025,1,60,Central,Large,292692.325,546605.349,336854.022,36077.4812,360774.8118
2025,1,60,East,Strategic,633008.7111,486650.9563,408189.4027,34442.0131,447746.1709
2025,1,60,Central,Large,558986.7494,333933.9762,779529.3309,32822.3201,557979.4424
2025,1,60,East,Strategic,445182.33,330625.4772,427146.7491,27104.7063,379465.8888
2025,1,60,Central,Large,237084.1079,484718.8118,326450.2921,31681.0134,411853.1738
2025,1,60,Central,Large,381197.9827,469566.3313,570747.3771,31366.7986,690069.5698
2025,1,60,Central,Strategic,632887.0078,245859.9248,518949.6161,29865.9723,149329.8617
2025,1,60,Central,Strategic,474802.6793,481777.0314,386822.6772,34254.9605,445314.4863
2025,1,60,West,Small & Medium,461285.3314,526109.9428,333871.3899,31623.2684,284609.4154
2025,1,60,Central,Strategic,399845.878,800154.2548,442194.5798,33099.3494,364092.8434
2025,1,60,Central,Small & Medium,354562.7805,463545.6164,434197.234,29068.9609,319758.5695
2025,1,60,East,Strategic,772350.8643,444793.0842,456929.288,31017.0194,310170.1939
2025,1,60,East,Strategic,236481.1221,336396.522,257292.0353,32124.5825,449744.1546
2025,1,60,Central,Strategic,569430.8032,554295.6795,373726.6296,29149.2011,524685.6199
2025,1,60,Central,Large,511376.0043,599310.3305,431422.776,27059.9285,460018.7844
2025,1,60,West,Large,419948.872,321259.3539,493570.7812,27774.8429,333298.1142
2025,1,60,Central,Large,264323.7768,412438.1258,531867.5339,27352.0245,382928.3433
2025,1,60,Central,Large,386184.8229,573517.9778,405402.8721,29158.5641,554012.7173
2025,1,60,Central,Strategic,793694.7521,427748.6291,472211.2247,25957.616,285533.7759
2025,1,60,Central,Small & Medium,474863.6716,584126.9906,482725.2848,26827.687,268276.8699
2025,1,60,East,Large,518284.954,528893.4288,452854.2182,28957.4045,579148.0906
2025,1,60,East,Large,255344.325,549591.6142,582843.0208,27530.8283,357900.7683
2025,1,60,Central,Large,506750.0951,322982.0995,675344.8797,34046.5352,374511.8869
2025,1,60,East,Strategic,368136.5318,408435.4331,451672.8473,26026.1646,338340.1396
2025,1,60,Central,Strategic,520012.287,284250.9975,637302.9969,28916.0095,636152.2091
2025,1,60,Central,Large,262254.4465,401595.1585,333305.432,29186.1532,408606.1444
2025,1,60,East,Strategic,542740.2134,258869.6824,492750.3883,28257.3223,395602.5126
2025,1,60,Central,Strategic,532357.1364,390502.6851,684437.6809,26597.5595,319170.7138
2025,1,60,Central,Large,363647.7915,621137.6002,470750.0876,30591.822,458877.3293
2025,1,60,Central,Small & Medium,295981.6325,592520.2385,385214.9832,31370.5072,376446.086
2025,1,60,Central,Large,622676.3174,500274.233,578441.6614,29181.4856,437722.284
2025,1,60,Central,Large,450783.3198,598112.7446,274836.4202,32415.6061,194493.6363
2025,1,60,Central,Large,434896.6365,315752.3838,400714.8232,27903.6297,446458.0756
2025,1,60,Central,Small & Medium,569845.8592,524770.3107,495177.387,35377.1115,636788.0071
2025,1,60,West,Large,456124.9444,685534.1746,497582.4263,29203.341,525660.1378
2025,1,60,Central,Large,757681.8519,500889.7762,478605.8403,27459.0252,439344.4024
2025,1,60,Central,Strategic,562957.3302,627796.7922,253615.9808,27558.1174,385813.6436
2025,1,60,Central,Strategic,366351.3136,516139.3797,478196.9251,30027.4406,450411.6091
2025,1,60,East,Strategic,280348.0277,807598.0439,520279.973,34580.66,518709.8993
2025,1,60,East,Small & Medium,298525.4423,246118.6165,583749.9708,30594.538,520107.1465
2025,1,60,Central,Strategic,390831.571,328823.6489,418406.3872,27498.4101,329980.9208
2025,1,60,Central,Strategic,381428.9837,391818.1162,389840.7619,27051.8994,486934.1889
2025,1,60,East,Small & Medium,420168.5842,507837.6475,419066.7874,31435.4883,502967.8131
2025,1,60,Central,Small & Medium,636568.625,456572.7424,514492.406,29147.9612,233183.6899
2025,1,60,East,Large,376486.3697,463090.6647,447771.1073,34112.0539,443456.7013
2025,1,60,East,Small & Medium,510522.2679,424183.4866,510403.3228,38433.4078,730234.7476
2025,1,60,East,Small & Medium,588525.0484,305577.1562,538390.2065,31474.5559,503592.8936
2025,2,61,Central,Strategic,276750.7042,385765.6471,201859.6662,31353.7463,219476.2243
2025,2,61,East,Strategic,407236.1473,435384.038,564504.7184,35789.3108,465261.0404
2025,2,61,Central,Strategic,740845.9604,426969.9001,422424.4329,27302.2531,273022.5311
2025,2,61,West,Large,470002.2304,457150.8299,511750.3804,23632.5012,259957.5128
2025,2,61,Central,Large,263834.8718,330521.1807,458714.0183,32750.4398,458506.1567
2025,2,61,West,Strategic,405006.9752,503558.5284,396583.8795,26923.3412,134616.7058
2025,2,61,East,Large,605590.784,645524.8621,373815.0586,35359.9864,353599.8638
2025,2,61,East,Large,502321.0422,547812.8362,561747.8182,36832.3011,478819.9138
2025,2,61,East,Small & Medium,566681.4117,493802.4547,463653.9955,18979.2479,189792.4792
2025,2,61,West,Strategic,424818.2145,392162.0188,458274.8675,34420.8095,550732.9522
2025,2,61,Central,Strategic,498022.2594,350924.1529,183798.3971,31247.6471,343724.1185
2025,2,61,Central,Strategic,584504.4498,502530.4114,355899.131,29193.4277,321127.7046
2025,2,61,East,Strategic,456528.8356,486757.125,415634.6107,34792.7917,521891.876
2025,2,61,West,Strategic,516765.5833,681548.1891,399258.904,28006.6095,392092.5326
2025,2,61,West,Large,480451.8949,310889.0796,529219.075,33157.4647,298417.1822
2025,2,61,East,Strategic,379321.6529,553922.4663,460500.4011,28634.9006,372253.7076
2025,2,61,West,Strategic,402308.8941,543162.6068,430803.8986,27294.0648,218352.5182
2025,2,61,West,Strategic,514243.1296,621386.9975,535454.8365,29008.0206,464128.3288
2025,2,61,West,Large,453105.9117,594073.4293,433524.9694,26599.5392,425592.6278
2025,2,61,East,Large,530288.3948,435749.2826,350292.868,34131.2275,477837.1855
2025,2,61,East,Strategic,268309.3698,478013.745,544713.6528,32647.0746,489706.1185
2025,2,61,East,Small & Medium,456426.1546,428671.4856,531416.2333,25276.6579,252766.5789
2025,2,61,West,Small & Medium,550135.7487,415240.1279,579838.7282,31906.1607,255249.2858
2025,2,61,West,Strategic,240822.574,399507.7006,614232.6554,30431.7713,578203.6554
2025,2,61,West,Large,554878.4398,290860.7926,768162.9504,32111.1382,545889.3496
2025,2,61,East,Small & Medium,374822.8884,516584.1245,358991.6232,27397.2739,301370.0132
2025,2,61,East,Strategic,554891.9972,506671.0748,249299.3635,26431.9403,343615.2241
2025,2,61,East,Small & Medium,351995.4958,497694.8648,541504.3126,29323.7711,498504.1085
2025,2,61,West,Small & Medium,250877.4301,629614.3644,318927.6125,33340.9563,366750.5188
2025,2,61,Central,Large,524170.579,218422.5439,436264.1845,27539.2504,413088.7567
2025,2,61,West,Large,575902.6,297817.7801,514822.7914,29002.7867,551052.9476
2025,2,61,Central,Small & Medium,567951.423,333245.7656,474983.6392,25275.078,404401.2485
2025,2,61,West,Strategic,518090.917,379824.1057,565810.4098,37437.9649,336941.684
2025,2,61,East,Small & Medium,439240.2357,317516.5797,670762.1076,26425.9069,343536.7896
2025,2,61,Central,Large,461762.1004,463912.1604,522070.1625,32147.0111,321470.1105
2025,2,61,East,Small & Medium,305325.6849,320216.5055,338951.6096,28618.3203,457893.1251
2025,2,61,East,Small & Medium,225074.5954,737672.4807,344165.5267,31342.7406,250741.9244
2025,2,61,East,Small & Medium,277866.5786,562206.8026,464926.7505,30211.6936,422963.7099
2025,2,61,East,Small & Medium,379867.0278,374972.7861,481911.6907,29125.6445,349507.7334
2025,2,61,East,Small & Medium,500000.1715,507280.0636,474998.3665,32803.8085,328038.0847
2025,2,61,West,Small & Medium,225840.591,362946.3151,202861.4338,33139.8987,497098.4807
2025,2,61,East,Small & Medium,330622.9599,287928.9244,668664.585,32219.5471,547732.3011
2025,2,61,East,Small & Medium,492415.1738,441688.0902,347005.7497,31309.3519,438330.9265
2025,2,61,East,Small & Medium,648888.8604,643814.5188,531057.89,29213.37,496627.2904
2025,2,61,East,Large,521382.6719,305605.4569,404960.8587,28082.5601,336990.7214
2025,2,61,East,Strategic,594663.5359,424934.7911,636544.0729,28839.7196,317236.9152
2025,2,61,East,Strategic,224901.2121,274997.1055,371864.4178,35693.7147,178468.5735
2025,2,61,East,Strategic,561623.4522,600937.8656,265584.1003,37058.7263,592939.6211
2025,2,61,East,Small & Medium,612590.8647,434960.0105,427005.6722,31064.6645,403840.6388
2025,2,61,East,Small & Medium,367672.1425,390710.4337,470734.477,29737.0885,446056.327
2025,2,61,East,Small & Medium,277565.2572,362801.8502,341218.6873,26977.9658,404669.487
2025,2,61,East,Small & Medium,414324.4171,409253.2008,649717.8581,31764.2849,254114.2788
2025,2,61,East,Small & Medium,370341.9899,531307.7618,404569.2299,36031.0423,252217.2961
2025,2,61,East,Small & Medium,483543.0989,346842.4774,397753.7964,30615.4245,459231.3678
2025,2,61,East,Small & Medium,552009.6996,470835.6217,686290.2101,24718.3663,321338.7622
2025,2,61,East,Small & Medium,497731.3988,528318.1987,268177.5215,29981.202,599624.0408
2025,2,61,East,Small & Medium,411994.248,452807.039,693621.7463,31635.8521,411266.0774
2025,2,61,East,Small & Medium,531890.4667,360423.9227,628702.0698,24146.9797,289763.7562
2025,2,61,Central,Small & Medium,387964.7004,348966.2098,383737.8232,33287.4685,366162.153
2025,2,61,East,Small & Medium,484002.0528,501556.5542,602961.212,28210.4687,451367.4992
2025,2,61,Central,Small & Medium,584412.2633,360821.2128,433580.0103,29612.1624,503406.7606
2025,2,61,East,Small & Medium,427681.2944,544822.8828,563588.7813,33935.908,678718.1594
2025,2,61,Central,Small & Medium,568803.4244,399737.1398,343166.0807,32392.7783,291535.0044
2025,2,61,East,Large,518585.7364,490479.3623,683868.0237,31331.3043,344644.3469
2025,2,61,East,Strategic,338173.4159,403154.2469,405142.463,32433.3719,227033.6036
2025,2,61,Central,Strategic,702623.4784,403359.6253,1001462.2004,35067.4683,736416.8336
2025,2,61,West,Large,530977.1562,402160.0247,598592.2128,26974.5027,377643.0377
2025,2,61,East,Large,370859.3297,455956.5351,426328.4466,28638.0182,400932.2546
2025,2,61,Central,Small & Medium,387631.5288,238885.7484,297815.0434,36073.1287,505023.8019
2025,2,61,West,Large,451520.124,438701.6618,499204.6725,27472.8786,302201.6644
2025,2,61,Central,Small & Medium,292411.526,705134.7727,469833.8978,30204.1158,362449.3893
2025,2,61,Central,Small & Medium,283664.7634,278090.0004,469019.0105,25452.9192,203623.3535
2025,2,61,East,Strategic,175306.0598,385842.2424,310772.5873,35939.1883,467209.4481
2025,2,61,West,Small & Medium,318138.4997,327211.8389,470026.4748,29191.2301,321103.5313
2025,2,61,Central,Small & Medium,250733.1398,577475.6694,409885.3647,30247.5438,423465.6134
2025,2,61,West,Strategic,504363.6335,565403.226,333457.5953,30595.7767,489532.4276
2025,2,61,West,Strategic,383999.5832,568579.3541,325550.8426,27918.8358,307107.1943
2025,2,61,Central,Small & Medium,595078.0297,645999.8252,446586.5431,31021.4055,372256.8662
2025,2,61,East,Strategic,310595.2943,618249.3794,623194.9653,30153.5364,391995.9732
2025,2,61,East,Large,202954.1491,632385.4712,658367.8033,27451.6037,301967.641
2025,2,61,East,Small & Medium,471342.923,484056.2106,431309.8551,30317.445,363809.3399
2025,2,61,East,Small & Medium,469437.8815,437125.8634,291065.1071,30882.2405,524998.0884
2025,2,61,Central,Large,273561.3031,579597.669,483663.9909,28222.4776,338669.7311
2025,2,61,West,Large,322074.6011,345810.1136,813047.8224,31900.4355,446606.0966
2025,2,61,West,Large,374248.1144,435581.6616,508528.2605,29503.4757,383545.1837
2025,2,61,Central,Strategic,120515.1904,338567.0557,548427.5445,32954.9831,560234.7126
2025,2,61,East,Strategic,613854.6604,251811.1962,444664.0191,30548.3265,549869.8771
2025,2,61,West,Large,431884.1591,377281.6594,486559.552,30042.2293,210295.6048
2025,2,61,Central,Large,554894.721,470858.9429,540482.1227,32609.3594,293484.2344
2025,2,61,East,Large,425734.767,461945.1235,471798.7504,33894.6362,237262.4531
2025,2,61,Central,Large,509371.3013,383887.7074,537266.2953,37996.8199,417965.019
2025,2,61,East,Large,428407.0243,477506.4322,714014.928,28716.3901,516895.0218
2025,2,61,Central,Small & Medium,286066.0327,394854.4212,519368.2554,29766.0844,565555.604
2025,2,61,East,Large,704812.9678,403405.4449,605568.3721,34080.7447,613453.404
2025,2,61,Central,Small & Medium,370939.0434,565352.5268,333230.5239,33460.9864,301148.8773
2025,2,61,Central,Small & Medium,264681.3504,508703.4461,448708.8248,31073.6903,435031.6641
2025,2,61,East,Small & Medium,294012.1839,277491.0708,404333.2867,29452.3087,412332.3215
2025,2,61,East,Large,419215.8765,583658.9178,547013.7121,28133.458,84400.3739
2025,2,61,East,Strategic,391471.8173,394823.8396,451623.4394,23887.3477,286648.172
2025,2,61,Central,Strategic,244616.6731,692083.0702,477997.6276,33415.0657,634886.2491
2025,2,61,Central,Large,407567.7086,381957.3234,403993.1067,26643.8562,293082.4178
2025,2,61,Central,Large,425886.8462,278508.7115,360667.1378,28128.4808,421927.2119
2025,2,61,Central,Large,294126.8288,670700.6544,577870.3952,33884.2103,508263.1547
2025,2,61,Central,Large,754192.589,788918.6249,267808.9858,33043.0637,396516.7647
2025,2,61,West,Strategic,445900.6643,484637.5436,484000.8071,35589.7463,249128.2241
2025,2,61,East,Large,481047.2525,414886.8782,550355.8182,29256.8178,292568.1777
2025,2,61,Central,Small & Medium,444454.4223,355094.1836,491058.3023,30246.9956,483951.93
2025,2,61,Central,Small & Medium,371033.1363,586288.8341,458069.0498,29977.5961,419686.3456
2025,2,61,East,Small & Medium,362876.7687,467966.0167,311165.4371,27499.6177,412494.2656
2025,2,61,Central,Strategic,218230.2743,455521.4781,603527.815,34709.9332,485939.0646
2025,2,61,Central,Large,415698.2706,309269.1826,470813.0889,33939.8345,373338.1791
2025,2,61,Central,Small & Medium,503762.2728,328997.0962,472125.8628,33606.8138,201640.8829
2025,2,61,Central,Small & Medium,476837.2659,389143.5895,368170.3601,29869.1045,388298.3591
2025,2,61,Central,Strategic,394706.2688,294735.9678,302373.505,33708.0773,539329.2375
2025,2,61,Central,Large,421281.2371,296006.6546,685144.613,29909.4912,388823.3855
2025,2,61,East,Small & Medium,526642.6437,487456.5162,644267.7653,29962.2147,269659.932
2025,2,61,East,Large,436747.9111,487226.5405,509721.9395,28439.1221,398147.7088
2025,2,61,Central,Strategic,578909.8174,599588.5223,465438.1247,31216.8386,280951.5474
2025,2,61,East,Strategic,415839.1177,596694.7739,576147.2396,35040.1829,700803.6583
2025,2,61,East,Small & Medium,496212.6457,490927.8958,575681.9005,21742.2178,260906.613
2025,2,61,East,Large,349148.6716,444190.4298,618634.7518,29236.6115,584732.2302
2025,2,61,Central,Strategic,467101.0048,632251.2716,574736.3942,32554.1293,260433.0343
2025,2,61,East,Large,574170.767,587634.5857,277242.9709,23747.4991,284969.9887
2025,2,61,East,Small & Medium,508444.4259,413799.343,429825.9546,31865.0775,254920.6197
2025,2,61,Central,Strategic,417255.5172,426547.9175,575947.5656,23019.5115,322273.161
2025,2,61,West,Large,438872.9421,565871.6741,454117.9642,30375.3466,273378.1198
2025,2,61,East,Strategic,178755.9513,527160.0386,288617.5837,31109.9335,497758.9357
2025,2,61,West,Strategic,579422.7487,494330.4196,551666.4074,31304.3112,532173.2902
2025,2,61,West,Small & Medium,427041.7093,309786.5637,551579.2801,29434.3968,470950.3493
2025,2,61,West,Large,324054.173,527341.7067,380841.0198,30816.1193,338977.312
2025,2,61,East,Small & Medium,820786.2169,276542.2271,493191.2929,29380.815,381950.5956
2025,2,61,East,Large,279406.7989,559403.5195,407421.5893,32111.6871,289005.1841
2025,2,61,Central,Large,572506.3258,449914.359,529203.9126,31888.1612,510210.5785
2025,2,61,East,Large,599305.9919,162467.5509,404296.9757,27422.9396,329075.2755
2025,2,61,East,Strategic,183675.3263,657390.1427,524313.6328,25480.8725,382213.0879
2025,2,61,East,Strategic,356652.7969,316473.3567,651149.6902,28763.4119,345160.9429
2025,2,61,East,Large,554337.9045,303743.3469,448907.5639,29883.5039,328718.543
2025,2,61,Central,Small & Medium,633805.3406,460836.0393,436845.889,24897.5044,398360.0706
2025,2,61,Central,Small & Medium,524090.8394,409410.6582,616991.0906,33692.637,505389.5549
2025,2,61,East,Strategic,465604.2689,360415.2987,338830.6007,30743.8123,491900.9967
2025,2,61,East,Large,480996.0674,264690.1149,409145.6597,32821.938,557972.9466
2025,2,61,East,Large,402491.0796,595861.8133,269661.7047,32283.415,710235.1309
2025,2,61,East,Strategic,567445.4301,380003.7584,558822.8229,30172.5018,392242.523
2025,2,61,Central,Strategic,584076.6,444498.4438,391516.5249,28283.4613,452535.3804
2025,2,61,Central,Large,262070.4598,509540.5218,556306.1864,26567.9658,345383.556
2025,2,61,West,Large,308560.52,483877.1393,446638.9487,27192.4509,217539.6075
2025,2,61,Central,Large,562923.6516,397151.9454,614129.5194,31435.7933,314357.9333
2025,2,61,East,Small & Medium,409037.8909,602234.667,481858.5417,29818.9246,328008.1704
2025,2,61,West,Large,492835.2774,497281.39,339276.351,28842.0942,461473.5069
2025,2,61,West,Strategic,166846.9028,419143.5714,577482.2809,29226.2284,759881.9385
2025,2,61,Central,Strategic,530984.032,437623.8926,384116.8737,28603.1505,314634.6559
2025,2,61,Central,Strategic,544054.5575,467447.5301,466286.3456,32956.9078,362525.9854
2025,2,61,Central,Strategic,523236.0173,518864.4337,657856.3351,33046.4518,627882.5842
2025,2,61,Central,Strategic,549909.3873,231873.9568,864682.2884,28555.1278,342661.5334
2025,2,61,Central,Strategic,579897.7143,413949.0769,461212.6808,35092.7859,350927.8586
2025,2,61,East,Strategic,389215.3682,381187.6177,438113.7643,27821.8506,389505.9084
2025,2,61,Central,Small & Medium,539847.8005,503176.3206,462895.7608,29183.6036,379386.8474
2025,2,61,West,Strategic,361027.1259,334198.6398,280522.1105,27552.247,468388.199
2025,2,61,East,Small & Medium,496163.9957,369340.6525,469663.7367,38647.3539,425120.8932
2025,2,61,Central,Small & Medium,500620.7029,398636.2582,485315.1654,34289.3112,514339.6685
2025,2,61,East,Strategic,367358.8682,339392.0792,224051.8894,31257.3799,437603.3188
2025,2,61,West,Small & Medium,435824.7961,412429.3324,389287.6264,34241.6807,376658.4882
2025,2,61,Central,Strategic,438052.615,633954.6083,669459.9798,27548.0467,606057.0267
2025,2,61,East,Strategic,611641.1144,507239.6378,360415.7645,28303.1016,311334.1175
2025,2,61,East,Strategic,257388.9386,427063.8755,344444.803,31258.6078,437620.5094
2025,2,61,Central,Large,436109.3239,300858.4083,344512.8844,24785.0404,446130.7271
2025,2,61,East,Strategic,467705.2717,433280.8826,381904.4925,26250.3713,393755.5695
2025,2,61,East,Small & Medium,395731.4121,339235.7778,642455.1575,25600.6581,281607.2393
2025,2,61,East,Strategic,446960.7101,478996.6781,545475.3059,26829.6421,187807.4945
2025,2,61,Central,Strategic,293462.3375,264712.0104,374144.3723,28863.877,635005.2946
2025,2,61,East,Strategic,363118.873,463200.1605,217017.383,26892.1993,376490.7901
2025,2,61,West,Large,605979.3661,592575.4314,462700.9895,32663.1566,424621.036
2025,2,61,West,Large,458136.2063,362232.5799,509558.0404,28093.1362,393303.9067
2025,2,61,East,Large,425500.7015,256241.4666,818286.7189,31772.2459,635444.9186
2025,2,61,East,Strategic,767912.2606,552936.1913,421025.3761,33825.8519,473561.9261
2025,2,61,Central,Small & Medium,528262.2893,463035.6752,563942.6675,28546.0157,456736.2515
2025,2,61,West,Small & Medium,321252.1901,266446.0654,383775.6612,28371.1869,312083.0555
2025,2,61,Central,Small & Medium,289391.5803,363962.5095,524292.7523,28950.8495,636918.6894
2025,2,61,Central,Strategic,299705.4354,310915.3909,318778.6301,28012.8372,672308.0936
2025,2,61,East,Large,366106.952,629957.4899,672584.1334,28298.1311,452770.0978
2025,2,61,West,Large,417479.8228,463306.8333,592071.2536,34447.4589,585606.8012
2025,2,61,West,Strategic,532984.7602,686392.6867,514540.6086,28549.178,513885.2036
2025,2,61,West,Strategic,422781.0749,327459.3267,387833.2805,31482.6533,125930.6133
2025,2,61,West,Large,321522.7891,326168.6929,462554.7095,31382.3829,439353.3602
2025,2,61,West,Strategic,565088.2135,544967.438,660523.9658,31843.1155,668705.4262
2025,2,61,East,Strategic,346803.5618,374213.807,695529.6961,33219.9966,398639.9594
2025,2,61,East,Strategic,481505.7347,449202.2067,237214.8005,32073.0547,288657.4921
2025,2,61,East,Large,588821.1683,522477.3427,511578.1478,27725.7822,304983.6043
2025,2,61,East,Strategic,372285.6267,622523.3718,336025.0599,34061.5057,476861.0799
2025,2,61,West,Large,545347.6733,394939.1392,645168.7986,32289.6248,322896.2475
2025,2,61,East,Strategic,480392.2231,653815.1989,744229.789,31581.9306,410565.0983
2025,2,61,East,Strategic,347145.9016,277333.3767,329216.1076,32478.2386,292304.1472
2025,2,61,East,Strategic,360346.002,331143.0788,571070.5891,33860.6594,474049.2321
2025,2,61,East,Strategic,448155.618,370398.7996,688712.2846,27879.912,390318.7682
2025,2,61,East,Strategic,350988.779,439387.0062,409722.2825,27069.4085,324832.9019
2025,2,61,West,Large,408166.6484,351315.0235,262637.7195,32436.6018,356802.6195
2025,2,61,East,Large,487156.7715,387204.4028,337438.5475,24403.5031,317245.5399
2025,2,61,East,Large,611585.5019,492692.9739,547946.33,22557.6785,315807.4994
2025,2,61,East,Strategic,331370.9489,489968.7239,390583.0394,33034.9638,396419.5652
2025,2,61,East,Large,469468.6877,468598.8187,476834.1597,29333.252,381332.2759
2025,2,61,East,Large,685843.1352,469647.082,694476.3141,33433.4622,434635.0089
2025,2,61,Central,Small & Medium,604158.9813,299415.3907,305181.3651,22978.6309,252764.9394
2025,2,61,West,Large,299648.6316,363366.2576,596112.3676,38128.5428,495671.057
2025,2,61,Central,Large,409513.9093,630118.3594,254823.4204,28932.286,462916.5757
2025,2,61,East,Strategic,247092.2811,456576.0722,582276.2625,30367.0044,394771.0571
2025,2,61,West,Strategic,501642.6585,564246.7273,451537.2527,29967.482,299674.8198
2025,2,61,Central,Strategic,277453.0239,432102.6112,423939.4112,32293.2544,193759.5261
2025,2,61,Central,Small & Medium,488447.8669,470985.4373,411440.9879,28520.4984,456327.975
2025,2,61,Central,Strategic,431469.5073,433782.4206,344686.0677,27692.0934,498457.6806
2025,2,61,West,Strategic,498683.6432,724315.151,581149.4253,35952.699,251668.8927
2025,2,61,East,Strategic,453154.3787,171741.0602,436451.2208,32182.7132,225278.9925
2025,2,61,Central,Strategic,709627.3019,563705.7388,418200.1381,29843.0235,358116.2823
2025,2,61,West,Large,646232.7564,524150.4109,439248.8069,30150.3271,512555.561
2025,2,61,East,Strategic,362334.5722,539871.4321,424156.7331,26313.6033,236822.4299
2025,2,61,Central,Large,357287.2384,523316.6045,392258.9929,28483.4356,341801.2267
2025,2,61,West,Small & Medium,396532.2486,207167.3894,522302.7938,29225.6608,379933.5903
2025,2,61,Central,Small & Medium,499827.6437,538174.639,559057.3773,35306.4074,423676.8887
2025,2,61,Central,Small & Medium,446315.5588,470218.2919,563430.1895,34604.046,415248.5518
2025,2,61,East,Large,413681.6448,468768.8029,352667.2436,33612.9344,537806.9496
2025,2,61,East,Large,327237.9119,327716.9131,446056.858,34592.8685,588078.7646
2025,2,61,East,Large,367914.0021,411819.5159,373789.7666,30989.9823,433859.7516
2025,2,61,East,Strategic,274755.4083,869148.867,521239.3866,36660.5698,659890.2555
2025,2,61,West,Large,450096.1002,345353.0742,341802.0482,29301.6234,468825.9743
2025,2,61,Central,Large,238844.6412,434625.6843,477617.4108,28840.2089,374922.7154
2025,2,61,East,Strategic,328758.1048,520984.7422,560877.264,36391.0721,400301.7927
2025,2,61,West,Large,403266.8815,248346.2552,446412.9453,33247.246,365719.7063
2025,2,61,West,Strategic,447614.4811,497510.1754,538882.7189,28103.8013,477764.6216
2025,2,61,East,Strategic,527189.3128,574216.5991,496486.1513,28953.0174,144765.0872
2025,2,61,East,Strategic,657934.2613,302164.4792,843003.3528,32682.1359,359503.4953
2025,2,61,Central,Strategic,341327.1499,405885.3564,398877.8541,28081.5118,365059.6538
2025,2,61,East,Large,352487.7188,679446.3108,370589.1134,32849.4205,328494.2046
2025,2,61,East,Large,487839.4947,264199.3352,430565.1618,29597.1037,295971.0373
2025,2,61,East,Large,412238.9694,662310.4321,420266.7044,29624.5867,562867.1479
2025,2,61,East,Strategic,623360.1924,507362.2393,560380.5926,30860.0256,401180.3325
2025,2,61,East,Strategic,700522.9742,617853.6816,652896.7705,37043.8813,444526.5751
2025,2,61,East,Large,486309.0221,566647.6218,328455.9356,22932.5533,298123.1928
2025,2,61,East,Strategic,535680.5059,511254.5271,676058.4826,27662.7743,497929.9375
2025,2,61,East,Small & Medium,230233.5456,600589.6796,304487.28,30914.5869,556462.5633
2025,2,61,West,Strategic,537147.9652,384635.1319,507250.0049,27653.4615,525415.7676
2025,2,61,West,Small & Medium,261828.0772,391401.4289,508860.8361,29491.3096,294913.0955
2025,2,61,East,Small & Medium,480914.976,598087.9735,531042.0864,31277.6541,656830.7368
2025,2,61,East,Strategic,476733.2597,601384.0212,420348.4817,32670.6565,588071.817
2025,2,61,East,Small & Medium,362966.3213,337308.2108,491161.3142,31257.9684,375095.6211
2025,2,61,East,Small & Medium,465863.7268,790017.784,536350.4491,24219.1761,217972.5852
2025,2,61,East,Small & Medium,417150.4332,514621.1038,472446.2354,28086.2762,196603.9333
2025,2,61,East,Large,215991.2607,306970.0265,432910.244,34365.4366,618577.8589
2025,2,61,Central,Small & Medium,482051.8135,348074.512,545649.4939,35781.1366,393592.5031
2025,2,61,Central,Strategic,236621.4088,652979.3654,475023.2757,27735.9177,360566.9295
2025,2,61,Central,Large,336277.4708,413533.0462,741499.0997,32857.1759,328571.7588
2025,2,61,West,Large,420927.5354,333813.7761,585292.8894,27902.7478,306930.2254
2025,2,61,Central,Strategic,672781.0188,420575.3123,517993.9293,25691.2619,513825.2371
2025,2,61,Central,Strategic,714969.299,663764.1245,427321.1287,28152.6673,281526.6733
2025,2,61,East,Large,409472.314,607136.4015,500286.5705,31006.755,651141.8549
2025,2,61,Central,Small & Medium,329243.4171,619323.9212,500098.0737,28032.2485,196225.7395
2025,2,61,West,Large,613648.6419,356098.4389,471156.1649,26714.3146,400714.7187
2025,2,61,West,Large,120347.6851,409223.3583,275229.8067,32212.5014,386550.0169
2025,2,61,East,Strategic,362803.8059,441899.7522,405029.7171,31889.6701,478345.0509
2025,2,61,East,Strategic,340449.3278,538058.186,469205.1913,25450.6623,305407.9479
2025,2,61,East,Large,326022.9563,523359.8246,404439.6592,32144.6428,257157.1424
2025,2,61,West,Small & Medium,457685.7449,447398.1745,396337.6037,29493.967,412915.5386
2025,2,61,Central,Small & Medium,529399.9939,310129.9867,670652.667,34156.2558,409875.0696
2025,2,61,West,Large,566339.9252,532915.028,542230.1118,30546.7377,549841.2786
2025,2,61,West,Large,380803.5673,405172.7542,562649.2472,33179.7615,464516.6616
2025,2,61,West,Small & Medium,333230.6206,389332.7442,287853.141,33503.6427,435547.3556
2025,2,61,Central,Small & Medium,461001.6198,497753.8129,597660.6227,34218.5819,513278.7278
2025,2,61,East,Small & Medium,439896.0135,177131.4368,655030.5953,33909.8303,339098.3029
2025,2,61,West,Strategic,349207.6186,706141.3317,758698.5699,32361.2153,355973.3684
2025,2,61,West,Small & Medium,227137.4417,499966.2045,513161.9873,31647.5811,506361.2976
2025,2,61,West,Small & Medium,539509.7056,656113.3296,609629.288,34000.4009,408004.811
2025,2,61,East,Large,691153.0655,400806.4993,541974.7226,32392.1959,453490.7431
2025,2,61,Central,Small & Medium,407811.6279,323236.8322,614276.4628,37349.1333,485538.7326
2025,2,61,West,Small & Medium,210055.7602,582192.266,480630.9812,32046.3068,672972.4432
2025,2,61,East,Small & Medium,263894.628,511141.7448,404906.1524,34138.0699,512071.0478
2025,2,61,West,Strategic,485444.0761,527005.6055,377941.1481,22825.2569,342378.8539
2025,2,61,East,Strategic,673029.4796,530373.4431,313956.6462,28785.2728,345423.2741
2025,2,61,Central,Large,495943.589,429021.5508,612082.8883,33699.6063,370695.6691
2025,2,61,East,Large,547855.8762,326580.491,552198.59,29966.1328,329627.461
2025,2,61,West,Large,439901.191,374463.8756,444385.9955,30847.8917,493566.2673
2025,2,61,West,Strategic,605246.2331,303136.3428,308740.7749,34201.7808,273614.2464
2025,2,61,East,Strategic,362349.5545,829670.6475,525613.1741,33476.2737,636049.2003
2025,2,61,East,Large,164863.6455,531513.6363,269514.7853,28546.6175,342559.4095
2025,2,61,Central,Strategic,470535.4824,541159.3578,663611.836,27913.7314,223309.8514
2025,2,61,Central,Small & Medium,336957.3963,625409.2631,468332.7645,31224.8995,312248.9953
2025,2,61,Central,Strategic,289647.9126,345417.1685,557600.4741,32975.0779,395700.935
2025,2,61,West,Small & Medium,582238.4334,560804.506,463680.1878,28873.5867,317609.4534
2025,2,61,East,Large,486513.9666,390829.5648,408073.0535,29440.133,559362.5272
2025,2,61,East,Strategic,220323.395,136171.7231,95645.1159,41531.8729,83063.7458
2025,2,61,Central,Strategic,321182.7229,494981.1505,390982.5163,37745.373,566180.5957
2025,2,61,East,Large,441288.2854,378433.6264,560014.7928,28046.5173,224372.1381
2025,2,61,Central,Large,346425.2639,604863.8759,307941.8144,35239.4317,352394.3165
2025,2,61,West,Large,348593.1676,452614.884,629011.2672,27428.9217,493720.5909
2025,2,61,West,Small & Medium,388122.974,627487.9631,297845.0872,36381.9986,654875.9752
2025,2,61,East,Strategic,216220.7746,247432.4976,458893.2981,29655.7673,237246.138
2025,2,61,Central,Strategic,413820.1045,511956.9839,643767.0469,30749.1264,276742.1374
2025,2,61,East,Strategic,450505.4739,522547.8399,716923.5344,25014.1523,275155.6755
2025,2,61,Central,Small & Medium,307142.0318,593464.5981,419016.1114,30400.3426,486405.4813
2025,2,61,West,Strategic,468770.6304,517828.3504,706783.4247,38597.1931,424569.1241
2025,2,61,Central,Small & Medium,832374.871,564379.2356,451399.1832,24024.0913,192192.7303
2025,2,61,Central,Small & Medium,385888.4999,488003.7693,542268.7434,24696.0238,296352.2853
2025,2,61,West,Large,617359.7446,435523.7978,525894.5261,24857.0503,248570.5034
2025,2,61,East,Small & Medium,258440.7705,615047.9869,359625.3214,30532.0522,427448.7304
2025,2,61,Central,Large,472603.4672,504338.4722,437104.4265,30970.1078,464551.6176
2025,2,61,West,Strategic,479693.403,302982.7417,351877.9014,29146.9391,408057.1476
2025,2,61,East,Strategic,558468.2554,476475.4118,406244.4209,29926.809,478828.9439
2025,2,61,Central,Strategic,435090.5979,544228.9587,310270.521,27190.1914,271901.914
2025,2,61,Central,Strategic,192460.1252,399366.8765,716996.8399,31071.5516,403930.1706
2025,2,61,East,Strategic,353552.195,439160.9649,635416.1079,23757.7597,308850.8758
2025,2,61,Central,Large,605655.8742,132350.4248,493636.2211,29465.3902,353584.6826
2025,2,61,Central,Strategic,362060.8566,403151.1344,637537.7604,27696.1661,387746.326
2025,2,61,West,Small & Medium,229579.2802,349396.4764,665411.237,30746.654,430453.1564
2025,2,61,Central,Large,360774.8118,292692.325,546605.349,33197.4319,398369.1828
2025,2,61,East,Strategic,447746.1709,633008.7111,486650.9563,29045.5078,493773.6318
2025,2,61,Central,Large,557979.4424,558986.7494,333933.9762,28505.604,484595.2688
2025,2,61,East,Strategic,379465.8888,445182.33,330625.4772,30909.2308,309092.308
2025,2,61,Central,Large,411853.1738,237084.1079,484718.8118,30727.0629,276543.5665
2025,2,61,Central,Large,690069.5698,381197.9827,469566.3313,32732.5975,523721.5604
2025,2,61,Central,Strategic,149329.8617,632887.0078,245859.9248,31136.1953,560451.5153
2025,2,61,Central,Strategic,445314.4863,474802.6793,481777.0314,30350.3321,515955.6464
2025,2,61,West,Small & Medium,284609.4154,461285.3314,526109.9428,34374.9198,412499.0371
2025,2,61,Central,Strategic,364092.8434,399845.878,800154.2548,36349.9143,581598.6284
2025,2,61,Central,Small & Medium,319758.5695,354562.7805,463545.6164,26751.8592,294270.4513
2025,2,61,East,Strategic,310170.1939,772350.8643,444793.0842,33259.1079,332591.0793
2025,2,61,East,Strategic,449744.1546,236481.1221,336396.522,29187.7135,496191.129
2025,2,61,Central,Strategic,524685.6199,569430.8032,554295.6795,27612.416,358961.4081
2025,2,61,Central,Large,460018.7844,511376.0043,599310.3305,30077.7771,451166.6572
2025,2,61,West,Large,333298.1142,419948.872,321259.3539,30313.8078,545648.5405
2025,2,61,Central,Large,382928.3433,264323.7768,412438.1258,26690.5183,320286.2191
2025,2,61,Central,Large,554012.7173,386184.8229,573517.9778,27457.0821,356942.067
2025,2,61,Central,Strategic,285533.7759,793694.7521,427748.6291,30092.6455,120370.582
2025,2,61,Central,Small & Medium,268276.8699,474863.6716,584126.9906,31739.5038,603050.5724
2025,2,61,East,Large,579148.0906,518284.954,528893.4288,30251.1448,453767.1724
2025,2,61,East,Large,357900.7683,255344.325,549591.6142,27297.2906,300270.1961
2025,2,61,Central,Large,374511.8869,506750.0951,322982.0995,29888.5947,388551.7309
2025,2,61,East,Strategic,338340.1396,368136.5318,408435.4331,34094.3925,613699.0646
2025,2,61,Central,Strategic,636152.2091,520012.287,284250.9975,26154.4492,418471.1874
2025,2,61,Central,Large,408606.1444,262254.4465,401595.1585,32627.4785,358902.2636
2025,2,61,East,Strategic,395602.5126,542740.2134,258869.6824,29804.1426,447062.139
2025,2,61,Central,Strategic,319170.7138,532357.1364,390502.6851,32050.7588,320507.588
2025,2,61,Central,Large,458877.3293,363647.7915,621137.6002,30080.2593,300802.5926
2025,2,61,Central,Small & Medium,376446.086,295981.6325,592520.2385,31639.3766,442951.2728
2025,2,61,Central,Large,437722.284,622676.3174,500274.233,33233.5461,465269.6456
2025,2,61,Central,Large,194493.6363,450783.3198,598112.7446,32972.9558,692432.0725
2025,2,61,Central,Large,446458.0756,434896.6365,315752.3838,29394.1314,382123.708
2025,2,61,Central,Small & Medium,636788.0071,569845.8592,524770.3107,27335.1619,464697.753
2025,2,61,West,Large,525660.1378,456124.9444,685534.1746,27681.5168,249133.6516
2025,2,61,Central,Large,439344.4024,757681.8519,500889.7762,31247.3304,468709.956
2025,2,61,Central,Strategic,385813.6436,562957.3302,627796.7922,27552.6777,275526.777
2025,2,61,Central,Strategic,450411.6091,366351.3136,516139.3797,29757.1718,446357.5767
2025,2,61,East,Strategic,518709.8993,280348.0277,807598.0439,32163.5617,578944.11
2025,2,61,East,Small & Medium,520107.1465,298525.4423,246118.6165,34623.9578,276991.6627
2025,2,61,Central,Strategic,329980.9208,390831.571,328823.6489,31371.1991,501939.1858
2025,2,61,Central,Strategic,486934.1889,381428.9837,391818.1162,26773.6188,321283.4259
2025,2,61,East,Small & Medium,502967.8131,420168.5842,507837.6475,30811.0624,462165.9354
2025,2,61,Central,Small & Medium,233183.6899,636568.625,456572.7424,28814.0313,316954.3439
2025,2,61,East,Large,443456.7013,376486.3697,463090.6647,27471.5579,439544.9267
2025,2,61,East,Small & Medium,730234.7476,510522.2679,424183.4866,29312.8333,410379.6661
2025,2,61,East,Small & Medium,503592.8936,588525.0484,305577.1562,28677.7151,430165.7261
2025,3,62,Central,Strategic,219476.2243,276750.7042,385765.6471,26488.2861,158929.7165
2025,3,62,East,Strategic,465261.0404,407236.1473,435384.038,30400.7757,577614.739
2025,3,62,Central,Strategic,273022.5311,740845.9604,426969.9001,24316.5862,510648.3107
2025,3,62,West,Large,259957.5128,470002.2304,457150.8299,33503.6002,670072.0033
2025,3,62,Central,Large,458506.1567,263834.8718,330521.1807,31313.5869,438390.2166
2025,3,62,West,Strategic,134616.7058,405006.9752,503558.5284,30345.3065,485524.9037
2025,3,62,East,Large,353599.8638,605590.784,645524.8621,30063.7312,240509.8494
2025,3,62,East,Large,478819.9138,502321.0422,547812.8362,31187.1447,436620.0263
2025,3,62,East,Small & Medium,189792.4792,566681.4117,493802.4547,29503.4718,531062.4924
2025,3,62,West,Strategic,550732.9522,424818.2145,392162.0188,29596.7835,473548.5362
2025,3,62,Central,Strategic,343724.1185,498022.2594,350924.1529,27401.7918,465830.4606
2025,3,62,Central,Strategic,321127.7046,584504.4498,502530.4114,25099.9404,326299.2251
2025,3,62,East,Strategic,521891.876,456528.8356,486757.125,31711.0941,665932.9771
2025,3,62,West,Strategic,392092.5326,516765.5833,681548.1891,30094.0281,601880.5616
2025,3,62,West,Large,298417.1822,480451.8949,310889.0796,22775.6522,341634.7836
2025,3,62,East,Strategic,372253.7076,379321.6529,553922.4663,25774.5746,438167.7683
2025,3,62,West,Strategic,218352.5182,402308.8941,543162.6068,26450.7203,449662.2459
2025,3,62,West,Strategic,464128.3288,514243.1296,621386.9975,31841.7321,286575.5891
2025,3,62,West,Large,425592.6278,453105.9117,594073.4293,28978.7367,637532.2079
2025,3,62,East,Large,477837.1855,530288.3948,435749.2826,34304.0485,308736.4364
2025,3,62,East,Strategic,489706.1185,268309.3698,478013.745,33526.0424,737572.9317
2025,3,62,East,Small & Medium,252766.5789,456426.1546,428671.4856,27603.2967,414049.4503
2025,3,62,West,Small & Medium,255249.2858,550135.7487,415240.1279,29214.7908,642725.3973
2025,3,62,West,Strategic,578203.6554,240822.574,399507.7006,28828.9405,605407.75
2025,3,62,West,Large,545889.3496,554878.4398,290860.7926,33844.6987,778428.0694
2025,3,62,East,Small & Medium,301370.0132,374822.8884,516584.1245,28482.4102,398753.7426
2025,3,62,East,Strategic,343615.2241,554891.9972,506671.0748,31857.5709,477863.5633
2025,3,62,East,Small & Medium,498504.1085,351995.4958,497694.8648,31025.1229,496401.9661
2025,3,62,West,Small & Medium,366750.5188,250877.4301,629614.3644,32436.9656,486554.4841
2025,3,62,Central,Large,413088.7567,524170.579,218422.5439,29785.7185,565928.6519
2025,3,62,West,Large,551052.9476,575902.6,297817.7801,30889.8857,494238.1709
2025,3,62,Central,Small & Medium,404401.2485,567951.423,333245.7656,27622.9695,276229.6954
2025,3,62,West,Strategic,336941.684,518090.917,379824.1057,30297.1767,242377.4137
2025,3,62,East,Small & Medium,343536.7896,439240.2357,317516.5797,28982.5897,405756.2564
2025,3,62,Central,Large,321470.1105,461762.1004,463912.1604,33186.3058,564167.1984
2025,3,62,East,Small & Medium,457893.1251,305325.6849,320216.5055,26708.2663,400623.9947
2025,3,62,East,Small & Medium,250741.9244,225074.5954,737672.4807,28106.9461,730780.5976
2025,3,62,East,Small & Medium,422963.7099,277866.5786,562206.8026,34053.4573,476748.4019
2025,3,62,East,Small & Medium,349507.7334,379867.0278,374972.7861,36017.0832,396187.9147
2025,3,62,East,Small & Medium,328038.0847,500000.1715,507280.0636,34589.683,380486.5125
2025,3,62,West,Small & Medium,497098.4807,225840.591,362946.3151,27051.2463,324614.9557
2025,3,62,East,Small & Medium,547732.3011,330622.9599,287928.9244,30565.7629,550183.7323
2025,3,62,East,Small & Medium,438330.9265,492415.1738,441688.0902,30948.6654,588024.6433
2025,3,62,East,Small & Medium,496627.2904,648888.8604,643814.5188,32909.5442,526552.7077
2025,3,62,East,Large,336990.7214,521382.6719,305605.4569,31610.0382,568980.6875
2025,3,62,East,Strategic,317236.9152,594663.5359,424934.7911,27184.2136,598052.6985
2025,3,62,East,Strategic,178468.5735,224901.2121,274997.1055,34068.3782,613230.8074
2025,3,62,East,Strategic,592939.6211,561623.4522,600937.8656,29475.1163,560027.2101
2025,3,62,East,Small & Medium,403840.6388,612590.8647,434960.0105,28931.5422,347178.5066
2025,3,62,East,Small & Medium,446056.327,367672.1425,390710.4337,34892.6922,488497.6909
2025,3,62,East,Small & Medium,404669.487,277565.2572,362801.8502,30776.2394,523196.069
2025,3,62,East,Small & Medium,254114.2788,414324.4171,409253.2008,33891.0518,372801.57
2025,3,62,East,Small & Medium,252217.2961,370341.9899,531307.7618,31321.7086,281895.3771
2025,3,62,East,Small & Medium,459231.3678,483543.0989,346842.4774,30256.999,574882.9816
2025,3,62,East,Small & Medium,321338.7622,552009.6996,470835.6217,36301.0377,580816.6027
2025,3,62,East,Small & Medium,599624.0408,497731.3988,528318.1987,33188.7544,531020.0711
2025,3,62,East,Small & Medium,411266.0774,411994.248,452807.039,27737.2548,637956.8611
2025,3,62,East,Small & Medium,289763.7562,531890.4667,360423.9227,29604.2929,325647.222
2025,3,62,Central,Small & Medium,366162.153,387964.7004,348966.2098,31175.5015,467632.5231
2025,3,62,East,Small & Medium,451367.4992,484002.0528,501556.5542,28535.5167,656316.8838
2025,3,62,Central,Small & Medium,503406.7606,584412.2633,360821.2128,28875.7114,375384.2486
2025,3,62,East,Small & Medium,678718.1594,427681.2944,544822.8828,26956.4112,646953.8688
2025,3,62,Central,Small & Medium,291535.0044,568803.4244,399737.1398,24246.1059,339445.482
2025,3,62,East,Large,344644.3469,518585.7364,490479.3623,25464.8405,483831.9695
2025,3,62,East,Strategic,227033.6036,338173.4159,403154.2469,32604.6869,521674.9911
2025,3,62,Central,Strategic,736416.8336,702623.4784,403359.6253,28866.3421,577326.8425
2025,3,62,West,Large,377643.0377,530977.1562,402160.0247,28742.4189,316166.6082
2025,3,62,East,Large,400932.2546,370859.3297,455956.5351,25662.6726,436265.4343
2025,3,62,Central,Small & Medium,505023.8019,387631.5288,238885.7484,36102.4392,361024.3921
2025,3,62,West,Large,302201.6644,451520.124,438701.6618,24564.8732,294778.4784
2025,3,62,Central,Small & Medium,362449.3893,292411.526,705134.7727,37762.1763,717481.3497
2025,3,62,Central,Small & Medium,203623.3535,283664.7634,278090.0004,28743.333,517379.9935
2025,3,62,East,Strategic,467209.4481,175306.0598,385842.2424,29378.9226,411304.916
2025,3,62,West,Small & Medium,321103.5313,318138.4997,327211.8389,32300.708,613713.4512
2025,3,62,Central,Small & Medium,423465.6134,250733.1398,577475.6694,33047.1418,693989.9768
2025,3,62,West,Strategic,489532.4276,504363.6335,565403.226,20725.3685,207253.6848
2025,3,62,West,Strategic,307107.1943,383999.5832,568579.3541,29282.9361,556375.7859
2025,3,62,Central,Small & Medium,372256.8662,595078.0297,645999.8252,32175.4722,643509.4431
2025,3,62,East,Strategic,391995.9732,310595.2943,618249.3794,31668.0737,506689.1784
2025,3,62,East,Large,301967.641,202954.1491,632385.4712,25512.7196,382690.7933
2025,3,62,East,Small & Medium,363809.3399,471342.923,484056.2106,30889.2972,463339.4582
2025,3,62,East,Small & Medium,524998.0884,469437.8815,437125.8634,33274.3153,399291.7831
2025,3,62,Central,Large,338669.7311,273561.3031,579597.669,31719.4736,475792.104
2025,3,62,West,Large,446606.0966,322074.6011,345810.1136,33883.3871,677667.7415
2025,3,62,West,Large,383545.1837,374248.1144,435581.6616,29086.816,465389.0553
2025,3,62,Central,Strategic,560234.7126,120515.1904,338567.0557,34886.6397,627959.5143
2025,3,62,East,Strategic,549869.8771,613854.6604,251811.1962,30619.1289,581763.4486
2025,3,62,West,Large,210295.6048,431884.1591,377281.6594,26083.6941,313004.329
2025,3,62,Central,Large,293484.2344,554894.721,470858.9429,28361.8121,482150.8065
2025,3,62,East,Large,237262.4531,425734.767,461945.1235,30729.1888,460937.8325
2025,3,62,Central,Large,417965.019,509371.3013,383887.7074,32175.1881,514803.0093
2025,3,62,East,Large,516895.0218,428407.0243,477506.4322,31560.7945,536533.5062
2025,3,62,Central,Small & Medium,565555.604,286066.0327,394854.4212,32501.9797,552533.6552
2025,3,62,East,Large,613453.404,704812.9678,403405.4449,25725.6345,385884.5174
2025,3,62,Central,Small & Medium,301148.8773,370939.0434,565352.5268,23966.3154,431393.6774
2025,3,62,Central,Small & Medium,435031.6641,264681.3504,508703.4461,25092.4808,301109.769
2025,3,62,East,Small & Medium,412332.3215,294012.1839,277491.0708,28257.0835,536884.5858
2025,3,62,East,Large,84400.3739,419215.8765,583658.9178,34077.5633,340775.6332
2025,3,62,East,Strategic,286648.172,391471.8173,394823.8396,34351.1522,412213.8259
2025,3,62,Central,Strategic,634886.2491,244616.6731,692083.0702,32797.7145,426370.2885
2025,3,62,Central,Large,293082.4178,407567.7086,381957.3234,27994.9082,419923.6237
2025,3,62,Central,Large,421927.2119,425886.8462,278508.7115,29051.7897,464828.6349
2025,3,62,Central,Large,508263.1547,294126.8288,670700.6544,30833.0782,585828.4852
2025,3,62,Central,Large,396516.7647,754192.589,788918.6249,20960.0237,188640.2136
2025,3,62,West,Strategic,249128.2241,445900.6643,484637.5436,29218.6061,584372.1225
2025,3,62,East,Large,292568.1777,481047.2525,414886.8782,25918.7362,388781.0434
2025,3,62,Central,Small & Medium,483951.93,444454.4223,355094.1836,28794.4745,489506.0673
2025,3,62,Central,Small & Medium,419686.3456,371033.1363,586288.8341,30523.2671,671511.8765
2025,3,62,East,Small & Medium,412494.2656,362876.7687,467966.0167,29461.3706,353536.4466
2025,3,62,Central,Strategic,485939.0646,218230.2743,455521.4781,30481.4054,762035.1338
2025,3,62,Central,Large,373338.1791,415698.2706,309269.1826,31323.2055,344555.2607
2025,3,62,Central,Small & Medium,201640.8829,503762.2728,328997.0962,33696.9283,336969.2831
2025,3,62,Central,Small & Medium,388298.3591,476837.2659,389143.5895,36007.0766,432084.9193
2025,3,62,Central,Strategic,539329.2375,394706.2688,294735.9678,27220.1942,462743.3019
2025,3,62,Central,Large,388823.3855,421281.2371,296006.6546,34329.9762,583609.595
2025,3,62,East,Small & Medium,269659.932,526642.6437,487456.5162,32058.1137,544987.933
2025,3,62,East,Large,398147.7088,436747.9111,487226.5405,27153.4499,271534.4993
2025,3,62,Central,Strategic,280951.5474,578909.8174,599588.5223,34241.9035,308177.1313
2025,3,62,East,Strategic,700803.6583,415839.1177,596694.7739,28522.7557,627500.6259
2025,3,62,East,Small & Medium,260906.613,496212.6457,490927.8958,32969.499,329694.9895
2025,3,62,East,Large,584732.2302,349148.6716,444190.4298,31074.7584,403971.8596
2025,3,62,Central,Strategic,260433.0343,467101.0048,632251.2716,29752.1818,624795.8184
2025,3,62,East,Large,284969.9887,574170.767,587634.5857,28413.2022,397784.8301
2025,3,62,East,Small & Medium,254920.6197,508444.4259,413799.343,33243.5305,365678.8352
2025,3,62,Central,Strategic,322273.161,417255.5172,426547.9175,32750.9354,556765.9026
2025,3,62,West,Large,273378.1198,438872.9421,565871.6741,25230.5489,302766.5863
2025,3,62,East,Strategic,497758.9357,178755.9513,527160.0386,32734.9439,589228.9901
2025,3,62,West,Strategic,532173.2902,579422.7487,494330.4196,33596.3405,369559.7454
2025,3,62,West,Small & Medium,470950.3493,427041.7093,309786.5637,27400.5313,520610.0952
2025,3,62,West,Large,338977.312,324054.173,527341.7067,31473.6901,409157.9716
2025,3,62,East,Small & Medium,381950.5956,820786.2169,276542.2271,27896.9684,474248.4623
2025,3,62,East,Large,289005.1841,279406.7989,559403.5195,33615.3904,470615.4656
2025,3,62,Central,Large,510210.5785,572506.3258,449914.359,36645.3633,476389.7235
2025,3,62,East,Large,329075.2755,599305.9919,162467.5509,36116.6798,577866.876
2025,3,62,East,Strategic,382213.0879,183675.3263,657390.1427,27306.0491,300366.5399
2025,3,62,East,Strategic,345160.9429,356652.7969,316473.3567,34917.0999,488839.3985
2025,3,62,East,Large,328718.543,554337.9045,303743.3469,32479.1162,487186.7425
2025,3,62,Central,Small & Medium,398360.0706,633805.3406,460836.0393,29623.4067,533221.3204
2025,3,62,Central,Small & Medium,505389.5549,524090.8394,409410.6582,31553.1191,788827.9783
2025,3,62,East,Strategic,491900.9967,465604.2689,360415.2987,32519.9499,617879.0477
2025,3,62,East,Large,557972.9466,480996.0674,264690.1149,33571.8263,570721.0464
2025,3,62,East,Large,710235.1309,402491.0796,595861.8133,30579.7935,397537.3152
2025,3,62,East,Strategic,392242.523,567445.4301,380003.7584,28179.3963,394511.5479
2025,3,62,Central,Strategic,452535.3804,584076.6,444498.4438,33374.6998,467245.7965
2025,3,62,Central,Large,345383.556,262070.4598,509540.5218,29318.1219,263863.0969
2025,3,62,West,Large,217539.6075,308560.52,483877.1393,28082.3954,449318.327
2025,3,62,Central,Large,314357.9333,562923.6516,397151.9454,31740.5591,476108.3858
2025,3,62,East,Small & Medium,328008.1704,409037.8909,602234.667,31267.8601,594089.342
2025,3,62,West,Large,461473.5069,492835.2774,497281.39,31906.0181,574308.326
2025,3,62,West,Strategic,759881.9385,166846.9028,419143.5714,31829.812,541106.8035
2025,3,62,Central,Strategic,314634.6559,530984.032,437623.8926,30686.3121,736471.49
2025,3,62,Central,Strategic,362525.9854,544054.5575,467447.5301,29329.3095,527927.5702
2025,3,62,Central,Strategic,627882.5842,523236.0173,518864.4337,29698.2611,296982.6107
2025,3,62,Central,Strategic,342661.5334,549909.3873,231873.9568,32797.1597,360768.7572
2025,3,62,Central,Strategic,350927.8586,579897.7143,413949.0769,31316.6965,469750.4468
2025,3,62,East,Strategic,389505.9084,389215.3682,381187.6177,32596.6276,847512.3173
2025,3,62,Central,Small & Medium,379386.8474,539847.8005,503176.3206,29124.523,349494.2765
2025,3,62,West,Strategic,468388.199,361027.1259,334198.6398,34685.8262,450915.741
2025,3,62,East,Small & Medium,425120.8932,496163.9957,369340.6525,28772.2987,316495.2861
2025,3,62,Central,Small & Medium,514339.6685,500620.7029,398636.2582,29885.5399,388512.0185
2025,3,62,East,Strategic,437603.3188,367358.8682,339392.0792,32613.628,587045.3044
2025,3,62,West,Small & Medium,376658.4882,435824.7961,412429.3324,24379.6198,292555.4375
2025,3,62,Central,Strategic,606057.0267,438052.615,633954.6083,38230.0658,420530.724
2025,3,62,East,Strategic,311334.1175,611641.1144,507239.6378,32547.7525,488216.2876
2025,3,62,East,Strategic,437620.5094,257388.9386,427063.8755,31661.3438,569904.1876
2025,3,62,Central,Large,446130.7271,436109.3239,300858.4083,26204.442,550293.2817
2025,3,62,East,Strategic,393755.5695,467705.2717,433280.8826,25941.2977,441002.0601
2025,3,62,East,Small & Medium,281607.2393,395731.4121,339235.7778,32414.6898,259317.5187
2025,3,62,East,Strategic,187807.4945,446960.7101,478996.6781,28751.9133,603790.1802
2025,3,62,Central,Strategic,635005.2946,293462.3375,264712.0104,32283.7369,516539.7898
2025,3,62,East,Strategic,376490.7901,363118.873,463200.1605,39748.5642,198742.8208
2025,3,62,West,Large,424621.036,605979.3661,592575.4314,26051.3563,364718.9879
2025,3,62,West,Large,393303.9067,458136.2063,362232.5799,29147.8474,349774.1693
2025,3,62,East,Large,635444.9186,425500.7015,256241.4666,35299.2857,670686.4285
2025,3,62,East,Strategic,473561.9261,767912.2606,552936.1913,26329.062,500252.178
2025,3,62,Central,Small & Medium,456736.2515,528262.2893,463035.6752,22630.6776,203676.0985
2025,3,62,West,Small & Medium,312083.0555,321252.1901,266446.0654,28941.237,405177.3173
2025,3,62,Central,Small & Medium,636918.6894,289391.5803,363962.5095,26306.6848,263066.8477
2025,3,62,Central,Strategic,672308.0936,299705.4354,310915.3909,25725.4567,334430.9373
2025,3,62,East,Large,452770.0978,366106.952,629957.4899,35796.772,644341.8955
2025,3,62,West,Large,585606.8012,417479.8228,463306.8333,32104.6315,545778.7352
2025,3,62,West,Strategic,513885.2036,532984.7602,686392.6867,27840.2984,584646.2659
2025,3,62,West,Strategic,125930.6133,422781.0749,327459.3267,34341.773,412101.2762
2025,3,62,West,Large,439353.3602,321522.7891,326168.6929,28912.8863,433693.2948
2025,3,62,West,Strategic,668705.4262,565088.2135,544967.438,28249.7925,225998.3398
2025,3,62,East,Strategic,398639.9594,346803.5618,374213.807,30674.7873,276073.0854
2025,3,62,East,Strategic,288657.4921,481505.7347,449202.2067,29918.8303,688133.0973
2025,3,62,East,Large,304983.6043,588821.1683,522477.3427,35662.2504,285298.003
2025,3,62,East,Strategic,476861.0799,372285.6267,622523.3718,28963.8413,434457.6194
2025,3,62,West,Large,322896.2475,545347.6733,394939.1392,22286.574,222865.7404
2025,3,62,East,Strategic,410565.0983,480392.2231,653815.1989,28974.5878,463593.4041
2025,3,62,East,Strategic,292304.1472,347145.9016,277333.3767,27720.9629,304930.5918
2025,3,62,East,Strategic,474049.2321,360346.002,331143.0788,26916.334,188414.3382
2025,3,62,East,Strategic,390318.7682,448155.618,370398.7996,32467.0805,519473.2872
2025,3,62,East,Strategic,324832.9019,350988.779,439387.0062,30788.6434,615772.8685
2025,3,62,West,Large,356802.6195,408166.6484,351315.0235,33544.9693,637354.4158
2025,3,62,East,Large,317245.5399,487156.7715,387204.4028,29153.8192,437307.2873
2025,3,62,East,Large,315807.4994,611585.5019,492692.9739,26088.1264,521762.5281
2025,3,62,East,Strategic,396419.5652,331370.9489,489968.7239,31206.6058,499305.6928
2025,3,62,East,Large,381332.2759,469468.6877,468598.8187,36871.2919,516198.087
2025,3,62,East,Large,434635.0089,685843.1352,469647.082,33733.7877,438539.2404
2025,3,62,Central,Small & Medium,252764.9394,604158.9813,299415.3907,28002.336,616051.3915
2025,3,62,West,Large,495671.057,299648.6316,363366.2576,24382.4393,292589.2713
2025,3,62,Central,Large,462916.5757,409513.9093,630118.3594,26104.1117,313249.3404
2025,3,62,East,Strategic,394771.0571,247092.2811,456576.0722,26835.3908,348860.0809
2025,3,62,West,Strategic,299674.8198,501642.6585,564246.7273,28289.5188,367763.7442
2025,3,62,Central,Strategic,193759.5261,277453.0239,432102.6112,33808.0297,574736.5051
2025,3,62,Central,Small & Medium,456327.975,488447.8669,470985.4373,29528.313,501981.3214
2025,3,62,Central,Strategic,498457.6806,431469.5073,433782.4206,27695.294,304648.2335
2025,3,62,West,Strategic,251668.8927,498683.6432,724315.151,24623.2614,344725.6602
2025,3,62,East,Strategic,225278.9925,453154.3787,171741.0602,36502.4357,474531.664
2025,3,62,Central,Strategic,358116.2823,709627.3019,563705.7388,30805.8434,369670.1205
2025,3,62,West,Large,512555.561,646232.7564,524150.4109,29348.5376,557622.2145
2025,3,62,East,Strategic,236822.4299,362334.5722,539871.4321,34087.3941,511310.9111
2025,3,62,Central,Large,341801.2267,357287.2384,523316.6045,29616.8054,444252.0816
2025,3,62,West,Small & Medium,379933.5903,396532.2486,207167.3894,31932.569,415123.3973
2025,3,62,Central,Small & Medium,423676.8887,499827.6437,538174.639,31039.4894,558710.8088
2025,3,62,Central,Small & Medium,415248.5518,446315.5588,470218.2919,36140.2556,397542.8112
2025,3,62,East,Large,537806.9496,413681.6448,468768.8029,28324.4095,453190.552
2025,3,62,East,Large,588078.7646,327237.9119,327716.9131,33621.9061,504328.5918
2025,3,62,East,Large,433859.7516,367914.0021,411819.5159,33653.3179,504799.7691
2025,3,62,East,Strategic,659890.2555,274755.4083,869148.867,29347.526,528255.4676
2025,3,62,West,Large,468825.9743,450096.1002,345353.0742,34724.9335,555598.9363
2025,3,62,Central,Large,374922.7154,238844.6412,434625.6843,27474.5966,412118.9494
2025,3,62,East,Strategic,400301.7927,328758.1048,520984.7422,29053.5934,377696.7145
2025,3,62,West,Large,365719.7063,403266.8815,248346.2552,31866.5513,637331.0264
2025,3,62,West,Strategic,477764.6216,447614.4811,497510.1754,32047.9026,384574.8313
2025,3,62,East,Strategic,144765.0872,527189.3128,574216.5991,32262.3551,354885.9065
2025,3,62,East,Strategic,359503.4953,657934.2613,302164.4792,29516.931,383720.1027
2025,3,62,Central,Strategic,365059.6538,341327.1499,405885.3564,34523.2435,483325.4093
2025,3,62,East,Large,328494.2046,352487.7188,679446.3108,31210.4079,436945.7102
2025,3,62,East,Large,295971.0373,487839.4947,264199.3352,28022.4722,392314.6104
2025,3,62,East,Large,562867.1479,412238.9694,662310.4321,28630.4214,429456.3208
2025,3,62,East,Strategic,401180.3325,623360.1924,507362.2393,28802.3745,432035.617
2025,3,62,East,Strategic,444526.5751,700522.9742,617853.6816,33844.7158,541515.4534
2025,3,62,East,Large,298123.1928,486309.0221,566647.6218,27014.17,513269.2299
2025,3,62,East,Strategic,497929.9375,535680.5059,511254.5271,26947.54,431160.6397
2025,3,62,East,Small & Medium,556462.5633,230233.5456,600589.6796,29638.4918,355661.901
2025,3,62,West,Strategic,525415.7676,537147.9652,384635.1319,29000.7579,580015.1571
2025,3,62,West,Small & Medium,294913.0955,261828.0772,391401.4289,25634.1075,384511.6124
2025,3,62,East,Small & Medium,656830.7368,480914.976,598087.9735,28408.8731,198862.1118
2025,3,62,East,Strategic,588071.817,476733.2597,601384.0212,27114.9186,406723.7796
2025,3,62,East,Small & Medium,375095.6211,362966.3213,337308.2108,29053.4899,522962.8184
2025,3,62,East,Small & Medium,217972.5852,465863.7268,790017.784,32255.8589,645117.1775
2025,3,62,East,Small & Medium,196603.9333,417150.4332,514621.1038,29820.5846,357847.0148
2025,3,62,East,Large,618577.8589,215991.2607,306970.0265,28967.8917,637293.6183
2025,3,62,Central,Small & Medium,393592.5031,482051.8135,348074.512,28871.0968,664035.2268
2025,3,62,Central,Strategic,360566.9295,236621.4088,652979.3654,32971.1913,494567.869
2025,3,62,Central,Large,328571.7588,336277.4708,413533.0462,29328.246,469251.9364
2025,3,62,West,Large,306930.2254,420927.5354,333813.7761,36895.6183,701016.7484
2025,3,62,Central,Strategic,513825.2371,672781.0188,420575.3123,31547.9841,567863.7146
2025,3,62,Central,Strategic,281526.6733,714969.299,663764.1245,28366.8447,624070.5831
2025,3,62,East,Large,651141.8549,409472.314,607136.4015,31739.3353,412611.3595
2025,3,62,Central,Small & Medium,196225.7395,329243.4171,619323.9212,27841.7571,528993.3849
2025,3,62,West,Large,400714.7187,613648.6419,356098.4389,34286.5827,651445.0714
2025,3,62,West,Large,386550.0169,120347.6851,409223.3583,38770.5961,659100.1337
2025,3,62,East,Strategic,478345.0509,362803.8059,441899.7522,27646.0179,580566.3763
2025,3,62,East,Strategic,305407.9479,340449.3278,538058.186,30044.2491,450663.7358
2025,3,62,East,Large,257157.1424,326022.9563,523359.8246,28489.2244,484316.815
2025,3,62,West,Small & Medium,412915.5386,457685.7449,447398.1745,31690.1897,697184.1739
2025,3,62,Central,Small & Medium,409875.0696,529399.9939,310129.9867,27704.1563,332449.8758
2025,3,62,West,Large,549841.2786,566339.9252,532915.028,26897.0396,403455.5935
2025,3,62,West,Large,464516.6616,380803.5673,405172.7542,37456.3867,674214.9613
2025,3,62,West,Small & Medium,435547.3556,333230.6206,389332.7442,27192.5414,543850.828
2025,3,62,Central,Small & Medium,513278.7278,461001.6198,497753.8129,32541.984,520671.7442
2025,3,62,East,Small & Medium,339098.3029,439896.0135,177131.4368,24587.4599,344224.4385
2025,3,62,West,Strategic,355973.3684,349207.6186,706141.3317,28839.9568,374919.4381
2025,3,62,West,Small & Medium,506361.2976,227137.4417,499966.2045,40152.497,521982.4611
2025,3,62,West,Small & Medium,408004.811,539509.7056,656113.3296,33178.1543,497672.3152
2025,3,62,East,Large,453490.7431,691153.0655,400806.4993,29327.3401,439910.1008
2025,3,62,Central,Small & Medium,485538.7326,407811.6279,323236.8322,36641.5427,476340.0557
2025,3,62,West,Small & Medium,672972.4432,210055.7602,582192.266,35252.101,634537.8172
2025,3,62,East,Small & Medium,512071.0478,263894.628,511141.7448,35806.4236,572902.7775
2025,3,62,West,Strategic,342378.8539,485444.0761,527005.6055,31146.5209,498344.3349
2025,3,62,East,Strategic,345423.2741,673029.4796,530373.4431,25749.2632,334740.4215
2025,3,62,Central,Large,370695.6691,495943.589,429021.5508,25852.8836,361940.3705
2025,3,62,East,Large,329627.461,547855.8762,326580.491,32563.1141,586136.0544
2025,3,62,West,Large,493566.2673,439901.191,374463.8756,36807.7878,404885.6653
2025,3,62,West,Strategic,273614.2464,605246.2331,303136.3428,30111.8885,421566.4392
2025,3,62,East,Strategic,636049.2003,362349.5545,829670.6475,30987.2521,495796.0343
2025,3,62,East,Large,342559.4095,164863.6455,531513.6363,30000.9717,450014.5748
2025,3,62,Central,Strategic,223309.8514,470535.4824,541159.3578,33184.2652,497763.9775
2025,3,62,Central,Small & Medium,312248.9953,336957.3963,625409.2631,35577.0139,604809.2367
2025,3,62,Central,Strategic,395700.935,289647.9126,345417.1685,30695.6181,460434.271
2025,3,62,West,Small & Medium,317609.4534,582238.4334,560804.506,31121.2386,653546.0102
2025,3,62,East,Large,559362.5272,486513.9666,390829.5648,34546.9627,483657.4782
2025,3,62,East,Strategic,83063.7458,220323.395,136171.7231,35104.9086,210629.4518
2025,3,62,Central,Strategic,566180.5957,321182.7229,494981.1505,34522.0798,552353.2767
2025,3,62,East,Large,224372.1381,441288.2854,378433.6264,29483.779,442256.6845
2025,3,62,Central,Large,352394.3165,346425.2639,604863.8759,31154.1977,810009.141
2025,3,62,West,Large,493720.5909,348593.1676,452614.884,33172.3268,398067.9212
2025,3,62,West,Small & Medium,654875.9752,388122.974,627487.9631,33147.3333,397767.9998
2025,3,62,East,Strategic,237246.138,216220.7746,247432.4976,31790.1476,445062.0663
2025,3,62,Central,Strategic,276742.1374,413820.1045,511956.9839,27149.5124,461541.7108
2025,3,62,East,Strategic,275155.6755,450505.4739,522547.8399,34592.6195,484296.6728
2025,3,62,Central,Small & Medium,486405.4813,307142.0318,593464.5981,29916.8053,508585.6895
2025,3,62,West,Strategic,424569.1241,468770.6304,517828.3504,34940.3497,698806.9932
2025,3,62,Central,Small & Medium,192192.7303,832374.871,564379.2356,31338.4916,564092.8483
2025,3,62,Central,Small & Medium,296352.2853,385888.4999,488003.7693,29976.2603,479620.1647
2025,3,62,West,Large,248570.5034,617359.7446,435523.7978,29437.4649,588749.2974
2025,3,62,East,Small & Medium,427448.7304,258440.7705,615047.9869,31177.3177,342950.4951
2025,3,62,Central,Large,464551.6176,472603.4672,504338.4722,28144.65,534748.3498
2025,3,62,West,Strategic,408057.1476,479693.403,302982.7417,29048.9455,464783.1278
2025,3,62,East,Strategic,478828.9439,558468.2554,476475.4118,27726.1767,415892.6503
2025,3,62,Central,Strategic,271901.914,435090.5979,544228.9587,28853.2964,375092.8529
2025,3,62,Central,Strategic,403930.1706,192460.1252,399366.8765,28304.7492,424571.2373
2025,3,62,East,Strategic,308850.8758,353552.195,439160.9649,33612.1789,605019.22
2025,3,62,Central,Large,353584.6826,605655.8742,132350.4248,25752.5615,360535.8609
2025,3,62,Central,Strategic,387746.326,362060.8566,403151.1344,29877.7993,418289.1899
2025,3,62,West,Small & Medium,430453.1564,229579.2802,349396.4764,30140.9797,452114.6952
2025,3,62,Central,Large,398369.1828,360774.8118,292692.325,30428.535,365142.4196
2025,3,62,East,Strategic,493773.6318,447746.1709,633008.7111,26677.2054,320126.4651
2025,3,62,Central,Large,484595.2688,557979.4424,558986.7494,32513.3536,390160.2426
2025,3,62,East,Strategic,309092.308,379465.8888,445182.33,32370.5756,582670.3601
2025,3,62,Central,Large,276543.5665,411853.1738,237084.1079,28447.3392,256026.0528
2025,3,62,Central,Large,523721.5604,690069.5698,381197.9827,27122.3382,433957.4116
2025,3,62,Central,Strategic,560451.5153,149329.8617,632887.0078,33006.6429,495099.6435
2025,3,62,Central,Strategic,515955.6464,445314.4863,474802.6793,29484.961,383304.4925
2025,3,62,West,Small & Medium,412499.0371,284609.4154,461285.3314,30651.7618,582383.4739
2025,3,62,Central,Strategic,581598.6284,364092.8434,399845.878,37422.9904,673613.8279
2025,3,62,Central,Small & Medium,294270.4513,319758.5695,354562.7805,29564.4011,946060.8365
2025,3,62,East,Strategic,332591.0793,310170.1939,772350.8643,30329.5453,515602.2703
2025,3,62,East,Strategic,496191.129,449744.1546,236481.1221,27808.7896,250279.1062
2025,3,62,Central,Strategic,358961.4081,524685.6199,569430.8032,26770.1852,294472.0372
2025,3,62,Central,Large,451166.6572,460018.7844,511376.0043,30832.7666,554989.799
2025,3,62,West,Large,545648.5405,333298.1142,419948.872,25697.9805,591053.5514
2025,3,62,Central,Large,320286.2191,382928.3433,264323.7768,36535.1093,438421.3112
2025,3,62,Central,Large,356942.067,554012.7173,386184.8229,31129.9085,498078.5362
2025,3,62,Central,Strategic,120370.582,285533.7759,793694.7521,35273.0619,846553.485
2025,3,62,Central,Small & Medium,603050.5724,268276.8699,474863.6716,29762.5089,416675.1252
2025,3,62,East,Large,453767.1724,579148.0906,518284.954,31492.9026,472393.5396
2025,3,62,East,Large,300270.1961,357900.7683,255344.325,29330.2335,410623.2695
2025,3,62,Central,Large,388551.7309,374511.8869,506750.0951,28218.809,253969.2809
2025,3,62,East,Strategic,613699.0646,338340.1396,368136.5318,34200.0049,410400.0585
2025,3,62,Central,Strategic,418471.1874,636152.2091,520012.287,33339.4748,466752.6468
2025,3,62,Central,Large,358902.2636,408606.1444,262254.4465,28367.5349,453880.5582
2025,3,62,East,Strategic,447062.139,395602.5126,542740.2134,29993.3224,389913.1913
2025,3,62,Central,Strategic,320507.588,319170.7138,532357.1364,32290.1552,645803.1031
2025,3,62,Central,Large,300802.5926,458877.3293,363647.7915,25188.3231,528954.7844
2025,3,62,Central,Small & Medium,442951.2728,376446.086,295981.6325,34617.1109,657725.107
2025,3,62,Central,Large,465269.6456,437722.284,622676.3174,18080.425,289286.7994
2025,3,62,Central,Large,692432.0725,194493.6363,450783.3198,27291.4157,300205.5726
2025,3,62,Central,Large,382123.708,446458.0756,434896.6365,27029.4352,432470.9631
2025,3,62,Central,Small & Medium,464697.753,636788.0071,569845.8592,30470.458,548468.2431
2025,3,62,West,Large,249133.6516,525660.1378,456124.9444,34227.089,479179.2464
2025,3,62,Central,Large,468709.956,439344.4024,757681.8519,33902.9855,610253.7394
2025,3,62,Central,Strategic,275526.777,385813.6436,562957.3302,34076.4499,613376.0987
2025,3,62,Central,Strategic,446357.5767,450411.6091,366351.3136,26573.3521,425173.6338
2025,3,62,East,Strategic,578944.11,518709.8993,280348.0277,32925.0744,428025.9672
2025,3,62,East,Small & Medium,276991.6627,520107.1465,298525.4423,35172.4517,633104.1299
2025,3,62,Central,Strategic,501939.1858,329980.9208,390831.571,28929.6689,491804.3708
2025,3,62,Central,Strategic,321283.4259,486934.1889,381428.9837,25038.3839,450690.9108
2025,3,62,East,Small & Medium,462165.9354,502967.8131,420168.5842,32516.609,357682.6985
2025,3,62,Central,Small & Medium,316954.3439,233183.6899,636568.625,30264.3155,544757.6782
2025,3,62,East,Large,439544.9267,443456.7013,376486.3697,21495.0358,236445.3939
2025,3,62,East,Small & Medium,410379.6661,730234.7476,510522.2679,29885.376,448280.6403
2025,3,62,East,Small & Medium,430165.7261,503592.8936,588525.0484,29440.6126,559371.6391
2025,4,63,Central,Strategic,158929.7165,219476.2243,276750.7042,30923.4017,154617.0083
2025,4,63,East,Strategic,577614.739,465261.0404,407236.1473,34277.5069,445607.5902
2025,4,63,Central,Strategic,510648.3107,273022.5311,740845.9604,28787.2392,604532.0223
2025,4,63,West,Large,670072.0033,259957.5128,470002.2304,27484.018,357292.2339
2025,4,63,Central,Large,438390.2166,458506.1567,263834.8718,29650.0711,652301.5645
2025,4,63,West,Strategic,485524.9037,134616.7058,405006.9752,34513.4327,586728.3559
2025,4,63,East,Large,240509.8494,353599.8638,605590.784,36251.7124,398768.8362
2025,4,63,East,Large,436620.0263,478819.9138,502321.0422,31016.908,651355.0682
2025,4,63,East,Small & Medium,531062.4924,189792.4792,566681.4117,34371.4149,481199.8092
2025,4,63,West,Strategic,473548.5362,550732.9522,424818.2145,27222.9372,245006.4346
2025,4,63,Central,Strategic,465830.4606,343724.1185,498022.2594,23441.7275,210975.5474
2025,4,63,Central,Strategic,326299.2251,321127.7046,584504.4498,31084.5807,559522.4532
2025,4,63,East,Strategic,665932.9771,521891.876,456528.8356,28283.0445,226264.3558
2025,4,63,West,Strategic,601880.5616,392092.5326,516765.5833,26867.7167,322412.6007
2025,4,63,West,Large,341634.7836,298417.1822,480451.8949,34414.1819,516212.7286
2025,4,63,East,Strategic,438167.7683,372253.7076,379321.6529,34167.9005,649190.1103
2025,4,63,West,Strategic,449662.2459,218352.5182,402308.8941,30103.8994,421454.591
2025,4,63,West,Strategic,286575.5891,464128.3288,514243.1296,35385.9785,389245.7639
2025,4,63,West,Large,637532.2079,425592.6278,453105.9117,25642.3335,205138.6683
2025,4,63,East,Large,308736.4364,477837.1855,530288.3948,29664.6511,385640.464
2025,4,63,East,Strategic,737572.9317,489706.1185,268309.3698,27749.8015,360747.42
2025,4,63,East,Small & Medium,414049.4503,252766.5789,456426.1546,34586.6227,311279.6045
2025,4,63,West,Small & Medium,642725.3973,255249.2858,550135.7487,32335.4018,679043.4372
2025,4,63,West,Strategic,605407.75,578203.6554,240822.574,28958.0291,376454.3783
2025,4,63,West,Large,778428.0694,545889.3496,554878.4398,33195.727,398348.7239
2025,4,63,East,Small & Medium,398753.7426,301370.0132,374822.8884,29470.5193,324175.7126
2025,4,63,East,Strategic,477863.5633,343615.2241,554891.9972,33345.9057,466842.6794
2025,4,63,East,Small & Medium,496401.9661,498504.1085,351995.4958,30039.0887,150195.4437
2025,4,63,West,Small & Medium,486554.4841,366750.5188,250877.4301,26804.321,321651.8525
2025,4,63,Central,Large,565928.6519,413088.7567,524170.579,37180.0505,297440.4043
2025,4,63,West,Large,494238.1709,551052.9476,575902.6,32368.4552,356053.0069
2025,4,63,Central,Small & Medium,276229.6954,404401.2485,567951.423,29146.3968,466342.3484
2025,4,63,West,Strategic,242377.4137,336941.684,518090.917,26977.5877,431641.4039
2025,4,63,East,Small & Medium,405756.2564,343536.7896,439240.2357,28836.6589,547896.5191
2025,4,63,Central,Large,564167.1984,321470.1105,461762.1004,36134.2441,686550.6378
2025,4,63,East,Small & Medium,400623.9947,457893.1251,305325.6849,29474.5563,324220.1194
2025,4,63,East,Small & Medium,730780.5976,250741.9244,225074.5954,33166.0541,497490.8117
2025,4,63,East,Small & Medium,476748.4019,422963.7099,277866.5786,31362.2882,376347.4585
2025,4,63,East,Small & Medium,396187.9147,349507.7334,379867.0278,29091.5427,436373.1403
2025,4,63,East,Small & Medium,380486.5125,328038.0847,500000.1715,30092.1426,511566.4234
2025,4,63,West,Small & Medium,324614.9557,497098.4807,225840.591,29206.5043,438097.5651
2025,4,63,East,Small & Medium,550183.7323,547732.3011,330622.9599,26629.2044,452696.4742
2025,4,63,East,Small & Medium,588024.6433,438330.9265,492415.1738,31037.4101,558673.3821
2025,4,63,East,Small & Medium,526552.7077,496627.2904,648888.8604,32746.1005,327461.0046
2025,4,63,East,Large,568980.6875,336990.7214,521382.6719,37555.1334,600882.1342
2025,4,63,East,Strategic,598052.6985,317236.9152,594663.5359,30891.5569,432481.7961
2025,4,63,East,Strategic,613230.8074,178468.5735,224901.2121,26501.1911,291513.1026
2025,4,63,East,Strategic,560027.2101,592939.6211,561623.4522,31182.323,343005.5532
2025,4,63,East,Small & Medium,347178.5066,403840.6388,612590.8647,36245.329,362453.2903
2025,4,63,East,Small & Medium,488497.6909,446056.327,367672.1425,27801.149,444818.3842
2025,4,63,East,Small & Medium,523196.069,404669.487,277565.2572,27995.3951,279953.9505
2025,4,63,East,Small & Medium,372801.57,254114.2788,414324.4171,26079.64,417274.2398
2025,4,63,East,Small & Medium,281895.3771,252217.2961,370341.9899,29445.8319,235566.6551
2025,4,63,East,Small & Medium,574882.9816,459231.3678,483543.0989,29987.4078,329861.4856
2025,4,63,East,Small & Medium,580816.6027,321338.7622,552009.6996,28677.2269,430158.4033
2025,4,63,East,Small & Medium,531020.0711,599624.0408,497731.3988,34289.1532,548626.4508
2025,4,63,East,Small & Medium,637956.8611,411266.0774,411994.248,25283.627,252836.2695
2025,4,63,East,Small & Medium,325647.222,289763.7562,531890.4667,34545.2409,345452.4089
2025,4,63,Central,Small & Medium,467632.5231,366162.153,387964.7004,31928.297,415067.8615
2025,4,63,East,Small & Medium,656316.8838,451367.4992,484002.0528,30388.7105,546996.7897
2025,4,63,Central,Small & Medium,375384.2486,503406.7606,584412.2633,28697.943,487865.0307
2025,4,63,East,Small & Medium,646953.8688,678718.1594,427681.2944,26829.4297,563418.0244
2025,4,63,Central,Small & Medium,339445.482,291535.0044,568803.4244,26410.2938,264102.9379
2025,4,63,East,Large,483831.9695,344644.3469,518585.7364,30499.1192,518485.0257
2025,4,63,East,Strategic,521674.9911,227033.6036,338173.4159,37565.2179,450782.6146
2025,4,63,Central,Strategic,577326.8425,736416.8336,702623.4784,27523.3189,247709.8704
2025,4,63,West,Large,316166.6082,377643.0377,530977.1562,26481.8118,423708.9886
2025,4,63,East,Large,436265.4343,400932.2546,370859.3297,33930.6525,305375.8726
2025,4,63,Central,Small & Medium,361024.3921,505023.8019,387631.5288,27633.6637,386871.2913
2025,4,63,West,Large,294778.4784,302201.6644,451520.124,34902.3384,209414.0305
2025,4,63,Central,Small & Medium,717481.3497,362449.3893,292411.526,28981.3963,231851.1706
2025,4,63,Central,Small & Medium,517379.9935,203623.3535,283664.7634,25819.8927,335658.6053
2025,4,63,East,Strategic,411304.916,467209.4481,175306.0598,30314.3455,333457.8007
2025,4,63,West,Small & Medium,613713.4512,321103.5313,318138.4997,37576.8276,563652.4144
2025,4,63,Central,Small & Medium,693989.9768,423465.6134,250733.1398,28696.0111,516528.1995
2025,4,63,West,Strategic,207253.6848,489532.4276,504363.6335,30825.9267,585692.6074
2025,4,63,West,Strategic,556375.7859,307107.1943,383999.5832,25139.8274,201118.6191
2025,4,63,Central,Small & Medium,643509.4431,372256.8662,595078.0297,32288.7431,613486.1186
2025,4,63,East,Strategic,506689.1784,391995.9732,310595.2943,25065.4458,200523.5663
2025,4,63,East,Large,382690.7933,301967.641,202954.1491,31964.8183,383577.8194
2025,4,63,East,Small & Medium,463339.4582,363809.3399,471342.923,25679.5589,282475.1478
2025,4,63,East,Small & Medium,399291.7831,524998.0884,469437.8815,36699.9392,477099.2093
2025,4,63,Central,Large,475792.104,338669.7311,273561.3031,32820.8666,525133.8656
2025,4,63,West,Large,677667.7415,446606.0966,322074.6011,33275.4508,499131.7623
2025,4,63,West,Large,465389.0553,383545.1837,374248.1144,31602.4266,568843.6782
2025,4,63,Central,Strategic,627959.5143,560234.7126,120515.1904,35952.245,359522.4495
2025,4,63,East,Strategic,581763.4486,549869.8771,613854.6604,33758.9883,303830.8948
2025,4,63,West,Large,313004.329,210295.6048,431884.1591,27588.4738,441415.5804
2025,4,63,Central,Large,482150.8065,293484.2344,554894.721,26203.1359,235828.2229
2025,4,63,East,Large,460937.8325,237262.4531,425734.767,30812.4718,308124.718
2025,4,63,Central,Large,514803.0093,417965.019,509371.3013,27967.7515,475451.775
2025,4,63,East,Large,536533.5062,516895.0218,428407.0243,29269.7268,321966.9948
2025,4,63,Central,Small & Medium,552533.6552,565555.604,286066.0327,30640.4897,428966.8562
2025,4,63,East,Large,385884.5174,613453.404,704812.9678,27759.5768,471912.8054
2025,4,63,Central,Small & Medium,431393.6774,301148.8773,370939.0434,24691.0597,320983.7766
2025,4,63,Central,Small & Medium,301109.769,435031.6641,264681.3504,30780.2275,492483.6393
2025,4,63,East,Small & Medium,536884.5858,412332.3215,294012.1839,32724.5972,589042.7487
2025,4,63,East,Large,340775.6332,84400.3739,419215.8765,36703.4977,513848.9682
2025,4,63,East,Strategic,412213.8259,286648.172,391471.8173,28821.879,345862.5476
2025,4,63,Central,Strategic,426370.2885,634886.2491,244616.6731,30375.2808,394878.65
2025,4,63,Central,Large,419923.6237,293082.4178,407567.7086,25551.7217,383275.8253
2025,4,63,Central,Large,464828.6349,421927.2119,425886.8462,27041.9156,378586.818
2025,4,63,Central,Large,585828.4852,508263.1547,294126.8288,32967.9101,428582.8307
2025,4,63,Central,Large,188640.2136,396516.7647,754192.589,28611.887,429178.3045
2025,4,63,West,Strategic,584372.1225,249128.2241,445900.6643,29499.5658,353994.79
2025,4,63,East,Large,388781.0434,292568.1777,481047.2525,30950.3508,247602.8064
2025,4,63,Central,Small & Medium,489506.0673,483951.93,444454.4223,38491.236,384912.3595
2025,4,63,Central,Small & Medium,671511.8765,419686.3456,371033.1363,28280.2888,424204.3317
2025,4,63,East,Small & Medium,353536.4466,412494.2656,362876.7687,27627.2734,414409.1009
2025,4,63,Central,Strategic,762035.1338,485939.0646,218230.2743,29778.3659,387118.7567
2025,4,63,Central,Large,344555.2607,373338.1791,415698.2706,39831.3097,836457.5034
2025,4,63,Central,Small & Medium,336969.2831,201640.8829,503762.2728,35471.4446,603014.5584
2025,4,63,Central,Small & Medium,432084.9193,388298.3591,476837.2659,29273.2869,322006.1555
2025,4,63,Central,Strategic,462743.3019,539329.2375,394706.2688,27509.0867,467654.4736
2025,4,63,Central,Large,583609.595,388823.3855,421281.2371,34656.6411,311909.7701
2025,4,63,East,Small & Medium,544987.933,269659.932,526642.6437,33782.5424,641868.3064
2025,4,63,East,Large,271534.4993,398147.7088,436747.9111,27917.8116,279178.1155
2025,4,63,Central,Strategic,308177.1313,280951.5474,578909.8174,32467.3453,389608.143
2025,4,63,East,Strategic,627500.6259,700803.6583,415839.1177,31421.1138,408474.4788
2025,4,63,East,Small & Medium,329694.9895,260906.613,496212.6457,26449.6926,370295.6959
2025,4,63,East,Large,403971.8596,584732.2302,349148.6716,28796.5876,403152.2262
2025,4,63,Central,Strategic,624795.8184,260433.0343,467101.0048,29657.0589,504170.0015
2025,4,63,East,Large,397784.8301,284969.9887,574170.767,30618.8613,459282.9202
2025,4,63,East,Small & Medium,365678.8352,254920.6197,508444.4259,33056.4696,330564.696
2025,4,63,Central,Strategic,556765.9026,322273.161,417255.5172,26133.1363,287464.4988
2025,4,63,West,Large,302766.5863,273378.1198,438872.9421,26209.4913,288304.4045
2025,4,63,East,Strategic,589228.9901,497758.9357,178755.9513,26304.8574,289353.4318
2025,4,63,West,Strategic,369559.7454,532173.2902,579422.7487,32958.4417,560293.5081
2025,4,63,West,Small & Medium,520610.0952,470950.3493,427041.7093,34928.1883,488994.6361
2025,4,63,West,Large,409157.9716,338977.312,324054.173,30985.5294,557739.53
2025,4,63,East,Small & Medium,474248.4623,381950.5956,820786.2169,35389.8207,389288.0278
2025,4,63,East,Large,470615.4656,289005.1841,279406.7989,33123.0383,397476.4601
2025,4,63,Central,Large,476389.7235,510210.5785,572506.3258,36293.8897,435526.6765
2025,4,63,East,Large,577866.876,329075.2755,599305.9919,35082.7327,456075.5248
2025,4,63,East,Strategic,300366.5399,382213.0879,183675.3263,35798.7337,393786.0704
2025,4,63,East,Strategic,488839.3985,345160.9429,356652.7969,25579.1875,537162.9384
2025,4,63,East,Large,487186.7425,328718.543,554337.9045,33046.7505,594841.5086
2025,4,63,Central,Small & Medium,533221.3204,398360.0706,633805.3406,26517.1815,556860.8109
2025,4,63,Central,Small & Medium,788827.9783,505389.5549,524090.8394,31908.7738,319087.7376
2025,4,63,East,Strategic,617879.0477,491900.9967,465604.2689,22733.6786,409206.2143
2025,4,63,East,Large,570721.0464,557972.9466,480996.0674,33210.821,564583.9572
2025,4,63,East,Large,397537.3152,710235.1309,402491.0796,31734.2801,539482.7614
2025,4,63,East,Strategic,394511.5479,392242.523,567445.4301,32663.0842,653261.6838
2025,4,63,Central,Strategic,467245.7965,452535.3804,584076.6,29181.7862,525272.1519
2025,4,63,Central,Large,263863.0969,345383.556,262070.4598,26477.7143,264777.1434
2025,4,63,West,Large,449318.327,217539.6075,308560.52,31207.0188,499312.3003
2025,4,63,Central,Large,476108.3858,314357.9333,562923.6516,31726.7982,761443.1565
2025,4,63,East,Small & Medium,594089.342,328008.1704,409037.8909,29900.3347,448505.0208
2025,4,63,West,Large,574308.326,461473.5069,492835.2774,27982.2118,559644.2355
2025,4,63,West,Strategic,541106.8035,759881.9385,166846.9028,30660.8931,183965.3587
2025,4,63,Central,Strategic,736471.49,314634.6559,530984.032,29174.4618,350093.5415
2025,4,63,Central,Strategic,527927.5702,362525.9854,544054.5575,34421.7478,413060.9731
2025,4,63,Central,Strategic,296982.6107,627882.5842,523236.0173,30944.5127,495112.2031
2025,4,63,Central,Strategic,360768.7572,342661.5334,549909.3873,34051.1178,544817.8846
2025,4,63,Central,Strategic,469750.4468,350927.8586,579897.7143,30311.4774,424360.6835
2025,4,63,East,Strategic,847512.3173,389505.9084,389215.3682,28876.4406,462023.0491
2025,4,63,Central,Small & Medium,349494.2765,379386.8474,539847.8005,31784.2924,508548.6776
2025,4,63,West,Strategic,450915.741,468388.199,361027.1259,30262.4332,393411.6315
2025,4,63,East,Small & Medium,316495.2861,425120.8932,496163.9957,29471.2389,412597.3446
2025,4,63,Central,Small & Medium,388512.0185,514339.6685,500620.7029,37029.5418,407324.9603
2025,4,63,East,Strategic,587045.3044,437603.3188,367358.8682,25636.3771,410182.0331
2025,4,63,West,Small & Medium,292555.4375,376658.4882,435824.7961,33230.9873,598157.7712
2025,4,63,Central,Strategic,420530.724,606057.0267,438052.615,33212.6143,564614.4432
2025,4,63,East,Strategic,488216.2876,311334.1175,611641.1144,31347.2243,282125.0183
2025,4,63,East,Strategic,569904.1876,437620.5094,257388.9386,28736.3098,316099.4078
2025,4,63,Central,Large,550293.2817,446130.7271,436109.3239,26520.9774,318251.7287
2025,4,63,East,Strategic,441002.0601,393755.5695,467705.2717,34831.9367,592142.9231
2025,4,63,East,Small & Medium,259317.5187,281607.2393,395731.4121,39171.1373,430882.5105
2025,4,63,East,Strategic,603790.1802,187807.4945,446960.7101,26700.4049,267004.0486
2025,4,63,Central,Strategic,516539.7898,635005.2946,293462.3375,35293.5662,564697.0598
2025,4,63,East,Strategic,198742.8208,376490.7901,363118.873,37096.3003,259674.1019
2025,4,63,West,Large,364718.9879,424621.036,605979.3661,31201.2432,436817.4048
2025,4,63,West,Large,349774.1693,393303.9067,458136.2063,40509.0211,364581.19
2025,4,63,East,Large,670686.4285,635444.9186,425500.7015,30812.9402,400568.222
2025,4,63,East,Strategic,500252.178,473561.9261,767912.2606,32279.229,581026.1219
2025,4,63,Central,Small & Medium,203676.0985,456736.2515,528262.2893,30810.6976,677835.3482
2025,4,63,West,Small & Medium,405177.3173,312083.0555,321252.1901,29672.0972,356065.1668
2025,4,63,Central,Small & Medium,263066.8477,636918.6894,289391.5803,30397.0733,395161.9532
2025,4,63,Central,Strategic,334430.9373,672308.0936,299705.4354,32528.5732,552985.7448
2025,4,63,East,Large,644341.8955,452770.0978,366106.952,33960.6178,645251.7386
2025,4,63,West,Large,545778.7352,585606.8012,417479.8228,28730.0493,316030.5424
2025,4,63,West,Strategic,584646.2659,513885.2036,532984.7602,29255.2903,497339.9351
2025,4,63,West,Strategic,412101.2762,125930.6133,422781.0749,33397.7319,567761.4422
2025,4,63,West,Large,433693.2948,439353.3602,321522.7891,29914.3316,568372.3003
2025,4,63,West,Strategic,225998.3398,668705.4262,565088.2135,30952.0118,557136.2122
2025,4,63,East,Strategic,276073.0854,398639.9594,346803.5618,29477.2829,324250.1124
2025,4,63,East,Strategic,688133.0973,288657.4921,481505.7347,26564.2208,185949.5456
2025,4,63,East,Large,285298.003,304983.6043,588821.1683,31616.0268,442624.3752
2025,4,63,East,Strategic,434457.6194,476861.0799,372285.6267,30981.3955,247851.1638
2025,4,63,West,Large,222865.7404,322896.2475,545347.6733,31222.468,499559.4879
2025,4,63,East,Strategic,463593.4041,410565.0983,480392.2231,26004.7389,182033.1724
2025,4,63,East,Strategic,304930.5918,292304.1472,347145.9016,29215.8422,379805.9485
2025,4,63,East,Strategic,188414.3382,474049.2321,360346.002,32650.2941,522404.7063
2025,4,63,East,Strategic,519473.2872,390318.7682,448155.618,33756.6341,303809.7067
2025,4,63,East,Strategic,615772.8685,324832.9019,350988.779,31477.868,440690.1524
2025,4,63,West,Large,637354.4158,356802.6195,408166.6484,34361.6325,274893.0598
2025,4,63,East,Large,437307.2873,317245.5399,487156.7715,29818.2847,536729.1243
2025,4,63,East,Large,521762.5281,315807.4994,611585.5019,29555.7158,532002.8843
2025,4,63,East,Strategic,499305.6928,396419.5652,331370.9489,27156.0525,353028.6823
2025,4,63,East,Large,516198.087,381332.2759,469468.6877,34421.1334,516317.0017
2025,4,63,East,Large,438539.2404,434635.0089,685843.1352,29456.2837,412387.9723
2025,4,63,Central,Small & Medium,616051.3915,252764.9394,604158.9813,31765.6716,508250.7456
2025,4,63,West,Large,292589.2713,495671.057,299648.6316,24078.7101,457495.4923
2025,4,63,Central,Large,313249.3404,462916.5757,409513.9093,28191.8372,310110.2089
2025,4,63,East,Strategic,348860.0809,394771.0571,247092.2811,33247.9332,631710.7307
2025,4,63,West,Strategic,367763.7442,299674.8198,501642.6585,31742.1983,571359.5693
2025,4,63,Central,Strategic,574736.5051,193759.5261,277453.0239,32210.7884,579794.1912
2025,4,63,Central,Small & Medium,501981.3214,456327.975,488447.8669,29745.9064,446188.5954
2025,4,63,Central,Strategic,304648.2335,498457.6806,431469.5073,30191.8439,543453.1895
2025,4,63,West,Strategic,344725.6602,251668.8927,498683.6432,27501.1091,412516.6368
2025,4,63,East,Strategic,474531.664,225278.9925,453154.3787,38862.6096,310900.8767
2025,4,63,Central,Strategic,369670.1205,358116.2823,709627.3019,33347.0019,766981.0441
2025,4,63,West,Large,557622.2145,512555.561,646232.7564,30691.6061,276224.455
2025,4,63,East,Strategic,511310.9111,236822.4299,362334.5722,27898.5776,446377.2416
2025,4,63,Central,Large,444252.0816,341801.2267,357287.2384,32904.5605,329045.6054
2025,4,63,West,Small & Medium,415123.3973,379933.5903,396532.2486,29699.773,356397.2758
2025,4,63,Central,Small & Medium,558710.8088,423676.8887,499827.6437,34600.8414,588214.3033
2025,4,63,Central,Small & Medium,397542.8112,415248.5518,446315.5588,38200.853,573012.7948
2025,4,63,East,Large,453190.552,537806.9496,413681.6448,29664.1358,415297.9018
2025,4,63,East,Large,504328.5918,588078.7646,327237.9119,26532.5728,397988.5921
2025,4,63,East,Large,504799.7691,433859.7516,367914.0021,34498.6773,413984.1279
2025,4,63,East,Strategic,528255.4676,659890.2555,274755.4083,32616.0143,293544.1291
2025,4,63,West,Large,555598.9363,468825.9743,450096.1002,29796.658,476746.5278
2025,4,63,Central,Large,412118.9494,374922.7154,238844.6412,36022.0925,432265.1097
2025,4,63,East,Strategic,377696.7145,400301.7927,328758.1048,29800.8933,298008.9331
2025,4,63,West,Large,637331.0264,365719.7063,403266.8815,28898.4225,520171.6041
2025,4,63,West,Strategic,384574.8313,477764.6216,447614.4811,30601.6972,581432.2459
2025,4,63,East,Strategic,354885.9065,144765.0872,527189.3128,27971.4547,447543.2751
2025,4,63,East,Strategic,383720.1027,359503.4953,657934.2613,27165.9019,353156.7245
2025,4,63,Central,Strategic,483325.4093,365059.6538,341327.1499,29489.2074,501316.5251
2025,4,63,East,Large,436945.7102,328494.2046,352487.7188,26719.3114,400789.6716
2025,4,63,East,Large,392314.6104,295971.0373,487839.4947,30413.657,517032.1685
2025,4,63,East,Large,429456.3208,562867.1479,412238.9694,31169.7769,529886.2065
2025,4,63,East,Strategic,432035.617,401180.3325,623360.1924,33737.3402,269898.7214
2025,4,63,East,Strategic,541515.4534,444526.5751,700522.9742,34569.6572,518544.8575
2025,4,63,East,Large,513269.2299,298123.1928,486309.0221,30458.3382,609166.7632
2025,4,63,East,Strategic,431160.6397,497929.9375,535680.5059,35319.5953,353195.9531
2025,4,63,East,Small & Medium,355661.901,556462.5633,230233.5456,31647.7028,569658.6497
2025,4,63,West,Strategic,580015.1571,525415.7676,537147.9652,40232.9448,402329.4481
2025,4,63,West,Small & Medium,384511.6124,294913.0955,261828.0772,27661.5036,497907.0654
2025,4,63,East,Small & Medium,198862.1118,656830.7368,480914.976,32077.1661,481157.4915
2025,4,63,East,Strategic,406723.7796,588071.817,476733.2597,35956.346,395519.806
2025,4,63,East,Small & Medium,522962.8184,375095.6211,362966.3213,34781.4243,730409.9095
2025,4,63,East,Small & Medium,645117.1775,217972.5852,465863.7268,25680.2953,333843.8387
2025,4,63,East,Small & Medium,357847.0148,196603.9333,417150.4332,35145.2718,386597.9894
2025,4,63,East,Large,637293.6183,618577.8589,215991.2607,32704.0587,261632.4698
2025,4,63,Central,Small & Medium,664035.2268,393592.5031,482051.8135,37078.8328,630340.1574
2025,4,63,Central,Strategic,494567.869,360566.9295,236621.4088,29107.7778,349293.3339
2025,4,63,Central,Large,469251.9364,328571.7588,336277.4708,29069.7967,581395.9345
2025,4,63,West,Large,701016.7484,306930.2254,420927.5354,28827.4743,518894.537
2025,4,63,Central,Strategic,567863.7146,513825.2371,672781.0188,28963.3167,463413.0675
2025,4,63,Central,Strategic,624070.5831,281526.6733,714969.299,35037.2216,455483.8804
2025,4,63,East,Large,412611.3595,651141.8549,409472.314,32346.5226,355811.7491
2025,4,63,Central,Small & Medium,528993.3849,196225.7395,329243.4171,37977.9968,227867.9806
2025,4,63,West,Large,651445.0714,400714.7187,613648.6419,35440.9639,531614.4582
2025,4,63,West,Large,659100.1337,386550.0169,120347.6851,27797.7234,389168.1274
2025,4,63,East,Strategic,580566.3763,478345.0509,362803.8059,25165.075,327145.975
2025,4,63,East,Strategic,450663.7358,305407.9479,340449.3278,33896.1733,440650.2524
2025,4,63,East,Large,484316.815,257157.1424,326022.9563,32906.996,329069.9596
2025,4,63,West,Small & Medium,697184.1739,412915.5386,457685.7449,33997.2549,509958.8228
2025,4,63,Central,Small & Medium,332449.8758,409875.0696,529399.9939,37306.7835,484988.1856
2025,4,63,West,Large,403455.5935,549841.2786,566339.9252,36848.0872,442177.0458
2025,4,63,West,Large,674214.9613,464516.6616,380803.5673,30341.538,333756.9177
2025,4,63,West,Small & Medium,543850.828,435547.3556,333230.6206,22875.5672,228755.672
2025,4,63,Central,Small & Medium,520671.7442,513278.7278,461001.6198,38131.9561,343187.6045
2025,4,63,East,Small & Medium,344224.4385,339098.3029,439896.0135,34955.371,419464.4519
2025,4,63,West,Strategic,374919.4381,355973.3684,349207.6186,31115.2263,497843.6203
2025,4,63,West,Small & Medium,521982.4611,506361.2976,227137.4417,30808.7169,431322.037
2025,4,63,West,Small & Medium,497672.3152,408004.811,539509.7056,28063.3472,392886.8606
2025,4,63,East,Large,439910.1008,453490.7431,691153.0655,28935.1342,376156.7443
2025,4,63,Central,Small & Medium,476340.0557,485538.7326,407811.6279,32446.8818,519150.1082
2025,4,63,West,Small & Medium,634537.8172,672972.4432,210055.7602,31978.18,351759.9803
2025,4,63,East,Small & Medium,572902.7775,512071.0478,263894.628,27804.2115,528280.0191
2025,4,63,West,Strategic,498344.3349,342378.8539,485444.0761,35285.0785,388135.8633
2025,4,63,East,Strategic,334740.4215,345423.2741,673029.4796,31663.8724,474958.0863
2025,4,63,Central,Large,361940.3705,370695.6691,495943.589,28692.1424,401689.9936
2025,4,63,East,Large,586136.0544,329627.461,547855.8762,29850.3406,447755.109
2025,4,63,West,Large,404885.6653,493566.2673,439901.191,32514.0591,325140.5905
2025,4,63,West,Strategic,421566.4392,273614.2464,605246.2331,29656.0107,355872.1284
2025,4,63,East,Strategic,495796.0343,636049.2003,362349.5545,22381.118,223811.1795
2025,4,63,East,Large,450014.5748,342559.4095,164863.6455,26469.882,344108.4663
2025,4,63,Central,Strategic,497763.9775,223309.8514,470535.4824,29561.7495,502549.742
2025,4,63,Central,Small & Medium,604809.2367,312248.9953,336957.3963,27140.5224,298545.7468
2025,4,63,Central,Strategic,460434.271,395700.935,289647.9126,31543.2533,599321.813
2025,4,63,West,Small & Medium,653546.0102,317609.4534,582238.4334,29176.5268,437647.9027
2025,4,63,East,Large,483657.4782,559362.5272,486513.9666,30644.5396,582246.2525
2025,4,63,East,Strategic,210629.4518,83063.7458,220323.395,28737.0431,172422.2588
2025,4,63,Central,Strategic,552353.2767,566180.5957,321182.7229,27873.3936,418100.9043
2025,4,63,East,Large,442256.6845,224372.1381,441288.2854,31094.1327,404223.7247
2025,4,63,Central,Large,810009.141,352394.3165,346425.2639,31026.5607,465398.4104
2025,4,63,West,Large,398067.9212,493720.5909,348593.1676,32303.2769,419942.6002
2025,4,63,West,Small & Medium,397767.9998,654875.9752,388122.974,28277.2351,311049.586
2025,4,63,East,Strategic,445062.0663,237246.138,216220.7746,26486.9772,185408.8403
2025,4,63,Central,Strategic,461541.7108,276742.1374,413820.1045,28333.1204,396663.6856
2025,4,63,East,Strategic,484296.6728,275155.6755,450505.4739,30480.1343,426721.8801
2025,4,63,Central,Small & Medium,508585.6895,486405.4813,307142.0318,30114.6401,632407.4428
2025,4,63,West,Strategic,698806.9932,424569.1241,468770.6304,25938.1316,233443.1848
2025,4,63,Central,Small & Medium,564092.8483,192192.7303,832374.871,36898.6654,516581.3162
2025,4,63,Central,Small & Medium,479620.1647,296352.2853,385888.4999,34209.5652,376305.2168
2025,4,63,West,Large,588749.2974,248570.5034,617359.7446,29295.9176,322255.0938
2025,4,63,East,Small & Medium,342950.4951,427448.7304,258440.7705,29314.809,410407.3263
2025,4,63,Central,Large,534748.3498,464551.6176,472603.4672,24755.8784,445605.8104
2025,4,63,West,Strategic,464783.1278,408057.1476,479693.403,32397.7729,550762.1389
2025,4,63,East,Strategic,415892.6503,478828.9439,558468.2554,30643.1691,429004.3678
2025,4,63,Central,Strategic,375092.8529,271901.914,435090.5979,29129.2461,407809.4454
2025,4,63,Central,Strategic,424571.2373,403930.1706,192460.1252,30839.1214,431747.6997
2025,4,63,East,Strategic,605019.22,308850.8758,353552.195,31562.4356,284061.9207
2025,4,63,Central,Large,360535.8609,353584.6826,605655.8742,38244.069,497172.8967
2025,4,63,Central,Strategic,418289.1899,387746.326,362060.8566,32378.7077,453301.9078
2025,4,63,West,Small & Medium,452114.6952,430453.1564,229579.2802,27078.886,270788.8601
2025,4,63,Central,Large,365142.4196,398369.1828,360774.8118,35024.1955,630435.5185
2025,4,63,East,Strategic,320126.4651,493773.6318,447746.1709,27834.3509,528852.668
2025,4,63,Central,Large,390160.2426,484595.2688,557979.4424,28839.4667,461431.4679
2025,4,63,East,Strategic,582670.3601,309092.308,379465.8888,32831.2236,295481.0124
2025,4,63,Central,Large,256026.0528,276543.5665,411853.1738,27899.9701,446399.5218
2025,4,63,Central,Large,433957.4116,523721.5604,690069.5698,30599.4464,244795.5713
2025,4,63,Central,Strategic,495099.6435,560451.5153,149329.8617,37232.6289,521256.8048
2025,4,63,Central,Strategic,383304.4925,515955.6464,445314.4863,33783.4222,371617.6442
2025,4,63,West,Small & Medium,582383.4739,412499.0371,284609.4154,31335.22,532698.7395
2025,4,63,Central,Strategic,673613.8279,581598.6284,364092.8434,32685.2073,457592.9016
2025,4,63,Central,Small & Medium,946060.8365,294270.4513,319758.5695,31653.6642,569765.9556
2025,4,63,East,Strategic,515602.2703,332591.0793,310170.1939,27311.3628,382359.0785
2025,4,63,East,Strategic,250279.1062,496191.129,449744.1546,33139.5036,629650.5676
2025,4,63,Central,Strategic,294472.0372,358961.4081,524685.6199,37139.4295,371394.2949
2025,4,63,Central,Large,554989.799,451166.6572,460018.7844,33431.4396,334314.3964
2025,4,63,West,Large,591053.5514,545648.5405,333298.1142,26499.9374,397499.0615
2025,4,63,Central,Large,438421.3112,320286.2191,382928.3433,30279.2587,484468.1393
2025,4,63,Central,Large,498078.5362,356942.067,554012.7173,32319.8751,484798.1266
2025,4,63,Central,Strategic,846553.485,120370.582,285533.7759,30803.0901,338833.9909
2025,4,63,Central,Small & Medium,416675.1252,603050.5724,268276.8699,27163.4234,353124.5046
2025,4,63,East,Large,472393.5396,453767.1724,579148.0906,30437.2694,365247.2322
2025,4,63,East,Large,410623.2695,300270.1961,357900.7683,31437.5231,440125.3236
2025,4,63,Central,Large,253969.2809,388551.7309,374511.8869,26684.206,373578.8833
2025,4,63,East,Strategic,410400.0585,613699.0646,338340.1396,27572.7738,358446.0599
2025,4,63,Central,Strategic,466752.6468,418471.1874,636152.2091,25292.4034,328801.2437
2025,4,63,Central,Large,453880.5582,358902.2636,408606.1444,26965.8835,404488.2524
2025,4,63,East,Strategic,389913.1913,447062.139,395602.5126,28909.9836,462559.7377
2025,4,63,Central,Strategic,645803.1031,320507.588,319170.7138,28118.0839,506125.5096
2025,4,63,Central,Large,528954.7844,300802.5926,458877.3293,31989.3068,383871.6821
2025,4,63,Central,Small & Medium,657725.107,442951.2728,376446.086,24403.2476,219629.228
2025,4,63,Central,Large,289286.7994,465269.6456,437722.284,32014.6323,352160.9549
2025,4,63,Central,Large,300205.5726,692432.0725,194493.6363,29125.8233,320384.0567
2025,4,63,Central,Large,432470.9631,382123.708,446458.0756,37229.2009,409521.21
2025,4,63,Central,Small & Medium,548468.2431,464697.753,636788.0071,31185.6052,249484.8413
2025,4,63,West,Large,479179.2464,249133.6516,525660.1378,30661.1438,245289.1503
2025,4,63,Central,Large,610253.7394,468709.956,439344.4024,31010.9622,403142.508
2025,4,63,Central,Strategic,613376.0987,275526.777,385813.6436,27611.8272,469401.0626
2025,4,63,Central,Strategic,425173.6338,446357.5767,450411.6091,31237.6671,437327.339
2025,4,63,East,Strategic,428025.9672,578944.11,518709.8993,28168.4634,366190.0245
2025,4,63,East,Small & Medium,633104.1299,276991.6627,520107.1465,27752.7879,444044.6057
2025,4,63,Central,Strategic,491804.3708,501939.1858,329980.9208,28833.5375,259501.8377
2025,4,63,Central,Strategic,450690.9108,321283.4259,486934.1889,30955.0776,371460.9312
2025,4,63,East,Small & Medium,357682.6985,462165.9354,502967.8131,26943.4217,296377.6389
2025,4,63,Central,Small & Medium,544757.6782,316954.3439,233183.6899,25079.1604,200633.2831
2025,4,63,East,Large,236445.3939,439544.9267,443456.7013,30483.7727,335321.4998
2025,4,63,East,Small & Medium,448280.6403,410379.6661,730234.7476,32175.0393,418275.5109
2025,4,63,East,Small & Medium,559371.6391,430165.7261,503592.8936,32408.7414,421313.6386
2025,5,64,Central,Strategic,154617.0083,158929.7165,219476.2243,,
2025,5,64,East,Strategic,445607.5902,577614.739,465261.0404,,
2025,5,64,Central,Strategic,604532.0223,510648.3107,273022.5311,,
2025,5,64,West,Large,357292.2339,670072.0033,259957.5128,,
2025,5,64,Central,Large,652301.5645,438390.2166,458506.1567,,
2025,5,64,West,Strategic,586728.3559,485524.9037,134616.7058,,
2025,5,64,East,Large,398768.8362,240509.8494,353599.8638,,
2025,5,64,East,Large,651355.0682,436620.0263,478819.9138,,
2025,5,64,East,Small & Medium,481199.8092,531062.4924,189792.4792,,
2025,5,64,West,Strategic,245006.4346,473548.5362,550732.9522,,
2025,5,64,Central,Strategic,210975.5474,465830.4606,343724.1185,,
2025,5,64,Central,Strategic,559522.4532,326299.2251,321127.7046,,
2025,5,64,East,Strategic,226264.3558,665932.9771,521891.876,,
2025,5,64,West,Strategic,322412.6007,601880.5616,392092.5326,,
2025,5,64,West,Large,516212.7286,341634.7836,298417.1822,,
2025,5,64,East,Strategic,649190.1103,438167.7683,372253.7076,,
2025,5,64,West,Strategic,421454.591,449662.2459,218352.5182,,
2025,5,64,West,Strategic,389245.7639,286575.5891,464128.3288,,
2025,5,64,West,Large,205138.6683,637532.2079,425592.6278,,
2025,5,64,East,Large,385640.464,308736.4364,477837.1855,,
2025,5,64,East,Strategic,360747.42,737572.9317,489706.1185,,
2025,5,64,East,Small & Medium,311279.6045,414049.4503,252766.5789,,
2025,5,64,West,Small & Medium,679043.4372,642725.3973,255249.2858,,
2025,5,64,West,Strategic,376454.3783,605407.75,578203.6554,,
2025,5,64,West,Large,398348.7239,778428.0694,545889.3496,,
2025,5,64,East,Small & Medium,324175.7126,398753.7426,301370.0132,,
2025,5,64,East,Strategic,466842.6794,477863.5633,343615.2241,,
2025,5,64,East,Small & Medium,150195.4437,496401.9661,498504.1085,,
2025,5,64,West,Small & Medium,321651.8525,486554.4841,366750.5188,,
2025,5,64,Central,Large,297440.4043,565928.6519,413088.7567,,
2025,5,64,West,Large,356053.0069,494238.1709,551052.9476,,
2025,5,64,Central,Small & Medium,466342.3484,276229.6954,404401.2485,,
2025,5,64,West,Strategic,431641.4039,242377.4137,336941.684,,
2025,5,64,East,Small & Medium,547896.5191,405756.2564,343536.7896,,
2025,5,64,Central,Large,686550.6378,564167.1984,321470.1105,,
2025,5,64,East,Small & Medium,324220.1194,400623.9947,457893.1251,,
2025,5,64,East,Small & Medium,497490.8117,730780.5976,250741.9244,,
2025,5,64,East,Small & Medium,376347.4585,476748.4019,422963.7099,,
2025,5,64,East,Small & Medium,436373.1403,396187.9147,349507.7334,,
2025,5,64,East,Small & Medium,511566.4234,380486.5125,328038.0847,,
2025,5,64,West,Small & Medium,438097.5651,324614.9557,497098.4807,,
2025,5,64,East,Small & Medium,452696.4742,550183.7323,547732.3011,,
2025,5,64,East,Small & Medium,558673.3821,588024.6433,438330.9265,,
2025,5,64,East,Small & Medium,327461.0046,526552.7077,496627.2904,,
2025,5,64,East,Large,600882.1342,568980.6875,336990.7214,,
2025,5,64,East,Strategic,432481.7961,598052.6985,317236.9152,,
2025,5,64,East,Strategic,291513.1026,613230.8074,178468.5735,,
2025,5,64,East,Strategic,343005.5532,560027.2101,592939.6211,,
2025,5,64,East,Small & Medium,362453.2903,347178.5066,403840.6388,,
2025,5,64,East,Small & Medium,444818.3842,488497.6909,446056.327,,
2025,5,64,East,Small & Medium,279953.9505,523196.069,404669.487,,
2025,5,64,East,Small & Medium,417274.2398,372801.57,254114.2788,,
2025,5,64,East,Small & Medium,235566.6551,281895.3771,252217.2961,,
2025,5,64,East,Small & Medium,329861.4856,574882.9816,459231.3678,,
2025,5,64,East,Small & Medium,430158.4033,580816.6027,321338.7622,,
2025,5,64,East,Small & Medium,548626.4508,531020.0711,599624.0408,,
2025,5,64,East,Small & Medium,252836.2695,637956.8611,411266.0774,,
2025,5,64,East,Small & Medium,345452.4089,325647.222,289763.7562,,
2025,5,64,Central,Small & Medium,415067.8615,467632.5231,366162.153,,
2025,5,64,East,Small & Medium,546996.7897,656316.8838,451367.4992,,
2025,5,64,Central,Small & Medium,487865.0307,375384.2486,503406.7606,,
2025,5,64,East,Small & Medium,563418.0244,646953.8688,678718.1594,,
2025,5,64,Central,Small & Medium,264102.9379,339445.482,291535.0044,,
2025,5,64,East,Large,518485.0257,483831.9695,344644.3469,,
2025,5,64,East,Strategic,450782.6146,521674.9911,227033.6036,,
2025,5,64,Central,Strategic,247709.8704,577326.8425,736416.8336,,
2025,5,64,West,Large,423708.9886,316166.6082,377643.0377,,
2025,5,64,East,Large,305375.8726,436265.4343,400932.2546,,
2025,5,64,Central,Small & Medium,386871.2913,361024.3921,505023.8019,,
2025,5,64,West,Large,209414.0305,294778.4784,302201.6644,,
2025,5,64,Central,Small & Medium,231851.1706,717481.3497,362449.3893,,
2025,5,64,Central,Small & Medium,335658.6053,517379.9935,203623.3535,,
2025,5,64,East,Strategic,333457.8007,411304.916,467209.4481,,
2025,5,64,West,Small & Medium,563652.4144,613713.4512,321103.5313,,
2025,5,64,Central,Small & Medium,516528.1995,693989.9768,423465.6134,,
2025,5,64,West,Strategic,585692.6074,207253.6848,489532.4276,,
2025,5,64,West,Strategic,201118.6191,556375.7859,307107.1943,,
2025,5,64,Central,Small & Medium,613486.1186,643509.4431,372256.8662,,
2025,5,64,East,Strategic,200523.5663,506689.1784,391995.9732,,
2025,5,64,East,Large,383577.8194,382690.7933,301967.641,,
2025,5,64,East,Small & Medium,282475.1478,463339.4582,363809.3399,,
2025,5,64,East,Small & Medium,477099.2093,399291.7831,524998.0884,,
2025,5,64,Central,Large,525133.8656,475792.104,338669.7311,,
2025,5,64,West,Large,499131.7623,677667.7415,446606.0966,,
2025,5,64,West,Large,568843.6782,465389.0553,383545.1837,,
2025,5,64,Central,Strategic,359522.4495,627959.5143,560234.7126,,
2025,5,64,East,Strategic,303830.8948,581763.4486,549869.8771,,
2025,5,64,West,Large,441415.5804,313004.329,210295.6048,,
2025,5,64,Central,Large,235828.2229,482150.8065,293484.2344,,
2025,5,64,East,Large,308124.718,460937.8325,237262.4531,,
2025,5,64,Central,Large,475451.775,514803.0093,417965.019,,
2025,5,64,East,Large,321966.9948,536533.5062,516895.0218,,
2025,5,64,Central,Small & Medium,428966.8562,552533.6552,565555.604,,
2025,5,64,East,Large,471912.8054,385884.5174,613453.404,,
2025,5,64,Central,Small & Medium,320983.7766,431393.6774,301148.8773,,
2025,5,64,Central,Small & Medium,492483.6393,301109.769,435031.6641,,
2025,5,64,East,Small & Medium,589042.7487,536884.5858,412332.3215,,
2025,5,64,East,Large,513848.9682,340775.6332,84400.3739,,
2025,5,64,East,Strategic,345862.5476,412213.8259,286648.172,,
2025,5,64,Central,Strategic,394878.65,426370.2885,634886.2491,,
2025,5,64,Central,Large,383275.8253,419923.6237,293082.4178,,
2025,5,64,Central,Large,378586.818,464828.6349,421927.2119,,
2025,5,64,Central,Large,428582.8307,585828.4852,508263.1547,,
2025,5,64,Central,Large,429178.3045,188640.2136,396516.7647,,
2025,5,64,West,Strategic,353994.79,584372.1225,249128.2241,,
2025,5,64,East,Large,247602.8064,388781.0434,292568.1777,,
2025,5,64,Central,Small & Medium,384912.3595,489506.0673,483951.93,,
2025,5,64,Central,Small & Medium,424204.3317,671511.8765,419686.3456,,
2025,5,64,East,Small & Medium,414409.1009,353536.4466,412494.2656,,
2025,5,64,Central,Strategic,387118.7567,762035.1338,485939.0646,,
2025,5,64,Central,Large,836457.5034,344555.2607,373338.1791,,
2025,5,64,Central,Small & Medium,603014.5584,336969.2831,201640.8829,,
2025,5,64,Central,Small & Medium,322006.1555,432084.9193,388298.3591,,
2025,5,64,Central,Strategic,467654.4736,462743.3019,539329.2375,,
2025,5,64,Central,Large,311909.7701,583609.595,388823.3855,,
2025,5,64,East,Small & Medium,641868.3064,544987.933,269659.932,,
2025,5,64,East,Large,279178.1155,271534.4993,398147.7088,,
2025,5,64,Central,Strategic,389608.143,308177.1313,280951.5474,,
2025,5,64,East,Strategic,408474.4788,627500.6259,700803.6583,,
2025,5,64,East,Small & Medium,370295.6959,329694.9895,260906.613,,
2025,5,64,East,Large,403152.2262,403971.8596,584732.2302,,
2025,5,64,Central,Strategic,504170.0015,624795.8184,260433.0343,,
2025,5,64,East,Large,459282.9202,397784.8301,284969.9887,,
2025,5,64,East,Small & Medium,330564.696,365678.8352,254920.6197,,
2025,5,64,Central,Strategic,287464.4988,556765.9026,322273.161,,
2025,5,64,West,Large,288304.4045,302766.5863,273378.1198,,
2025,5,64,East,Strategic,289353.4318,589228.9901,497758.9357,,
2025,5,64,West,Strategic,560293.5081,369559.7454,532173.2902,,
2025,5,64,West,Small & Medium,488994.6361,520610.0952,470950.3493,,
2025,5,64,West,Large,557739.53,409157.9716,338977.312,,
2025,5,64,East,Small & Medium,389288.0278,474248.4623,381950.5956,,
2025,5,64,East,Large,397476.4601,470615.4656,289005.1841,,
2025,5,64,Central,Large,435526.6765,476389.7235,510210.5785,,
2025,5,64,East,Large,456075.5248,577866.876,329075.2755,,
2025,5,64,East,Strategic,393786.0704,300366.5399,382213.0879,,
2025,5,64,East,Strategic,537162.9384,488839.3985,345160.9429,,
2025,5,64,East,Large,594841.5086,487186.7425,328718.543,,
2025,5,64,Central,Small & Medium,556860.8109,533221.3204,398360.0706,,
2025,5,64,Central,Small & Medium,319087.7376,788827.9783,505389.5549,,
2025,5,64,East,Strategic,409206.2143,617879.0477,491900.9967,,
2025,5,64,East,Large,564583.9572,570721.0464,557972.9466,,
2025,5,64,East,Large,539482.7614,397537.3152,710235.1309,,
2025,5,64,East,Strategic,653261.6838,394511.5479,392242.523,,
2025,5,64,Central,Strategic,525272.1519,467245.7965,452535.3804,,
2025,5,64,Central,Large,264777.1434,263863.0969,345383.556,,
2025,5,64,West,Large,499312.3003,449318.327,217539.6075,,
2025,5,64,Central,Large,761443.1565,476108.3858,314357.9333,,
2025,5,64,East,Small & Medium,448505.0208,594089.342,328008.1704,,
2025,5,64,West,Large,559644.2355,574308.326,461473.5069,,
2025,5,64,West,Strategic,183965.3587,541106.8035,759881.9385,,
2025,5,64,Central,Strategic,350093.5415,736471.49,314634.6559,,
2025,5,64,Central,Strategic,413060.9731,527927.5702,362525.9854,,
2025,5,64,Central,Strategic,495112.2031,296982.6107,627882.5842,,
2025,5,64,Central,Strategic,544817.8846,360768.7572,342661.5334,,
2025,5,64,Central,Strategic,424360.6835,469750.4468,350927.8586,,
2025,5,64,East,Strategic,462023.0491,847512.3173,389505.9084,,
2025,5,64,Central,Small & Medium,508548.6776,349494.2765,379386.8474,,
2025,5,64,West,Strategic,393411.6315,450915.741,468388.199,,
2025,5,64,East,Small & Medium,412597.3446,316495.2861,425120.8932,,
2025,5,64,Central,Small & Medium,407324.9603,388512.0185,514339.6685,,
2025,5,64,East,Strategic,410182.0331,587045.3044,437603.3188,,
2025,5,64,West,Small & Medium,598157.7712,292555.4375,376658.4882,,
2025,5,64,Central,Strategic,564614.4432,420530.724,606057.0267,,
2025,5,64,East,Strategic,282125.0183,488216.2876,311334.1175,,
2025,5,64,East,Strategic,316099.4078,569904.1876,437620.5094,,
2025,5,64,Central,Large,318251.7287,550293.2817,446130.7271,,
2025,5,64,East,Strategic,592142.9231,441002.0601,393755.5695,,
2025,5,64,East,Small & Medium,430882.5105,259317.5187,281607.2393,,
2025,5,64,East,Strategic,267004.0486,603790.1802,187807.4945,,
2025,5,64,Central,Strategic,564697.0598,516539.7898,635005.2946,,
2025,5,64,East,Strategic,259674.1019,198742.8208,376490.7901,,
2025,5,64,West,Large,436817.4048,364718.9879,424621.036,,
2025,5,64,West,Large,364581.19,349774.1693,393303.9067,,
2025,5,64,East,Large,400568.222,670686.4285,635444.9186,,
2025,5,64,East,Strategic,581026.1219,500252.178,473561.9261,,
2025,5,64,Central,Small & Medium,677835.3482,203676.0985,456736.2515,,
2025,5,64,West,Small & Medium,356065.1668,405177.3173,312083.0555,,
2025,5,64,Central,Small & Medium,395161.9532,263066.8477,636918.6894,,
2025,5,64,Central,Strategic,552985.7448,334430.9373,672308.0936,,
2025,5,64,East,Large,645251.7386,644341.8955,452770.0978,,
2025,5,64,West,Large,316030.5424,545778.7352,585606.8012,,
2025,5,64,West,Strategic,497339.9351,584646.2659,513885.2036,,
2025,5,64,West,Strategic,567761.4422,412101.2762,125930.6133,,
2025,5,64,West,Large,568372.3003,433693.2948,439353.3602,,
2025,5,64,West,Strategic,557136.2122,225998.3398,668705.4262,,
2025,5,64,East,Strategic,324250.1124,276073.0854,398639.9594,,
2025,5,64,East,Strategic,185949.5456,688133.0973,288657.4921,,
2025,5,64,East,Large,442624.3752,285298.003,304983.6043,,
2025,5,64,East,Strategic,247851.1638,434457.6194,476861.0799,,
2025,5,64,West,Large,499559.4879,222865.7404,322896.2475,,
2025,5,64,East,Strategic,182033.1724,463593.4041,410565.0983,,
2025,5,64,East,Strategic,379805.9485,304930.5918,292304.1472,,
2025,5,64,East,Strategic,522404.7063,188414.3382,474049.2321,,
2025,5,64,East,Strategic,303809.7067,519473.2872,390318.7682,,
2025,5,64,East,Strategic,440690.1524,615772.8685,324832.9019,,
2025,5,64,West,Large,274893.0598,637354.4158,356802.6195,,
2025,5,64,East,Large,536729.1243,437307.2873,317245.5399,,
2025,5,64,East,Large,532002.8843,521762.5281,315807.4994,,
2025,5,64,East,Strategic,353028.6823,499305.6928,396419.5652,,
2025,5,64,East,Large,516317.0017,516198.087,381332.2759,,
2025,5,64,East,Large,412387.9723,438539.2404,434635.0089,,
2025,5,64,Central,Small & Medium,508250.7456,616051.3915,252764.9394,,
2025,5,64,West,Large,457495.4923,292589.2713,495671.057,,
2025,5,64,Central,Large,310110.2089,313249.3404,462916.5757,,
2025,5,64,East,Strategic,631710.7307,348860.0809,394771.0571,,
2025,5,64,West,Strategic,571359.5693,367763.7442,299674.8198,,
2025,5,64,Central,Strategic,579794.1912,574736.5051,193759.5261,,
2025,5,64,Central,Small & Medium,446188.5954,501981.3214,456327.975,,
2025,5,64,Central,Strategic,543453.1895,304648.2335,498457.6806,,
2025,5,64,West,Strategic,412516.6368,344725.6602,251668.8927,,
2025,5,64,East,Strategic,310900.8767,474531.664,225278.9925,,
2025,5,64,Central,Strategic,766981.0441,369670.1205,358116.2823,,
2025,5,64,West,Large,276224.455,557622.2145,512555.561,,
2025,5,64,East,Strategic,446377.2416,511310.9111,236822.4299,,
2025,5,64,Central,Large,329045.6054,444252.0816,341801.2267,,
2025,5,64,West,Small & Medium,356397.2758,415123.3973,379933.5903,,
2025,5,64,Central,Small & Medium,588214.3033,558710.8088,423676.8887,,
2025,5,64,Central,Small & Medium,573012.7948,397542.8112,415248.5518,,
2025,5,64,East,Large,415297.9018,453190.552,537806.9496,,
2025,5,64,East,Large,397988.5921,504328.5918,588078.7646,,
2025,5,64,East,Large,413984.1279,504799.7691,433859.7516,,
2025,5,64,East,Strategic,293544.1291,528255.4676,659890.2555,,
2025,5,64,West,Large,476746.5278,555598.9363,468825.9743,,
2025,5,64,Central,Large,432265.1097,412118.9494,374922.7154,,
2025,5,64,East,Strategic,298008.9331,377696.7145,400301.7927,,
2025,5,64,West,Large,520171.6041,637331.0264,365719.7063,,
2025,5,64,West,Strategic,581432.2459,384574.8313,477764.6216,,
2025,5,64,East,Strategic,447543.2751,354885.9065,144765.0872,,
2025,5,64,East,Strategic,353156.7245,383720.1027,359503.4953,,
2025,5,64,Central,Strategic,501316.5251,483325.4093,365059.6538,,
2025,5,64,East,Large,400789.6716,436945.7102,328494.2046,,
2025,5,64,East,Large,517032.1685,392314.6104,295971.0373,,
2025,5,64,East,Large,529886.2065,429456.3208,562867.1479,,
2025,5,64,East,Strategic,269898.7214,432035.617,401180.3325,,
2025,5,64,East,Strategic,518544.8575,541515.4534,444526.5751,,
2025,5,64,East,Large,609166.7632,513269.2299,298123.1928,,
2025,5,64,East,Strategic,353195.9531,431160.6397,497929.9375,,
2025,5,64,East,Small & Medium,569658.6497,355661.901,556462.5633,,
2025,5,64,West,Strategic,402329.4481,580015.1571,525415.7676,,
2025,5,64,West,Small & Medium,497907.0654,384511.6124,294913.0955,,
2025,5,64,East,Small & Medium,481157.4915,198862.1118,656830.7368,,
2025,5,64,East,Strategic,395519.806,406723.7796,588071.817,,
2025,5,64,East,Small & Medium,730409.9095,522962.8184,375095.6211,,
2025,5,64,East,Small & Medium,333843.8387,645117.1775,217972.5852,,
2025,5,64,East,Small & Medium,386597.9894,357847.0148,196603.9333,,
2025,5,64,East,Large,261632.4698,637293.6183,618577.8589,,
2025,5,64,Central,Small & Medium,630340.1574,664035.2268,393592.5031,,
2025,5,64,Central,Strategic,349293.3339,494567.869,360566.9295,,
2025,5,64,Central,Large,581395.9345,469251.9364,328571.7588,,
2025,5,64,West,Large,518894.537,701016.7484,306930.2254,,
2025,5,64,Central,Strategic,463413.0675,567863.7146,513825.2371,,
2025,5,64,Central,Strategic,455483.8804,624070.5831,281526.6733,,
2025,5,64,East,Large,355811.7491,412611.3595,651141.8549,,
2025,5,64,Central,Small & Medium,227867.9806,528993.3849,196225.7395,,
2025,5,64,West,Large,531614.4582,651445.0714,400714.7187,,
2025,5,64,West,Large,389168.1274,659100.1337,386550.0169,,
2025,5,64,East,Strategic,327145.975,580566.3763,478345.0509,,
2025,5,64,East,Strategic,440650.2524,450663.7358,305407.9479,,
2025,5,64,East,Large,329069.9596,484316.815,257157.1424,,
2025,5,64,West,Small & Medium,509958.8228,697184.1739,412915.5386,,
2025,5,64,Central,Small & Medium,484988.1856,332449.8758,409875.0696,,
2025,5,64,West,Large,442177.0458,403455.5935,549841.2786,,
2025,5,64,West,Large,333756.9177,674214.9613,464516.6616,,
2025,5,64,West,Small & Medium,228755.672,543850.828,435547.3556,,
2025,5,64,Central,Small & Medium,343187.6045,520671.7442,513278.7278,,
2025,5,64,East,Small & Medium,419464.4519,344224.4385,339098.3029,,
2025,5,64,West,Strategic,497843.6203,374919.4381,355973.3684,,
2025,5,64,West,Small & Medium,431322.037,521982.4611,506361.2976,,
2025,5,64,West,Small & Medium,392886.8606,497672.3152,408004.811,,
2025,5,64,East,Large,376156.7443,439910.1008,453490.7431,,
2025,5,64,Central,Small & Medium,519150.1082,476340.0557,485538.7326,,
2025,5,64,West,Small & Medium,351759.9803,634537.8172,672972.4432,,
2025,5,64,East,Small & Medium,528280.0191,572902.7775,512071.0478,,
2025,5,64,West,Strategic,388135.8633,498344.3349,342378.8539,,
2025,5,64,East,Strategic,474958.0863,334740.4215,345423.2741,,
2025,5,64,Central,Large,401689.9936,361940.3705,370695.6691,,
2025,5,64,East,Large,447755.109,586136.0544,329627.461,,
2025,5,64,West,Large,325140.5905,404885.6653,493566.2673,,
2025,5,64,West,Strategic,355872.1284,421566.4392,273614.2464,,
2025,5,64,East,Strategic,223811.1795,495796.0343,636049.2003,,
2025,5,64,East,Large,344108.4663,450014.5748,342559.4095,,
2025,5,64,Central,Strategic,502549.742,497763.9775,223309.8514,,
2025,5,64,Central,Small & Medium,298545.7468,604809.2367,312248.9953,,
2025,5,64,Central,Strategic,599321.813,460434.271,395700.935,,
2025,5,64,West,Small & Medium,437647.9027,653546.0102,317609.4534,,
2025,5,64,East,Large,582246.2525,483657.4782,559362.5272,,
2025,5,64,East,Strategic,172422.2588,210629.4518,83063.7458,,
2025,5,64,Central,Strategic,418100.9043,552353.2767,566180.5957,,
2025,5,64,East,Large,404223.7247,442256.6845,224372.1381,,
2025,5,64,Central,Large,465398.4104,810009.141,352394.3165,,
2025,5,64,West,Large,419942.6002,398067.9212,493720.5909,,
2025,5,64,West,Small & Medium,311049.586,397767.9998,654875.9752,,
2025,5,64,East,Strategic,185408.8403,445062.0663,237246.138,,
2025,5,64,Central,Strategic,396663.6856,461541.7108,276742.1374,,
2025,5,64,East,Strategic,426721.8801,484296.6728,275155.6755,,
2025,5,64,Central,Small & Medium,632407.4428,508585.6895,486405.4813,,
2025,5,64,West,Strategic,233443.1848,698806.9932,424569.1241,,
2025,5,64,Central,Small & Medium,516581.3162,564092.8483,192192.7303,,
2025,5,64,Central,Small & Medium,376305.2168,479620.1647,296352.2853,,
2025,5,64,West,Large,322255.0938,588749.2974,248570.5034,,
2025,5,64,East,Small & Medium,410407.3263,342950.4951,427448.7304,,
2025,5,64,Central,Large,445605.8104,534748.3498,464551.6176,,
2025,5,64,West,Strategic,550762.1389,464783.1278,408057.1476,,
2025,5,64,East,Strategic,429004.3678,415892.6503,478828.9439,,
2025,5,64,Central,Strategic,407809.4454,375092.8529,271901.914,,
2025,5,64,Central,Strategic,431747.6997,424571.2373,403930.1706,,
2025,5,64,East,Strategic,284061.9207,605019.22,308850.8758,,
2025,5,64,Central,Large,497172.8967,360535.8609,353584.6826,,
2025,5,64,Central,Strategic,453301.9078,418289.1899,387746.326,,
2025,5,64,West,Small & Medium,270788.8601,452114.6952,430453.1564,,
2025,5,64,Central,Large,630435.5185,365142.4196,398369.1828,,
2025,5,64,East,Strategic,528852.668,320126.4651,493773.6318,,
2025,5,64,Central,Large,461431.4679,390160.2426,484595.2688,,
2025,5,64,East,Strategic,295481.0124,582670.3601,309092.308,,
2025,5,64,Central,Large,446399.5218,256026.0528,276543.5665,,
2025,5,64,Central,Large,244795.5713,433957.4116,523721.5604,,
2025,5,64,Central,Strategic,521256.8048,495099.6435,560451.5153,,
2025,5,64,Central,Strategic,371617.6442,383304.4925,515955.6464,,
2025,5,64,West,Small & Medium,532698.7395,582383.4739,412499.0371,,
2025,5,64,Central,Strategic,457592.9016,673613.8279,581598.6284,,
2025,5,64,Central,Small & Medium,569765.9556,946060.8365,294270.4513,,
2025,5,64,East,Strategic,382359.0785,515602.2703,332591.0793,,
2025,5,64,East,Strategic,629650.5676,250279.1062,496191.129,,
2025,5,64,Central,Strategic,371394.2949,294472.0372,358961.4081,,
2025,5,64,Central,Large,334314.3964,554989.799,451166.6572,,
2025,5,64,West,Large,397499.0615,591053.5514,545648.5405,,
2025,5,64,Central,Large,484468.1393,438421.3112,320286.2191,,
2025,5,64,Central,Large,484798.1266,498078.5362,356942.067,,
2025,5,64,Central,Strategic,338833.9909,846553.485,120370.582,,
2025,5,64,Central,Small & Medium,353124.5046,416675.1252,603050.5724,,
2025,5,64,East,Large,365247.2322,472393.5396,453767.1724,,
2025,5,64,East,Large,440125.3236,410623.2695,300270.1961,,
2025,5,64,Central,Large,373578.8833,253969.2809,388551.7309,,
2025,5,64,East,Strategic,358446.0599,410400.0585,613699.0646,,
2025,5,64,Central,Strategic,328801.2437,466752.6468,418471.1874,,
2025,5,64,Central,Large,404488.2524,453880.5582,358902.2636,,
2025,5,64,East,Strategic,462559.7377,389913.1913,447062.139,,
2025,5,64,Central,Strategic,506125.5096,645803.1031,320507.588,,
2025,5,64,Central,Large,383871.6821,528954.7844,300802.5926,,
2025,5,64,Central,Small & Medium,219629.228,657725.107,442951.2728,,
2025,5,64,Central,Large,352160.9549,289286.7994,465269.6456,,
2025,5,64,Central,Large,320384.0567,300205.5726,692432.0725,,
2025,5,64,Central,Large,409521.21,432470.9631,382123.708,,
2025,5,64,Central,Small & Medium,249484.8413,548468.2431,464697.753,,
2025,5,64,West,Large,245289.1503,479179.2464,249133.6516,,
2025,5,64,Central,Large,403142.508,610253.7394,468709.956,,
2025,5,64,Central,Strategic,469401.0626,613376.0987,275526.777,,
2025,5,64,Central,Strategic,437327.339,425173.6338,446357.5767,,
2025,5,64,East,Strategic,366190.0245,428025.9672,578944.11,,
2025,5,64,East,Small & Medium,444044.6057,633104.1299,276991.6627,,
2025,5,64,Central,Strategic,259501.8377,491804.3708,501939.1858,,
2025,5,64,Central,Strategic,371460.9312,450690.9108,321283.4259,,
2025,5,64,East,Small & Medium,296377.6389,357682.6985,462165.9354,,
2025,5,64,Central,Small & Medium,200633.2831,544757.6782,316954.3439,,
2025,5,64,East,Large,335321.4998,236445.3939,439544.9267,,
2025,5,64,East,Small & Medium,418275.5109,448280.6403,410379.6661,,
2025,5,64,East,Small & Medium,421313.6386,559371.6391,430165.7261,,
2025,6,65,Central,Strategic,,154617.0083,158929.7165,,
2025,6,65,East,Strategic,,445607.5902,577614.739,,
2025,6,65,Central,Strategic,,604532.0223,510648.3107,,
2025,6,65,West,Large,,357292.2339,670072.0033,,
2025,6,65,Central,Large,,652301.5645,438390.2166,,
2025,6,65,West,Strategic,,586728.3559,485524.9037,,
2025,6,65,East,Large,,398768.8362,240509.8494,,
2025,6,65,East,Large,,651355.0682,436620.0263,,
2025,6,65,East,Small & Medium,,481199.8092,531062.4924,,
2025,6,65,West,Strategic,,245006.4346,473548.5362,,
2025,6,65,Central,Strategic,,210975.5474,465830.4606,,
2025,6,65,Central,Strategic,,559522.4532,326299.2251,,
2025,6,65,East,Strategic,,226264.3558,665932.9771,,
2025,6,65,West,Strategic,,322412.6007,601880.5616,,
2025,6,65,West,Large,,516212.7286,341634.7836,,
2025,6,65,East,Strategic,,649190.1103,438167.7683,,
2025,6,65,West,Strategic,,421454.591,449662.2459,,
2025,6,65,West,Strategic,,389245.7639,286575.5891,,
2025,6,65,West,Large,,205138.6683,637532.2079,,
2025,6,65,East,Large,,385640.464,308736.4364,,
2025,6,65,East,Strategic,,360747.42,737572.9317,,
2025,6,65,East,Small & Medium,,311279.6045,414049.4503,,
2025,6,65,West,Small & Medium,,679043.4372,642725.3973,,
2025,6,65,West,Strategic,,376454.3783,605407.75,,
2025,6,65,West,Large,,398348.7239,778428.0694,,
2025,6,65,East,Small & Medium,,324175.7126,398753.7426,,
2025,6,65,East,Strategic,,466842.6794,477863.5633,,
2025,6,65,East,Small & Medium,,150195.4437,496401.9661,,
2025,6,65,West,Small & Medium,,321651.8525,486554.4841,,
2025,6,65,Central,Large,,297440.4043,565928.6519,,
2025,6,65,West,Large,,356053.0069,494238.1709,,
2025,6,65,Central,Small & Medium,,466342.3484,276229.6954,,
2025,6,65,West,Strategic,,431641.4039,242377.4137,,
2025,6,65,East,Small & Medium,,547896.5191,405756.2564,,
2025,6,65,Central,Large,,686550.6378,564167.1984,,
2025,6,65,East,Small & Medium,,324220.1194,400623.9947,,
2025,6,65,East,Small & Medium,,497490.8117,730780.5976,,
2025,6,65,East,Small & Medium,,376347.4585,476748.4019,,
2025,6,65,East,Small & Medium,,436373.1403,396187.9147,,
2025,6,65,East,Small & Medium,,511566.4234,380486.5125,,
2025,6,65,West,Small & Medium,,438097.5651,324614.9557,,
2025,6,65,East,Small & Medium,,452696.4742,550183.7323,,
2025,6,65,East,Small & Medium,,558673.3821,588024.6433,,
2025,6,65,East,Small & Medium,,327461.0046,526552.7077,,
2025,6,65,East,Large,,600882.1342,568980.6875,,
2025,6,65,East,Strategic,,432481.7961,598052.6985,,
2025,6,65,East,Strategic,,291513.1026,613230.8074,,
2025,6,65,East,Strategic,,343005.5532,560027.2101,,
2025,6,65,East,Small & Medium,,362453.2903,347178.5066,,
2025,6,65,East,Small & Medium,,444818.3842,488497.6909,,
2025,6,65,East,Small & Medium,,279953.9505,523196.069,,
2025,6,65,East,Small & Medium,,417274.2398,372801.57,,
2025,6,65,East,Small & Medium,,235566.6551,281895.3771,,
2025,6,65,East,Small & Medium,,329861.4856,574882.9816,,
2025,6,65,East,Small & Medium,,430158.4033,580816.6027,,
2025,6,65,East,Small & Medium,,548626.4508,531020.0711,,
2025,6,65,East,Small & Medium,,252836.2695,637956.8611,,
2025,6,65,East,Small & Medium,,345452.4089,325647.222,,
2025,6,65,Central,Small & Medium,,415067.8615,467632.5231,,
2025,6,65,East,Small & Medium,,546996.7897,656316.8838,,
2025,6,65,Central,Small & Medium,,487865.0307,375384.2486,,
2025,6,65,East,Small & Medium,,563418.0244,646953.8688,,
2025,6,65,Central,Small & Medium,,264102.9379,339445.482,,
2025,6,65,East,Large,,518485.0257,483831.9695,,
2025,6,65,East,Strategic,,450782.6146,521674.9911,,
2025,6,65,Central,Strategic,,247709.8704,577326.8425,,
2025,6,65,West,Large,,423708.9886,316166.6082,,
2025,6,65,East,Large,,305375.8726,436265.4343,,
2025,6,65,Central,Small & Medium,,386871.2913,361024.3921,,
2025,6,65,West,Large,,209414.0305,294778.4784,,
2025,6,65,Central,Small & Medium,,231851.1706,717481.3497,,
2025,6,65,Central,Small & Medium,,335658.6053,517379.9935,,
2025,6,65,East,Strategic,,333457.8007,411304.916,,
2025,6,65,West,Small & Medium,,563652.4144,613713.4512,,
2025,6,65,Central,Small & Medium,,516528.1995,693989.9768,,
2025,6,65,West,Strategic,,585692.6074,207253.6848,,
2025,6,65,West,Strategic,,201118.6191,556375.7859,,
2025,6,65,Central,Small & Medium,,613486.1186,643509.4431,,
2025,6,65,East,Strategic,,200523.5663,506689.1784,,
2025,6,65,East,Large,,383577.8194,382690.7933,,
2025,6,65,East,Small & Medium,,282475.1478,463339.4582,,
2025,6,65,East,Small & Medium,,477099.2093,399291.7831,,
2025,6,65,Central,Large,,525133.8656,475792.104,,
2025,6,65,West,Large,,499131.7623,677667.7415,,
2025,6,65,West,Large,,568843.6782,465389.0553,,
2025,6,65,Central,Strategic,,359522.4495,627959.5143,,
2025,6,65,East,Strategic,,303830.8948,581763.4486,,
2025,6,65,West,Large,,441415.5804,313004.329,,
2025,6,65,Central,Large,,235828.2229,482150.8065,,
2025,6,65,East,Large,,308124.718,460937.8325,,
2025,6,65,Central,Large,,475451.775,514803.0093,,
2025,6,65,East,Large,,321966.9948,536533.5062,,
2025,6,65,Central,Small & Medium,,428966.8562,552533.6552,,
2025,6,65,East,Large,,471912.8054,385884.5174,,
2025,6,65,Central,Small & Medium,,320983.7766,431393.6774,,
2025,6,65,Central,Small & Medium,,492483.6393,301109.769,,
2025,6,65,East,Small & Medium,,589042.7487,536884.5858,,
2025,6,65,East,Large,,513848.9682,340775.6332,,
2025,6,65,East,Strategic,,345862.5476,412213.8259,,
2025,6,65,Central,Strategic,,394878.65,426370.2885,,
2025,6,65,Central,Large,,383275.8253,419923.6237,,
2025,6,65,Central,Large,,378586.818,464828.6349,,
2025,6,65,Central,Large,,428582.8307,585828.4852,,
2025,6,65,Central,Large,,429178.3045,188640.2136,,
2025,6,65,West,Strategic,,353994.79,584372.1225,,
2025,6,65,East,Large,,247602.8064,388781.0434,,
2025,6,65,Central,Small & Medium,,384912.3595,489506.0673,,
2025,6,65,Central,Small & Medium,,424204.3317,671511.8765,,
2025,6,65,East,Small & Medium,,414409.1009,353536.4466,,
2025,6,65,Central,Strategic,,387118.7567,762035.1338,,
2025,6,65,Central,Large,,836457.5034,344555.2607,,
2025,6,65,Central,Small & Medium,,603014.5584,336969.2831,,
2025,6,65,Central,Small & Medium,,322006.1555,432084.9193,,
2025,6,65,Central,Strategic,,467654.4736,462743.3019,,
2025,6,65,Central,Large,,311909.7701,583609.595,,
2025,6,65,East,Small & Medium,,641868.3064,544987.933,,
2025,6,65,East,Large,,279178.1155,271534.4993,,
2025,6,65,Central,Strategic,,389608.143,308177.1313,,
2025,6,65,East,Strategic,,408474.4788,627500.6259,,
2025,6,65,East,Small & Medium,,370295.6959,329694.9895,,
2025,6,65,East,Large,,403152.2262,403971.8596,,
2025,6,65,Central,Strategic,,504170.0015,624795.8184,,
2025,6,65,East,Large,,459282.9202,397784.8301,,
2025,6,65,East,Small & Medium,,330564.696,365678.8352,,
2025,6,65,Central,Strategic,,287464.4988,556765.9026,,
2025,6,65,West,Large,,288304.4045,302766.5863,,
2025,6,65,East,Strategic,,289353.4318,589228.9901,,
2025,6,65,West,Strategic,,560293.5081,369559.7454,,
2025,6,65,West,Small & Medium,,488994.6361,520610.0952,,
2025,6,65,West,Large,,557739.53,409157.9716,,
2025,6,65,East,Small & Medium,,389288.0278,474248.4623,,
2025,6,65,East,Large,,397476.4601,470615.4656,,
2025,6,65,Central,Large,,435526.6765,476389.7235,,
2025,6,65,East,Large,,456075.5248,577866.876,,
2025,6,65,East,Strategic,,393786.0704,300366.5399,,
2025,6,65,East,Strategic,,537162.9384,488839.3985,,
2025,6,65,East,Large,,594841.5086,487186.7425,,
2025,6,65,Central,Small & Medium,,556860.8109,533221.3204,,
2025,6,65,Central,Small & Medium,,319087.7376,788827.9783,,
2025,6,65,East,Strategic,,409206.2143,617879.0477,,
2025,6,65,East,Large,,564583.9572,570721.0464,,
2025,6,65,East,Large,,539482.7614,397537.3152,,
2025,6,65,East,Strategic,,653261.6838,394511.5479,,
2025,6,65,Central,Strategic,,525272.1519,467245.7965,,
2025,6,65,Central,Large,,264777.1434,263863.0969,,
2025,6,65,West,Large,,499312.3003,449318.327,,
2025,6,65,Central,Large,,761443.1565,476108.3858,,
2025,6,65,East,Small & Medium,,448505.0208,594089.342,,
2025,6,65,West,Large,,559644.2355,574308.326,,
2025,6,65,West,Strategic,,183965.3587,541106.8035,,
2025,6,65,Central,Strategic,,350093.5415,736471.49,,
2025,6,65,Central,Strategic,,413060.9731,527927.5702,,
2025,6,65,Central,Strategic,,495112.2031,296982.6107,,
2025,6,65,Central,Strategic,,544817.8846,360768.7572,,
2025,6,65,Central,Strategic,,424360.6835,469750.4468,,
2025,6,65,East,Strategic,,462023.0491,847512.3173,,
2025,6,65,Central,Small & Medium,,508548.6776,349494.2765,,
2025,6,65,West,Strategic,,393411.6315,450915.741,,
2025,6,65,East,Small & Medium,,412597.3446,316495.2861,,
2025,6,65,Central,Small & Medium,,407324.9603,388512.0185,,
2025,6,65,East,Strategic,,410182.0331,587045.3044,,
2025,6,65,West,Small & Medium,,598157.7712,292555.4375,,
2025,6,65,Central,Strategic,,564614.4432,420530.724,,
2025,6,65,East,Strategic,,282125.0183,488216.2876,,
2025,6,65,East,Strategic,,316099.4078,569904.1876,,
2025,6,65,Central,Large,,318251.7287,550293.2817,,
2025,6,65,East,Strategic,,592142.9231,441002.0601,,
2025,6,65,East,Small & Medium,,430882.5105,259317.5187,,
2025,6,65,East,Strategic,,267004.0486,603790.1802,,
2025,6,65,Central,Strategic,,564697.0598,516539.7898,,
2025,6,65,East,Strategic,,259674.1019,198742.8208,,
2025,6,65,West,Large,,436817.4048,364718.9879,,
2025,6,65,West,Large,,364581.19,349774.1693,,
2025,6,65,East,Large,,400568.222,670686.4285,,
2025,6,65,East,Strategic,,581026.1219,500252.178,,
2025,6,65,Central,Small & Medium,,677835.3482,203676.0985,,
2025,6,65,West,Small & Medium,,356065.1668,405177.3173,,
2025,6,65,Central,Small & Medium,,395161.9532,263066.8477,,
2025,6,65,Central,Strategic,,552985.7448,334430.9373,,
2025,6,65,East,Large,,645251.7386,644341.8955,,
2025,6,65,West,Large,,316030.5424,545778.7352,,
2025,6,65,West,Strategic,,497339.9351,584646.2659,,
2025,6,65,West,Strategic,,567761.4422,412101.2762,,
2025,6,65,West,Large,,568372.3003,433693.2948,,
2025,6,65,West,Strategic,,557136.2122,225998.3398,,
2025,6,65,East,Strategic,,324250.1124,276073.0854,,
2025,6,65,East,Strategic,,185949.5456,688133.0973,,
2025,6,65,East,Large,,442624.3752,285298.003,,
2025,6,65,East,Strategic,,247851.1638,434457.6194,,
2025,6,65,West,Large,,499559.4879,222865.7404,,
2025,6,65,East,Strategic,,182033.1724,463593.4041,,
2025,6,65,East,Strategic,,379805.9485,304930.5918,,
2025,6,65,East,Strategic,,522404.7063,188414.3382,,
2025,6,65,East,Strategic,,303809.7067,519473.2872,,
2025,6,65,East,Strategic,,440690.1524,615772.8685,,
2025,6,65,West,Large,,274893.0598,637354.4158,,
2025,6,65,East,Large,,536729.1243,437307.2873,,
2025,6,65,East,Large,,532002.8843,521762.5281,,
2025,6,65,East,Strategic,,353028.6823,499305.6928,,
2025,6,65,East,Large,,516317.0017,516198.087,,
2025,6,65,East,Large,,412387.9723,438539.2404,,
2025,6,65,Central,Small & Medium,,508250.7456,616051.3915,,
2025,6,65,West,Large,,457495.4923,292589.2713,,
2025,6,65,Central,Large,,310110.2089,313249.3404,,
2025,6,65,East,Strategic,,631710.7307,348860.0809,,
2025,6,65,West,Strategic,,571359.5693,367763.7442,,
2025,6,65,Central,Strategic,,579794.1912,574736.5051,,
2025,6,65,Central,Small & Medium,,446188.5954,501981.3214,,
2025,6,65,Central,Strategic,,543453.1895,304648.2335,,
2025,6,65,West,Strategic,,412516.6368,344725.6602,,
2025,6,65,East,Strategic,,310900.8767,474531.664,,
2025,6,65,Central,Strategic,,766981.0441,369670.1205,,
2025,6,65,West,Large,,276224.455,557622.2145,,
2025,6,65,East,Strategic,,446377.2416,511310.9111,,
2025,6,65,Central,Large,,329045.6054,444252.0816,,
2025,6,65,West,Small & Medium,,356397.2758,415123.3973,,
2025,6,65,Central,Small & Medium,,588214.3033,558710.8088,,
2025,6,65,Central,Small & Medium,,573012.7948,397542.8112,,
2025,6,65,East,Large,,415297.9018,453190.552,,
2025,6,65,East,Large,,397988.5921,504328.5918,,
2025,6,65,East,Large,,413984.1279,504799.7691,,
2025,6,65,East,Strategic,,293544.1291,528255.4676,,
2025,6,65,West,Large,,476746.5278,555598.9363,,
2025,6,65,Central,Large,,432265.1097,412118.9494,,
2025,6,65,East,Strategic,,298008.9331,377696.7145,,
2025,6,65,West,Large,,520171.6041,637331.0264,,
2025,6,65,West,Strategic,,581432.2459,384574.8313,,
2025,6,65,East,Strategic,,447543.2751,354885.9065,,
2025,6,65,East,Strategic,,353156.7245,383720.1027,,
2025,6,65,Central,Strategic,,501316.5251,483325.4093,,
2025,6,65,East,Large,,400789.6716,436945.7102,,
2025,6,65,East,Large,,517032.1685,392314.6104,,
2025,6,65,East,Large,,529886.2065,429456.3208,,
2025,6,65,East,Strategic,,269898.7214,432035.617,,
2025,6,65,East,Strategic,,518544.8575,541515.4534,,
2025,6,65,East,Large,,609166.7632,513269.2299,,
2025,6,65,East,Strategic,,353195.9531,431160.6397,,
2025,6,65,East,Small & Medium,,569658.6497,355661.901,,
2025,6,65,West,Strategic,,402329.4481,580015.1571,,
2025,6,65,West,Small & Medium,,497907.0654,384511.6124,,
2025,6,65,East,Small & Medium,,481157.4915,198862.1118,,
2025,6,65,East,Strategic,,395519.806,406723.7796,,
2025,6,65,East,Small & Medium,,730409.9095,522962.8184,,
2025,6,65,East,Small & Medium,,333843.8387,645117.1775,,
2025,6,65,East,Small & Medium,,386597.9894,357847.0148,,
2025,6,65,East,Large,,261632.4698,637293.6183,,
2025,6,65,Central,Small & Medium,,630340.1574,664035.2268,,
2025,6,65,Central,Strategic,,349293.3339,494567.869,,
2025,6,65,Central,Large,,581395.9345,469251.9364,,
2025,6,65,West,Large,,518894.537,701016.7484,,
2025,6,65,Central,Strategic,,463413.0675,567863.7146,,
2025,6,65,Central,Strategic,,455483.8804,624070.5831,,
2025,6,65,East,Large,,355811.7491,412611.3595,,
2025,6,65,Central,Small & Medium,,227867.9806,528993.3849,,
2025,6,65,West,Large,,531614.4582,651445.0714,,
2025,6,65,West,Large,,389168.1274,659100.1337,,
2025,6,65,East,Strategic,,327145.975,580566.3763,,
2025,6,65,East,Strategic,,440650.2524,450663.7358,,
2025,6,65,East,Large,,329069.9596,484316.815,,
2025,6,65,West,Small & Medium,,509958.8228,697184.1739,,
2025,6,65,Central,Small & Medium,,484988.1856,332449.8758,,
2025,6,65,West,Large,,442177.0458,403455.5935,,
2025,6,65,West,Large,,333756.9177,674214.9613,,
2025,6,65,West,Small & Medium,,228755.672,543850.828,,
2025,6,65,Central,Small & Medium,,343187.6045,520671.7442,,
2025,6,65,East,Small & Medium,,419464.4519,344224.4385,,
2025,6,65,West,Strategic,,497843.6203,374919.4381,,
2025,6,65,West,Small & Medium,,431322.037,521982.4611,,
2025,6,65,West,Small & Medium,,392886.8606,497672.3152,,
2025,6,65,East,Large,,376156.7443,439910.1008,,
2025,6,65,Central,Small & Medium,,519150.1082,476340.0557,,
2025,6,65,West,Small & Medium,,351759.9803,634537.8172,,
2025,6,65,East,Small & Medium,,528280.0191,572902.7775,,
2025,6,65,West,Strategic,,388135.8633,498344.3349,,
2025,6,65,East,Strategic,,474958.0863,334740.4215,,
2025,6,65,Central,Large,,401689.9936,361940.3705,,
2025,6,65,East,Large,,447755.109,586136.0544,,
2025,6,65,West,Large,,325140.5905,404885.6653,,
2025,6,65,West,Strategic,,355872.1284,421566.4392,,
2025,6,65,East,Strategic,,223811.1795,495796.0343,,
2025,6,65,East,Large,,344108.4663,450014.5748,,
2025,6,65,Central,Strategic,,502549.742,497763.9775,,
2025,6,65,Central,Small & Medium,,298545.7468,604809.2367,,
2025,6,65,Central,Strategic,,599321.813,460434.271,,
2025,6,65,West,Small & Medium,,437647.9027,653546.0102,,
2025,6,65,East,Large,,582246.2525,483657.4782,,
2025,6,65,East,Strategic,,172422.2588,210629.4518,,
2025,6,65,Central,Strategic,,418100.9043,552353.2767,,
2025,6,65,East,Large,,404223.7247,442256.6845,,
2025,6,65,Central,Large,,465398.4104,810009.141,,
2025,6,65,West,Large,,419942.6002,398067.9212,,
2025,6,65,West,Small & Medium,,311049.586,397767.9998,,
2025,6,65,East,Strategic,,185408.8403,445062.0663,,
2025,6,65,Central,Strategic,,396663.6856,461541.7108,,
2025,6,65,East,Strategic,,426721.8801,484296.6728,,
2025,6,65,Central,Small & Medium,,632407.4428,508585.6895,,
2025,6,65,West,Strategic,,233443.1848,698806.9932,,
2025,6,65,Central,Small & Medium,,516581.3162,564092.8483,,
2025,6,65,Central,Small & Medium,,376305.2168,479620.1647,,
2025,6,65,West,Large,,322255.0938,588749.2974,,
2025,6,65,East,Small & Medium,,410407.3263,342950.4951,,
2025,6,65,Central,Large,,445605.8104,534748.3498,,
2025,6,65,West,Strategic,,550762.1389,464783.1278,,
2025,6,65,East,Strategic,,429004.3678,415892.6503,,
2025,6,65,Central,Strategic,,407809.4454,375092.8529,,
2025,6,65,Central,Strategic,,431747.6997,424571.2373,,
2025,6,65,East,Strategic,,284061.9207,605019.22,,
2025,6,65,Central,Large,,497172.8967,360535.8609,,
2025,6,65,Central,Strategic,,453301.9078,418289.1899,,
2025,6,65,West,Small & Medium,,270788.8601,452114.6952,,
2025,6,65,Central,Large,,630435.5185,365142.4196,,
2025,6,65,East,Strategic,,528852.668,320126.4651,,
2025,6,65,Central,Large,,461431.4679,390160.2426,,
2025,6,65,East,Strategic,,295481.0124,582670.3601,,
2025,6,65,Central,Large,,446399.5218,256026.0528,,
2025,6,65,Central,Large,,244795.5713,433957.4116,,
2025,6,65,Central,Strategic,,521256.8048,495099.6435,,
2025,6,65,Central,Strategic,,371617.6442,383304.4925,,
2025,6,65,West,Small & Medium,,532698.7395,582383.4739,,
2025,6,65,Central,Strategic,,457592.9016,673613.8279,,
2025,6,65,Central,Small & Medium,,569765.9556,946060.8365,,
2025,6,65,East,Strategic,,382359.0785,515602.2703,,
2025,6,65,East,Strategic,,629650.5676,250279.1062,,
2025,6,65,Central,Strategic,,371394.2949,294472.0372,,
2025,6,65,Central,Large,,334314.3964,554989.799,,
2025,6,65,West,Large,,397499.0615,591053.5514,,
2025,6,65,Central,Large,,484468.1393,438421.3112,,
2025,6,65,Central,Large,,484798.1266,498078.5362,,
2025,6,65,Central,Strategic,,338833.9909,846553.485,,
2025,6,65,Central,Small & Medium,,353124.5046,416675.1252,,
2025,6,65,East,Large,,365247.2322,472393.5396,,
2025,6,65,East,Large,,440125.3236,410623.2695,,
2025,6,65,Central,Large,,373578.8833,253969.2809,,
2025,6,65,East,Strategic,,358446.0599,410400.0585,,
2025,6,65,Central,Strategic,,328801.2437,466752.6468,,
2025,6,65,Central,Large,,404488.2524,453880.5582,,
2025,6,65,East,Strategic,,462559.7377,389913.1913,,
2025,6,65,Central,Strategic,,506125.5096,645803.1031,,
2025,6,65,Central,Large,,383871.6821,528954.7844,,
2025,6,65,Central,Small & Medium,,219629.228,657725.107,,
2025,6,65,Central,Large,,352160.9549,289286.7994,,
2025,6,65,Central,Large,,320384.0567,300205.5726,,
2025,6,65,Central,Large,,409521.21,432470.9631,,
2025,6,65,Central,Small & Medium,,249484.8413,548468.2431,,
2025,6,65,West,Large,,245289.1503,479179.2464,,
2025,6,65,Central,Large,,403142.508,610253.7394,,
2025,6,65,Central,Strategic,,469401.0626,613376.0987,,
2025,6,65,Central,Strategic,,437327.339,425173.6338,,
2025,6,65,East,Strategic,,366190.0245,428025.9672,,
2025,6,65,East,Small & Medium,,444044.6057,633104.1299,,
2025,6,65,Central,Strategic,,259501.8377,491804.3708,,
2025,6,65,Central,Strategic,,371460.9312,450690.9108,,
2025,6,65,East,Small & Medium,,296377.6389,357682.6985,,
2025,6,65,Central,Small & Medium,,200633.2831,544757.6782,,
2025,6,65,East,Large,,335321.4998,236445.3939,,
2025,6,65,East,Small & Medium,,418275.5109,448280.6403,,
2025,6,65,East,Small & Medium,,421313.6386,559371.6391,,
2025,7,66,Central,Strategic,,,154617.0083,,
2025,7,66,East,Strategic,,,445607.5902,,
2025,7,66,Central,Strategic,,,604532.0223,,
2025,7,66,West,Large,,,357292.2339,,
2025,7,66,Central,Large,,,652301.5645,,
2025,7,66,West,Strategic,,,586728.3559,,
2025,7,66,East,Large,,,398768.8362,,
2025,7,66,East,Large,,,651355.0682,,
2025,7,66,East,Small & Medium,,,481199.8092,,
2025,7,66,West,Strategic,,,245006.4346,,
2025,7,66,Central,Strategic,,,210975.5474,,
2025,7,66,Central,Strategic,,,559522.4532,,
2025,7,66,East,Strategic,,,226264.3558,,
2025,7,66,West,Strategic,,,322412.6007,,
2025,7,66,West,Large,,,516212.7286,,
2025,7,66,East,Strategic,,,649190.1103,,
2025,7,66,West,Strategic,,,421454.591,,
2025,7,66,West,Strategic,,,389245.7639,,
2025,7,66,West,Large,,,205138.6683,,
2025,7,66,East,Large,,,385640.464,,
2025,7,66,East,Strategic,,,360747.42,,
2025,7,66,East,Small & Medium,,,311279.6045,,
2025,7,66,West,Small & Medium,,,679043.4372,,
2025,7,66,West,Strategic,,,376454.3783,,
2025,7,66,West,Large,,,398348.7239,,
2025,7,66,East,Small & Medium,,,324175.7126,,
2025,7,66,East,Strategic,,,466842.6794,,
2025,7,66,East,Small & Medium,,,150195.4437,,
2025,7,66,West,Small & Medium,,,321651.8525,,
2025,7,66,Central,Large,,,297440.4043,,
2025,7,66,West,Large,,,356053.0069,,
2025,7,66,Central,Small & Medium,,,466342.3484,,
2025,7,66,West,Strategic,,,431641.4039,,
2025,7,66,East,Small & Medium,,,547896.5191,,
2025,7,66,Central,Large,,,686550.6378,,
2025,7,66,East,Small & Medium,,,324220.1194,,
2025,7,66,East,Small & Medium,,,497490.8117,,
2025,7,66,East,Small & Medium,,,376347.4585,,
2025,7,66,East,Small & Medium,,,436373.1403,,
2025,7,66,East,Small & Medium,,,511566.4234,,
2025,7,66,West,Small & Medium,,,438097.5651,,
2025,7,66,East,Small & Medium,,,452696.4742,,
2025,7,66,East,Small & Medium,,,558673.3821,,
2025,7,66,East,Small & Medium,,,327461.0046,,
2025,7,66,East,Large,,,600882.1342,,
2025,7,66,East,Strategic,,,432481.7961,,
2025,7,66,East,Strategic,,,291513.1026,,
2025,7,66,East,Strategic,,,343005.5532,,
2025,7,66,East,Small & Medium,,,362453.2903,,
2025,7,66,East,Small & Medium,,,444818.3842,,
2025,7,66,East,Small & Medium,,,279953.9505,,
2025,7,66,East,Small & Medium,,,417274.2398,,
2025,7,66,East,Small & Medium,,,235566.6551,,
2025,7,66,East,Small & Medium,,,329861.4856,,
2025,7,66,East,Small & Medium,,,430158.4033,,
2025,7,66,East,Small & Medium,,,548626.4508,,
2025,7,66,East,Small & Medium,,,252836.2695,,
2025,7,66,East,Small & Medium,,,345452.4089,,
2025,7,66,Central,Small & Medium,,,415067.8615,,
2025,7,66,East,Small & Medium,,,546996.7897,,
2025,7,66,Central,Small & Medium,,,487865.0307,,
2025,7,66,East,Small & Medium,,,563418.0244,,
2025,7,66,Central,Small & Medium,,,264102.9379,,
2025,7,66,East,Large,,,518485.0257,,
2025,7,66,East,Strategic,,,450782.6146,,
2025,7,66,Central,Strategic,,,247709.8704,,
2025,7,66,West,Large,,,423708.9886,,
2025,7,66,East,Large,,,305375.8726,,
2025,7,66,Central,Small & Medium,,,386871.2913,,
2025,7,66,West,Large,,,209414.0305,,
2025,7,66,Central,Small & Medium,,,231851.1706,,
2025,7,66,Central,Small & Medium,,,335658.6053,,
2025,7,66,East,Strategic,,,333457.8007,,
2025,7,66,West,Small & Medium,,,563652.4144,,
2025,7,66,Central,Small & Medium,,,516528.1995,,
2025,7,66,West,Strategic,,,585692.6074,,
2025,7,66,West,Strategic,,,201118.6191,,
2025,7,66,Central,Small & Medium,,,613486.1186,,
2025,7,66,East,Strategic,,,200523.5663,,
2025,7,66,East,Large,,,383577.8194,,
2025,7,66,East,Small & Medium,,,282475.1478,,
2025,7,66,East,Small & Medium,,,477099.2093,,
2025,7,66,Central,Large,,,525133.8656,,
2025,7,66,West,Large,,,499131.7623,,
2025,7,66,West,Large,,,568843.6782,,
2025,7,66,Central,Strategic,,,359522.4495,,
2025,7,66,East,Strategic,,,303830.8948,,
2025,7,66,West,Large,,,441415.5804,,
2025,7,66,Central,Large,,,235828.2229,,
2025,7,66,East,Large,,,308124.718,,
2025,7,66,Central,Large,,,475451.775,,
2025,7,66,East,Large,,,321966.9948,,
2025,7,66,Central,Small & Medium,,,428966.8562,,
2025,7,66,East,Large,,,471912.8054,,
2025,7,66,Central,Small & Medium,,,320983.7766,,
2025,7,66,Central,Small & Medium,,,492483.6393,,
2025,7,66,East,Small & Medium,,,589042.7487,,
2025,7,66,East,Large,,,513848.9682,,
2025,7,66,East,Strategic,,,345862.5476,,
2025,7,66,Central,Strategic,,,394878.65,,
2025,7,66,Central,Large,,,383275.8253,,
2025,7,66,Central,Large,,,378586.818,,
2025,7,66,Central,Large,,,428582.8307,,
2025,7,66,Central,Large,,,429178.3045,,
2025,7,66,West,Strategic,,,353994.79,,
2025,7,66,East,Large,,,247602.8064,,
2025,7,66,Central,Small & Medium,,,384912.3595,,
2025,7,66,Central,Small & Medium,,,424204.3317,,
2025,7,66,East,Small & Medium,,,414409.1009,,
2025,7,66,Central,Strategic,,,387118.7567,,
2025,7,66,Central,Large,,,836457.5034,,
2025,7,66,Central,Small & Medium,,,603014.5584,,
2025,7,66,Central,Small & Medium,,,322006.1555,,
2025,7,66,Central,Strategic,,,467654.4736,,
2025,7,66,Central,Large,,,311909.7701,,
2025,7,66,East,Small & Medium,,,641868.3064,,
2025,7,66,East,Large,,,279178.1155,,
2025,7,66,Central,Strategic,,,389608.143,,
2025,7,66,East,Strategic,,,408474.4788,,
2025,7,66,East,Small & Medium,,,370295.6959,,
2025,7,66,East,Large,,,403152.2262,,
2025,7,66,Central,Strategic,,,504170.0015,,
2025,7,66,East,Large,,,459282.9202,,
2025,7,66,East,Small & Medium,,,330564.696,,
2025,7,66,Central,Strategic,,,287464.4988,,
2025,7,66,West,Large,,,288304.4045,,
2025,7,66,East,Strategic,,,289353.4318,,
2025,7,66,West,Strategic,,,560293.5081,,
2025,7,66,West,Small & Medium,,,488994.6361,,
2025,7,66,West,Large,,,557739.53,,
2025,7,66,East,Small & Medium,,,389288.0278,,
2025,7,66,East,Large,,,397476.4601,,
2025,7,66,Central,Large,,,435526.6765,,
2025,7,66,East,Large,,,456075.5248,,
2025,7,66,East,Strategic,,,393786.0704,,
2025,7,66,East,Strategic,,,537162.9384,,
2025,7,66,East,Large,,,594841.5086,,
2025,7,66,Central,Small & Medium,,,556860.8109,,
2025,7,66,Central,Small & Medium,,,319087.7376,,
2025,7,66,East,Strategic,,,409206.2143,,
2025,7,66,East,Large,,,564583.9572,,
2025,7,66,East,Large,,,539482.7614,,
2025,7,66,East,Strategic,,,653261.6838,,
2025,7,66,Central,Strategic,,,525272.1519,,
2025,7,66,Central,Large,,,264777.1434,,
2025,7,66,West,Large,,,499312.3003,,
2025,7,66,Central,Large,,,761443.1565,,
2025,7,66,East,Small & Medium,,,448505.0208,,
2025,7,66,West,Large,,,559644.2355,,
2025,7,66,West,Strategic,,,183965.3587,,
2025,7,66,Central,Strategic,,,350093.5415,,
2025,7,66,Central,Strategic,,,413060.9731,,
2025,7,66,Central,Strategic,,,495112.2031,,
2025,7,66,Central,Strategic,,,544817.8846,,
2025,7,66,Central,Strategic,,,424360.6835,,
2025,7,66,East,Strategic,,,462023.0491,,
2025,7,66,Central,Small & Medium,,,508548.6776,,
2025,7,66,West,Strategic,,,393411.6315,,
2025,7,66,East,Small & Medium,,,412597.3446,,
2025,7,66,Central,Small & Medium,,,407324.9603,,
2025,7,66,East,Strategic,,,410182.0331,,
2025,7,66,West,Small & Medium,,,598157.7712,,
2025,7,66,Central,Strategic,,,564614.4432,,
2025,7,66,East,Strategic,,,282125.0183,,
2025,7,66,East,Strategic,,,316099.4078,,
2025,7,66,Central,Large,,,318251.7287,,
2025,7,66,East,Strategic,,,592142.9231,,
2025,7,66,East,Small & Medium,,,430882.5105,,
2025,7,66,East,Strategic,,,267004.0486,,
2025,7,66,Central,Strategic,,,564697.0598,,
2025,7,66,East,Strategic,,,259674.1019,,
2025,7,66,West,Large,,,436817.4048,,
2025,7,66,West,Large,,,364581.19,,
2025,7,66,East,Large,,,400568.222,,
2025,7,66,East,Strategic,,,581026.1219,,
2025,7,66,Central,Small & Medium,,,677835.3482,,
2025,7,66,West,Small & Medium,,,356065.1668,,
2025,7,66,Central,Small & Medium,,,395161.9532,,
2025,7,66,Central,Strategic,,,552985.7448,,
2025,7,66,East,Large,,,645251.7386,,
2025,7,66,West,Large,,,316030.5424,,
2025,7,66,West,Strategic,,,497339.9351,,
2025,7,66,West,Strategic,,,567761.4422,,
2025,7,66,West,Large,,,568372.3003,,
2025,7,66,West,Strategic,,,557136.2122,,
2025,7,66,East,Strategic,,,324250.1124,,
2025,7,66,East,Strategic,,,185949.5456,,
2025,7,66,East,Large,,,442624.3752,,
2025,7,66,East,Strategic,,,247851.1638,,
2025,7,66,West,Large,,,499559.4879,,
2025,7,66,East,Strategic,,,182033.1724,,
2025,7,66,East,Strategic,,,379805.9485,,
2025,7,66,East,Strategic,,,522404.7063,,
2025,7,66,East,Strategic,,,303809.7067,,
2025,7,66,East,Strategic,,,440690.1524,,
2025,7,66,West,Large,,,274893.0598,,
2025,7,66,East,Large,,,536729.1243,,
2025,7,66,East,Large,,,532002.8843,,
2025,7,66,East,Strategic,,,353028.6823,,
2025,7,66,East,Large,,,516317.0017,,
2025,7,66,East,Large,,,412387.9723,,
2025,7,66,Central,Small & Medium,,,508250.7456,,
2025,7,66,West,Large,,,457495.4923,,
2025,7,66,Central,Large,,,310110.2089,,
2025,7,66,East,Strategic,,,631710.7307,,
2025,7,66,West,Strategic,,,571359.5693,,
2025,7,66,Central,Strategic,,,579794.1912,,
2025,7,66,Central,Small & Medium,,,446188.5954,,
2025,7,66,Central,Strategic,,,543453.1895,,
2025,7,66,West,Strategic,,,412516.6368,,
2025,7,66,East,Strategic,,,310900.8767,,
2025,7,66,Central,Strategic,,,766981.0441,,
2025,7,66,West,Large,,,276224.455,,
2025,7,66,East,Strategic,,,446377.2416,,
2025,7,66,Central,Large,,,329045.6054,,
2025,7,66,West,Small & Medium,,,356397.2758,,
2025,7,66,Central,Small & Medium,,,588214.3033,,
2025,7,66,Central,Small & Medium,,,573012.7948,,
2025,7,66,East,Large,,,415297.9018,,
2025,7,66,East,Large,,,397988.5921,,
2025,7,66,East,Large,,,413984.1279,,
2025,7,66,East,Strategic,,,293544.1291,,
2025,7,66,West,Large,,,476746.5278,,
2025,7,66,Central,Large,,,432265.1097,,
2025,7,66,East,Strategic,,,298008.9331,,
2025,7,66,West,Large,,,520171.6041,,
2025,7,66,West,Strategic,,,581432.2459,,
2025,7,66,East,Strategic,,,447543.2751,,
2025,7,66,East,Strategic,,,353156.7245,,
2025,7,66,Central,Strategic,,,501316.5251,,
2025,7,66,East,Large,,,400789.6716,,
2025,7,66,East,Large,,,517032.1685,,
2025,7,66,East,Large,,,529886.2065,,
2025,7,66,East,Strategic,,,269898.7214,,
2025,7,66,East,Strategic,,,518544.8575,,
2025,7,66,East,Large,,,609166.7632,,
2025,7,66,East,Strategic,,,353195.9531,,
2025,7,66,East,Small & Medium,,,569658.6497,,
2025,7,66,West,Strategic,,,402329.4481,,
2025,7,66,West,Small & Medium,,,497907.0654,,
2025,7,66,East,Small & Medium,,,481157.4915,,
2025,7,66,East,Strategic,,,395519.806,,
2025,7,66,East,Small & Medium,,,730409.9095,,
2025,7,66,East,Small & Medium,,,333843.8387,,
2025,7,66,East,Small & Medium,,,386597.9894,,
2025,7,66,East,Large,,,261632.4698,,
2025,7,66,Central,Small & Medium,,,630340.1574,,
2025,7,66,Central,Strategic,,,349293.3339,,
2025,7,66,Central,Large,,,581395.9345,,
2025,7,66,West,Large,,,518894.537,,
2025,7,66,Central,Strategic,,,463413.0675,,
2025,7,66,Central,Strategic,,,455483.8804,,
2025,7,66,East,Large,,,355811.7491,,
2025,7,66,Central,Small & Medium,,,227867.9806,,
2025,7,66,West,Large,,,531614.4582,,
2025,7,66,West,Large,,,389168.1274,,
2025,7,66,East,Strategic,,,327145.975,,
2025,7,66,East,Strategic,,,440650.2524,,
2025,7,66,East,Large,,,329069.9596,,
2025,7,66,West,Small & Medium,,,509958.8228,,
2025,7,66,Central,Small & Medium,,,484988.1856,,
2025,7,66,West,Large,,,442177.0458,,
2025,7,66,West,Large,,,333756.9177,,
2025,7,66,West,Small & Medium,,,228755.672,,
2025,7,66,Central,Small & Medium,,,343187.6045,,
2025,7,66,East,Small & Medium,,,419464.4519,,
2025,7,66,West,Strategic,,,497843.6203,,
2025,7,66,West,Small & Medium,,,431322.037,,
2025,7,66,West,Small & Medium,,,392886.8606,,
2025,7,66,East,Large,,,376156.7443,,
2025,7,66,Central,Small & Medium,,,519150.1082,,
2025,7,66,West,Small & Medium,,,351759.9803,,
2025,7,66,East,Small & Medium,,,528280.0191,,
2025,7,66,West,Strategic,,,388135.8633,,
2025,7,66,East,Strategic,,,474958.0863,,
2025,7,66,Central,Large,,,401689.9936,,
2025,7,66,East,Large,,,447755.109,,
2025,7,66,West,Large,,,325140.5905,,
2025,7,66,West,Strategic,,,355872.1284,,
2025,7,66,East,Strategic,,,223811.1795,,
2025,7,66,East,Large,,,344108.4663,,
2025,7,66,Central,Strategic,,,502549.742,,
2025,7,66,Central,Small & Medium,,,298545.7468,,
2025,7,66,Central,Strategic,,,599321.813,,
2025,7,66,West,Small & Medium,,,437647.9027,,
2025,7,66,East,Large,,,582246.2525,,
2025,7,66,East,Strategic,,,172422.2588,,
2025,7,66,Central,Strategic,,,418100.9043,,
2025,7,66,East,Large,,,404223.7247,,
2025,7,66,Central,Large,,,465398.4104,,
2025,7,66,West,Large,,,419942.6002,,
2025,7,66,West,Small & Medium,,,311049.586,,
2025,7,66,East,Strategic,,,185408.8403,,
2025,7,66,Central,Strategic,,,396663.6856,,
2025,7,66,East,Strategic,,,426721.8801,,
2025,7,66,Central,Small & Medium,,,632407.4428,,
2025,7,66,West,Strategic,,,233443.1848,,
2025,7,66,Central,Small & Medium,,,516581.3162,,
2025,7,66,Central,Small & Medium,,,376305.2168,,
2025,7,66,West,Large,,,322255.0938,,
2025,7,66,East,Small & Medium,,,410407.3263,,
2025,7,66,Central,Large,,,445605.8104,,
2025,7,66,West,Strategic,,,550762.1389,,
2025,7,66,East,Strategic,,,429004.3678,,
2025,7,66,Central,Strategic,,,407809.4454,,
2025,7,66,Central,Strategic,,,431747.6997,,
2025,7,66,East,Strategic,,,284061.9207,,
2025,7,66,Central,Large,,,497172.8967,,
2025,7,66,Central,Strategic,,,453301.9078,,
2025,7,66,West,Small & Medium,,,270788.8601,,
2025,7,66,Central,Large,,,630435.5185,,
2025,7,66,East,Strategic,,,528852.668,,
2025,7,66,Central,Large,,,461431.4679,,
2025,7,66,East,Strategic,,,295481.0124,,
2025,7,66,Central,Large,,,446399.5218,,
2025,7,66,Central,Large,,,244795.5713,,
2025,7,66,Central,Strategic,,,521256.8048,,
2025,7,66,Central,Strategic,,,371617.6442,,
2025,7,66,West,Small & Medium,,,532698.7395,,
2025,7,66,Central,Strategic,,,457592.9016,,
2025,7,66,Central,Small & Medium,,,569765.9556,,
2025,7,66,East,Strategic,,,382359.0785,,
2025,7,66,East,Strategic,,,629650.5676,,
2025,7,66,Central,Strategic,,,371394.2949,,
2025,7,66,Central,Large,,,334314.3964,,
2025,7,66,West,Large,,,397499.0615,,
2025,7,66,Central,Large,,,484468.1393,,
2025,7,66,Central,Large,,,484798.1266,,
2025,7,66,Central,Strategic,,,338833.9909,,
2025,7,66,Central,Small & Medium,,,353124.5046,,
2025,7,66,East,Large,,,365247.2322,,
2025,7,66,East,Large,,,440125.3236,,
2025,7,66,Central,Large,,,373578.8833,,
2025,7,66,East,Strategic,,,358446.0599,,
2025,7,66,Central,Strategic,,,328801.2437,,
2025,7,66,Central,Large,,,404488.2524,,
2025,7,66,East,Strategic,,,462559.7377,,
2025,7,66,Central,Strategic,,,506125.5096,,
2025,7,66,Central,Large,,,383871.6821,,
2025,7,66,Central,Small & Medium,,,219629.228,,
2025,7,66,Central,Large,,,352160.9549,,
2025,7,66,Central,Large,,,320384.0567,,
2025,7,66,Central,Large,,,409521.21,,
2025,7,66,Central,Small & Medium,,,249484.8413,,
2025,7,66,West,Large,,,245289.1503,,
2025,7,66,Central,Large,,,403142.508,,
2025,7,66,Central,Strategic,,,469401.0626,,
2025,7,66,Central,Strategic,,,437327.339,,
2025,7,66,East,Strategic,,,366190.0245,,
2025,7,66,East,Small & Medium,,,444044.6057,,
2025,7,66,Central,Strategic,,,259501.8377,,
2025,7,66,Central,Strategic,,,371460.9312,,
2025,7,66,East,Small & Medium,,,296377.6389,,
2025,7,66,Central,Small & Medium,,,200633.2831,,
2025,7,66,East,Large,,,335321.4998,,
2025,7,66,East,Small & Medium,,,418275.5109,,
2025,7,66,East,Small & Medium,,,421313.6386,,